annual_income,credit_score,employment_length,loan_amount,loan_term,interest_rate,home_ownership,purpose,previous_defaults,open_credit_lines,debt_to_income,default
61300.0,678,5.0,17300.0,36,15.76,MORTGAGE,other,0,14,41.8,0
46100.0,647,15.0,17600.0,36,14.55,RENT,debt_consolidation,1,4,50.5,1
65600.0,669,3.0,5000.0,36,13.0,OWN,debt_consolidation,0,8,13.1,0
97300.0,726,1.0,12800.0,36,11.59,MORTGAGE,credit_card,0,8,29.2,0
44100.0,763,7.0,7800.0,36,12.99,MORTGAGE,small_business,0,8,30.2,0
44100.0,717,5.0,5400.0,36,13.03,MORTGAGE,debt_consolidation,0,5,26.4,0
99800.0,687,15.0,8900.0,36,10.52,RENT,debt_consolidation,0,8,12.8,0
69200.0,777,1.0,7000.0,60,11.14,OWN,other,0,7,20.7,0
39700.0,660,10.0,17300.0,60,20.2,RENT,medical,0,2,56.4,0
62600.0,747,3.0,14100.0,36,13.09,MORTGAGE,debt_consolidation,1,10,23.5,0
39800.0,661,7.0,6100.0,36,15.16,MORTGAGE,credit_card,0,12,17.4,0
39800.0,708,0.0,7600.0,36,15.98,OWN,credit_card,2,9,30.0,0
54700.0,673,7.0,9000.0,36,15.6,RENT,medical,1,4,28.2,0
20700.0,676,7.0,10500.0,36,16.35,MORTGAGE,home_improvement,0,9,61.0,0
22600.0,655,3.0,18100.0,60,17.64,MORTGAGE,major_purchase,1,12,65.0,0
38100.0,767,2.0,15500.0,60,15.97,RENT,other,1,9,41.1,0
31100.0,632,5.0,11200.0,60,22.04,RENT,credit_card,2,7,58.3,1
56500.0,632,10.0,9600.0,36,15.26,RENT,debt_consolidation,0,7,26.4,0
32600.0,818,3.0,4500.0,36,12.09,RENT,credit_card,1,6,20.0,0
26000.0,744,2.0,20900.0,36,16.43,RENT,medical,0,6,65.0,0
94800.0,525,2.0,8700.0,36,15.23,MORTGAGE,home_improvement,0,16,3.7,0
44300.0,643,20.0,23800.0,36,16.03,MORTGAGE,medical,0,14,61.1,0
50500.0,562,3.0,12100.0,36,19.1,OWN,medical,1,11,38.0,1
25800.0,618,0.0,30100.0,60,22.17,MORTGAGE,credit_card,0,18,65.0,1
38400.0,476,10.0,14800.0,60,22.83,RENT,credit_card,0,7,49.4,1
51500.0,671,7.0,5300.0,36,13.94,OWN,home_improvement,0,8,23.1,0
29200.0,606,1.0,8000.0,60,16.39,MORTGAGE,debt_consolidation,0,6,26.3,0
58100.0,684,20.0,10100.0,36,12.3,MORTGAGE,credit_card,0,12,23.1,0
37400.0,574,7.0,7100.0,36,17.09,RENT,debt_consolidation,0,10,34.5,0
43000.0,685,5.0,9100.0,36,14.31,OWN,medical,0,8,23.7,0
37400.0,653,,5500.0,36,13.72,RENT,other,0,13,16.8,0
112800.0,778,15.0,11000.0,36,9.23,RENT,debt_consolidation,0,9,24.9,0
48700.0,772,2.0,12300.0,36,12.78,MORTGAGE,home_improvement,0,5,37.0,0
30500.0,731,3.0,6600.0,60,15.89,MORTGAGE,home_improvement,1,7,37.3,0
71000.0,659,1.0,28900.0,36,15.84,RENT,major_purchase,0,13,57.6,0
28300.0,809,10.0,11300.0,60,16.32,MORTGAGE,small_business,0,11,44.7,0
53900.0,579,7.0,7300.0,36,18.06,MORTGAGE,debt_consolidation,0,7,20.4,1
20300.0,589,7.0,4800.0,36,13.95,MORTGAGE,debt_consolidation,0,7,26.9,0
27000.0,675,2.0,11300.0,36,18.36,RENT,debt_consolidation,0,8,44.4,0
53600.0,827,7.0,9600.0,36,10.85,RENT,other,0,7,33.0,0
68300.0,667,10.0,16200.0,36,15.76,MORTGAGE,credit_card,0,14,30.7,0
53000.0,668,3.0,10200.0,36,14.61,MORTGAGE,other,0,9,31.1,0
46500.0,586,10.0,6000.0,60,19.11,RENT,credit_card,1,13,27.5,0
42800.0,741,,25200.0,36,14.84,MORTGAGE,credit_card,0,9,61.9,0
25200.0,742,10.0,13600.0,36,16.8,RENT,major_purchase,1,5,65.0,0
35500.0,731,0.0,9600.0,36,11.05,RENT,major_purchase,0,9,24.8,0
39800.0,639,5.0,11900.0,60,15.8,OWN,debt_consolidation,0,5,38.9,0
78900.0,634,20.0,13900.0,36,15.2,RENT,debt_consolidation,0,13,24.5,0
57200.0,596,20.0,5400.0,36,15.09,MORTGAGE,debt_consolidation,1,4,10.2,0
22200.0,685,3.0,11800.0,36,16.43,RENT,major_purchase,0,7,61.0,0
56700.0,610,4.0,8700.0,36,16.74,RENT,major_purchase,0,8,37.7,1
41200.0,603,0.0,14100.0,60,20.23,OWN,debt_consolidation,0,7,47.3,1
36100.0,652,15.0,7600.0,36,13.94,MORTGAGE,debt_consolidation,0,14,25.9,0
64600.0,648,5.0,8100.0,60,14.51,MORTGAGE,credit_card,0,11,17.4,1
78000.0,645,4.0,25100.0,36,15.15,MORTGAGE,credit_card,0,14,40.1,0
74500.0,710,1.0,20200.0,36,14.55,RENT,credit_card,1,12,41.8,0
33600.0,685,20.0,2100.0,60,14.42,MORTGAGE,other,0,9,9.3,0
42700.0,661,5.0,19500.0,36,15.39,RENT,major_purchase,0,10,50.9,0
56900.0,692,3.0,10500.0,60,17.35,MORTGAGE,debt_consolidation,0,11,25.1,0
76000.0,616,3.0,7700.0,36,12.69,MORTGAGE,debt_consolidation,0,7,8.8,0
39500.0,687,2.0,6600.0,36,14.32,RENT,debt_consolidation,1,10,29.9,0
45100.0,690,7.0,6800.0,36,12.02,OWN,debt_consolidation,1,5,28.0,0
29800.0,582,15.0,7800.0,60,17.28,MORTGAGE,major_purchase,0,4,30.7,1
28600.0,745,15.0,6200.0,60,13.73,MORTGAGE,credit_card,0,6,26.4,0
70700.0,623,4.0,5600.0,36,14.13,RENT,credit_card,0,7,10.3,0
90200.0,686,10.0,6500.0,36,12.01,OWN,credit_card,0,8,16.8,0
47500.0,756,4.0,12900.0,36,13.09,OWN,debt_consolidation,0,14,30.1,0
77000.0,740,2.0,11200.0,36,11.33,MORTGAGE,debt_consolidation,0,8,25.6,0
57700.0,682,20.0,14400.0,36,14.24,MORTGAGE,major_purchase,1,9,41.7,0
36700.0,656,3.0,10600.0,36,15.98,RENT,medical,0,9,38.8,0
57700.0,742,3.0,5700.0,60,14.42,RENT,debt_consolidation,1,18,18.7,0
97900.0,724,20.0,14000.0,60,12.98,MORTGAGE,home_improvement,0,8,20.6,0
48200.0,640,1.0,6600.0,60,15.29,RENT,home_improvement,0,10,17.1,0
99100.0,628,10.0,15100.0,60,17.27,OWN,small_business,0,10,24.7,0
15100.0,545,15.0,6100.0,36,21.36,RENT,small_business,0,8,44.9,1
71000.0,690,5.0,7800.0,60,14.33,MORTGAGE,medical,0,11,27.1,0
51000.0,675,0.0,9100.0,36,15.81,RENT,debt_consolidation,0,6,17.8,0
42800.0,754,3.0,15300.0,60,16.41,RENT,credit_card,0,10,41.1,0
51100.0,703,1.0,11900.0,36,12.47,MORTGAGE,major_purchase,0,9,27.6,0
20000.0,767,4.0,11000.0,36,15.21,MORTGAGE,medical,1,10,65.0,0
44400.0,635,10.0,28100.0,60,23.43,MORTGAGE,debt_consolidation,0,14,65.0,1
57600.0,754,4.0,4400.0,60,12.09,RENT,home_improvement,1,9,22.4,0
95300.0,646,4.0,6500.0,60,14.49,RENT,debt_consolidation,0,17,16.1,0
38800.0,731,5.0,6400.0,60,12.91,OWN,medical,0,8,26.8,0
34100.0,585,5.0,4500.0,36,13.15,MORTGAGE,small_business,1,8,14.0,0
39100.0,695,15.0,7600.0,60,17.8,MORTGAGE,debt_consolidation,1,8,26.4,0
74000.0,551,3.0,15400.0,60,21.91,RENT,home_improvement,1,10,36.7,1
56800.0,663,10.0,8100.0,60,16.95,MORTGAGE,credit_card,1,13,18.8,1
38600.0,709,5.0,9300.0,36,14.4,RENT,debt_consolidation,0,12,26.7,0
61800.0,646,3.0,4600.0,36,14.56,RENT,medical,0,9,19.2,0
51200.0,612,3.0,7300.0,36,16.22,RENT,debt_consolidation,0,6,15.7,0
75800.0,735,3.0,8700.0,36,15.02,RENT,credit_card,1,6,13.1,0
35700.0,673,7.0,15100.0,60,18.67,MORTGAGE,home_improvement,1,9,49.1,0
42300.0,648,2.0,4700.0,36,21.2,RENT,major_purchase,1,8,33.9,0
41100.0,683,15.0,8700.0,36,13.23,MORTGAGE,debt_consolidation,0,10,21.5,0
25400.0,850,5.0,18800.0,60,11.77,MORTGAGE,home_improvement,0,7,65.0,0
56000.0,755,15.0,8800.0,36,14.07,OWN,debt_consolidation,1,8,36.3,0
55100.0,756,0.0,3800.0,36,13.18,RENT,major_purchase,0,7,17.1,0
49100.0,708,3.0,20700.0,36,16.05,RENT,debt_consolidation,0,8,52.2,1
44100.0,691,0.0,15800.0,36,18.19,MORTGAGE,small_business,3,12,42.7,0
25900.0,524,2.0,16900.0,36,22.22,RENT,home_improvement,0,5,64.0,1
40600.0,636,15.0,4600.0,60,16.12,RENT,debt_consolidation,0,11,20.3,0
42000.0,649,0.0,23300.0,36,17.45,MORTGAGE,debt_consolidation,1,17,58.2,1
34200.0,558,4.0,7400.0,36,21.95,MORTGAGE,debt_consolidation,1,9,37.6,1
45600.0,605,1.0,8500.0,36,16.83,MORTGAGE,medical,0,8,19.9,0
58800.0,551,4.0,7700.0,36,18.85,OWN,credit_card,0,9,25.4,1
114600.0,678,10.0,17600.0,36,15.82,MORTGAGE,other,1,15,24.1,0
53000.0,733,7.0,10000.0,36,17.33,RENT,debt_consolidation,1,14,26.5,0
55000.0,752,10.0,13900.0,60,14.5,MORTGAGE,debt_consolidation,0,6,24.3,0
47400.0,707,3.0,11400.0,36,13.94,MORTGAGE,other,1,7,48.6,0
20700.0,617,20.0,10400.0,36,17.85,MORTGAGE,small_business,0,5,53.3,0
48400.0,554,7.0,6800.0,36,17.9,OWN,major_purchase,0,9,27.1,0
50400.0,566,4.0,27100.0,36,23.98,MORTGAGE,other,3,10,63.7,1
148500.0,598,4.0,5300.0,36,16.46,MORTGAGE,other,0,10,20.5,0
45000.0,622,15.0,13400.0,36,15.82,RENT,debt_consolidation,0,3,42.8,1
56100.0,670,5.0,13200.0,60,16.47,OWN,debt_consolidation,0,7,31.2,0
48300.0,614,7.0,19500.0,36,16.55,MORTGAGE,debt_consolidation,0,15,44.4,0
29000.0,702,4.0,21900.0,36,17.68,RENT,major_purchase,2,9,65.0,1
82000.0,665,2.0,10200.0,60,17.07,RENT,credit_card,0,7,16.3,0
68800.0,681,10.0,14300.0,36,12.09,RENT,home_improvement,0,11,31.0,0
70000.0,754,7.0,26400.0,36,11.02,RENT,medical,0,6,48.1,0
32600.0,603,5.0,10600.0,36,16.08,MORTGAGE,small_business,0,6,46.5,0
92200.0,707,7.0,6400.0,60,13.19,RENT,debt_consolidation,0,10,14.9,0
26100.0,679,2.0,9000.0,60,18.43,OWN,credit_card,0,12,33.9,0
63800.0,658,10.0,5700.0,36,12.91,MORTGAGE,debt_consolidation,0,11,3.1,0
131400.0,738,20.0,13200.0,36,15.97,RENT,credit_card,3,7,20.2,0
31400.0,737,15.0,18600.0,36,14.35,RENT,debt_consolidation,0,16,65.0,0
38000.0,618,3.0,10300.0,36,17.49,RENT,debt_consolidation,0,10,40.0,0
51300.0,668,4.0,4900.0,36,17.2,RENT,major_purchase,1,12,25.8,0
39100.0,698,10.0,18200.0,36,13.23,RENT,other,0,9,47.1,0
24400.0,662,7.0,4500.0,60,16.51,MORTGAGE,other,0,7,29.0,0
50600.0,718,5.0,5000.0,36,12.17,OWN,debt_consolidation,0,9,11.9,0
30400.0,698,15.0,10000.0,36,15.81,OWN,major_purchase,0,11,40.1,0
60700.0,799,5.0,12400.0,60,8.99,MORTGAGE,home_improvement,0,10,21.2,0
32400.0,581,5.0,13500.0,60,19.0,MORTGAGE,major_purchase,0,14,51.4,0
98500.0,672,0.0,10600.0,36,13.86,MORTGAGE,medical,1,10,17.1,0
34500.0,621,0.0,26400.0,60,21.05,MORTGAGE,other,0,12,65.0,1
42400.0,719,0.0,11300.0,36,15.04,RENT,debt_consolidation,0,7,37.9,0
70700.0,575,15.0,18300.0,36,15.14,MORTGAGE,major_purchase,0,10,32.2,0
28200.0,703,4.0,16200.0,36,12.96,OWN,small_business,0,16,55.5,0
54300.0,639,4.0,5700.0,36,17.71,RENT,debt_consolidation,1,6,19.4,0
88300.0,632,10.0,10000.0,36,15.05,RENT,credit_card,1,9,22.7,0
23800.0,586,7.0,31600.0,36,22.03,RENT,debt_consolidation,0,8,65.0,1
53300.0,650,7.0,8500.0,36,16.74,RENT,other,1,9,27.8,0
55100.0,750,3.0,7800.0,36,12.99,RENT,medical,1,5,28.6,0
69700.0,678,10.0,11900.0,36,14.61,RENT,home_improvement,0,9,20.4,0
28100.0,721,1.0,8700.0,36,15.67,OWN,credit_card,0,12,42.1,0
27100.0,788,0.0,7400.0,36,12.99,OWN,debt_consolidation,1,5,43.3,0
62000.0,697,2.0,8600.0,36,13.77,OWN,major_purchase,1,11,27.6,0
56000.0,644,2.0,22400.0,36,18.58,RENT,debt_consolidation,1,8,58.1,1
54900.0,710,3.0,10200.0,60,15.91,RENT,credit_card,0,10,21.9,0
57300.0,645,7.0,5600.0,60,14.31,RENT,medical,0,7,8.6,0
36100.0,647,2.0,5100.0,36,15.83,OWN,home_improvement,1,13,31.3,0
54400.0,581,7.0,33000.0,36,18.72,RENT,home_improvement,0,7,65.0,1
55900.0,740,1.0,9800.0,36,10.67,MORTGAGE,debt_consolidation,0,13,25.6,0
35500.0,655,1.0,13600.0,36,18.67,RENT,debt_consolidation,1,11,57.8,1
113500.0,692,5.0,7400.0,36,11.01,RENT,home_improvement,0,9,6.8,0
60700.0,613,,12800.0,36,17.46,RENT,debt_consolidation,0,9,23.6,0
28700.0,708,15.0,22700.0,36,18.3,MORTGAGE,debt_consolidation,0,11,65.0,1
65900.0,630,20.0,7900.0,36,11.75,RENT,credit_card,0,7,16.7,0
31600.0,671,7.0,13800.0,36,18.65,RENT,credit_card,2,7,52.3,1
69900.0,737,7.0,5400.0,36,14.72,RENT,credit_card,1,9,20.5,0
82600.0,731,7.0,30100.0,60,16.7,MORTGAGE,credit_card,0,13,49.0,0
33900.0,679,7.0,12500.0,36,17.11,MORTGAGE,credit_card,0,8,42.7,0
75600.0,565,1.0,8900.0,36,15.29,OWN,debt_consolidation,0,8,20.2,0
59000.0,850,5.0,9400.0,36,6.65,MORTGAGE,debt_consolidation,0,7,25.5,0
71000.0,793,4.0,8500.0,36,10.53,RENT,major_purchase,0,11,23.0,0
115100.0,727,4.0,8700.0,36,13.74,MORTGAGE,credit_card,1,11,21.3,0
43900.0,631,5.0,3200.0,36,17.37,MORTGAGE,credit_card,1,8,20.4,0
34900.0,673,1.0,10400.0,36,15.47,MORTGAGE,credit_card,1,9,34.7,0
32900.0,645,3.0,10200.0,60,21.19,OWN,debt_consolidation,1,9,,0
34000.0,762,0.0,14000.0,36,13.77,MORTGAGE,debt_consolidation,0,17,42.6,0
47300.0,697,20.0,8400.0,36,13.0,RENT,credit_card,0,9,31.7,0
57200.0,629,1.0,7400.0,60,16.79,RENT,credit_card,2,8,24.5,1
55500.0,649,2.0,10900.0,36,16.12,OWN,credit_card,0,8,28.3,0
71100.0,753,15.0,4900.0,36,10.82,RENT,debt_consolidation,0,10,14.2,0
49300.0,784,5.0,11800.0,36,13.78,MORTGAGE,debt_consolidation,1,9,31.7,0
94300.0,779,1.0,4300.0,36,10.92,OWN,credit_card,0,8,11.5,0
43500.0,729,4.0,19200.0,36,16.33,MORTGAGE,credit_card,2,6,51.0,0
166700.0,664,1.0,15400.0,36,11.42,MORTGAGE,medical,0,5,13.9,0
65000.0,469,2.0,6900.0,36,19.27,MORTGAGE,debt_consolidation,0,9,17.7,1
33300.0,699,0.0,15200.0,36,15.96,RENT,other,0,11,56.7,0
30300.0,680,4.0,11600.0,36,16.19,MORTGAGE,other,1,9,44.0,0
60900.0,689,10.0,6600.0,60,17.92,RENT,credit_card,2,3,,0
44300.0,684,5.0,4000.0,60,12.24,RENT,small_business,0,14,7.9,0
67600.0,594,7.0,12800.0,36,21.26,MORTGAGE,other,1,13,36.6,1
60700.0,716,2.0,7400.0,60,14.34,MORTGAGE,debt_consolidation,0,9,13.8,0
47400.0,721,3.0,18900.0,36,12.69,MORTGAGE,debt_consolidation,0,7,39.5,0
33500.0,724,10.0,11000.0,60,15.68,OWN,debt_consolidation,0,6,37.1,0
24800.0,742,1.0,7700.0,36,12.41,RENT,credit_card,0,4,42.7,0
40100.0,719,15.0,26900.0,60,17.32,MORTGAGE,debt_consolidation,0,9,64.3,1
72100.0,653,5.0,14600.0,60,17.89,RENT,other,1,11,27.8,1
54000.0,675,10.0,1800.0,36,14.41,MORTGAGE,credit_card,0,8,12.6,0
28000.0,686,3.0,8600.0,36,12.7,MORTGAGE,other,0,13,36.3,0
53000.0,687,3.0,5500.0,60,13.25,RENT,debt_consolidation,0,6,16.4,0
58300.0,745,10.0,7300.0,36,12.26,MORTGAGE,small_business,0,2,23.4,0
32900.0,722,10.0,10200.0,36,13.3,MORTGAGE,home_improvement,0,12,44.3,0
52500.0,815,2.0,13100.0,36,10.8,MORTGAGE,credit_card,0,6,31.2,0
50300.0,823,20.0,12500.0,36,7.32,MORTGAGE,medical,0,5,34.9,0
29300.0,685,1.0,18700.0,36,16.47,MORTGAGE,credit_card,1,11,65.0,1
57600.0,431,0.0,15000.0,36,22.13,RENT,debt_consolidation,0,11,26.8,0
63100.0,760,7.0,14600.0,36,14.28,MORTGAGE,other,1,15,33.5,0
79800.0,645,10.0,12100.0,60,14.27,MORTGAGE,credit_card,0,10,13.1,0
78800.0,628,20.0,20800.0,36,15.68,MORTGAGE,debt_consolidation,0,14,42.8,0
26400.0,654,4.0,9300.0,36,20.76,RENT,credit_card,1,12,51.9,1
32100.0,651,0.0,9500.0,36,17.22,RENT,home_improvement,0,12,34.5,0
61800.0,720,7.0,4200.0,60,15.45,RENT,credit_card,2,5,22.5,0
61800.0,579,3.0,18500.0,36,17.05,RENT,home_improvement,0,7,22.0,0
61800.0,610,4.0,10500.0,60,16.26,RENT,home_improvement,0,5,35.0,0
277500.0,702,5.0,40000.0,36,11.28,MORTGAGE,debt_consolidation,0,11,18.3,0
63400.0,720,0.0,8900.0,36,11.78,OWN,debt_consolidation,0,8,25.9,0
81700.0,722,5.0,11400.0,36,10.99,MORTGAGE,small_business,0,10,15.1,0
75300.0,629,4.0,14400.0,36,18.24,MORTGAGE,home_improvement,1,9,39.7,1
65700.0,616,7.0,6300.0,60,15.38,RENT,debt_consolidation,0,9,18.2,0
42500.0,647,7.0,13100.0,36,13.31,MORTGAGE,debt_consolidation,0,4,25.3,0
69000.0,696,2.0,11100.0,36,14.93,OWN,other,2,8,32.3,0
34600.0,777,2.0,9400.0,60,12.01,MORTGAGE,medical,0,6,35.4,0
44100.0,547,2.0,19700.0,36,20.79,RENT,home_improvement,0,8,46.6,1
39400.0,666,1.0,7000.0,36,15.15,MORTGAGE,debt_consolidation,2,10,35.6,0
50900.0,593,7.0,12500.0,60,17.13,RENT,home_improvement,1,14,33.7,0
138900.0,573,20.0,22600.0,36,21.55,RENT,debt_consolidation,2,8,34.8,1
21200.0,743,7.0,7700.0,60,13.23,MORTGAGE,home_improvement,0,7,40.5,0
66800.0,715,7.0,9400.0,60,15.47,OWN,small_business,0,9,20.2,0
23700.0,709,4.0,35300.0,36,16.62,MORTGAGE,credit_card,0,8,65.0,1
39600.0,740,3.0,13900.0,36,16.14,RENT,debt_consolidation,1,15,48.4,0
80000.0,649,15.0,8500.0,36,14.92,MORTGAGE,home_improvement,2,5,23.4,0
50500.0,652,20.0,16300.0,36,17.75,MORTGAGE,major_purchase,0,10,44.9,0
30200.0,822,5.0,8200.0,60,11.18,RENT,home_improvement,0,8,25.0,0
35500.0,664,3.0,5000.0,36,14.21,MORTGAGE,small_business,0,6,33.0,0
66600.0,728,10.0,21700.0,36,14.8,RENT,debt_consolidation,0,12,46.1,0
35300.0,680,1.0,6300.0,36,14.2,MORTGAGE,small_business,0,10,30.9,0
54000.0,560,10.0,37300.0,36,19.06,RENT,home_improvement,0,7,65.0,1
50000.0,547,10.0,8600.0,36,18.8,MORTGAGE,debt_consolidation,0,4,20.8,0
36600.0,642,1.0,31800.0,60,19.12,RENT,small_business,1,6,65.0,0
128600.0,749,20.0,5500.0,36,8.05,RENT,home_improvement,0,7,,0
65200.0,731,20.0,18300.0,60,15.07,RENT,home_improvement,0,11,33.4,0
19700.0,739,15.0,14000.0,36,16.28,MORTGAGE,debt_consolidation,0,9,65.0,0
53300.0,616,5.0,16600.0,36,16.6,MORTGAGE,debt_consolidation,0,10,38.0,0
36400.0,785,2.0,17700.0,36,12.08,RENT,other,0,6,51.2,0
71900.0,617,5.0,8500.0,60,14.57,RENT,credit_card,0,9,23.3,0
34300.0,694,4.0,5700.0,36,16.6,MORTGAGE,debt_consolidation,2,9,28.6,0
46600.0,679,2.0,10700.0,60,15.37,MORTGAGE,medical,0,6,33.3,0
61500.0,669,4.0,12200.0,60,16.69,MORTGAGE,debt_consolidation,1,8,31.9,0
72400.0,767,7.0,8600.0,60,10.25,MORTGAGE,credit_card,0,10,9.3,0
28600.0,634,0.0,12600.0,36,16.63,MORTGAGE,debt_consolidation,1,8,61.9,0
42200.0,592,3.0,12900.0,36,17.17,RENT,other,0,9,51.1,0
39600.0,681,0.0,6900.0,36,12.64,MORTGAGE,credit_card,0,11,20.7,0
36500.0,654,10.0,13300.0,36,15.97,MORTGAGE,small_business,0,9,44.1,1
108500.0,850,7.0,9600.0,60,13.66,RENT,home_improvement,1,6,28.7,0
58800.0,724,0.0,7700.0,60,12.89,MORTGAGE,debt_consolidation,0,13,24.1,0
27800.0,653,,16200.0,60,17.49,MORTGAGE,credit_card,0,8,55.4,1
74100.0,611,0.0,7400.0,36,14.58,MORTGAGE,credit_card,1,13,19.3,0
127400.0,558,5.0,8700.0,36,15.77,MORTGAGE,other,0,11,12.4,0
78000.0,613,10.0,11300.0,36,15.19,RENT,major_purchase,1,11,20.5,0
24700.0,687,10.0,21700.0,36,15.27,RENT,medical,0,8,65.0,0
39400.0,773,0.0,12000.0,60,15.34,RENT,debt_consolidation,1,5,45.5,0
86700.0,753,15.0,14200.0,60,13.51,OWN,debt_consolidation,0,9,19.0,0
35700.0,695,15.0,9400.0,36,17.11,OWN,credit_card,1,10,43.6,1
59900.0,659,5.0,10500.0,36,13.77,RENT,home_improvement,0,11,31.8,0
69500.0,697,5.0,10700.0,36,13.66,RENT,small_business,1,15,24.3,0
32300.0,646,0.0,12700.0,36,18.5,RENT,major_purchase,0,11,41.8,0
47700.0,792,5.0,9400.0,36,11.63,RENT,medical,0,11,35.5,0
15000.0,668,4.0,21400.0,36,17.22,RENT,debt_consolidation,0,13,,1
30900.0,674,10.0,9100.0,36,16.37,RENT,major_purchase,0,8,43.6,0
43800.0,536,4.0,4700.0,60,20.3,MORTGAGE,home_improvement,0,8,22.9,1
28000.0,667,7.0,40000.0,36,17.47,MORTGAGE,credit_card,0,14,65.0,1
102200.0,734,1.0,9300.0,60,9.18,RENT,home_improvement,0,9,1.6,0
25800.0,611,,21100.0,36,16.82,MORTGAGE,medical,0,17,65.0,1
40200.0,631,1.0,22100.0,60,19.56,MORTGAGE,credit_card,0,9,57.6,1
52000.0,732,0.0,17500.0,60,17.38,RENT,debt_consolidation,1,7,45.5,0
93800.0,584,5.0,9900.0,36,15.88,MORTGAGE,credit_card,1,12,23.3,1
25700.0,749,10.0,12600.0,36,15.67,RENT,other,0,11,65.0,0
82700.0,645,7.0,5800.0,36,10.36,RENT,major_purchase,0,15,8.0,0
49200.0,655,5.0,29600.0,36,15.4,RENT,debt_consolidation,0,9,64.0,1
31500.0,607,7.0,7100.0,36,15.4,OWN,small_business,1,10,26.6,0
60400.0,705,3.0,9600.0,36,15.96,MORTGAGE,debt_consolidation,0,10,27.0,0
53600.0,840,3.0,11500.0,60,17.18,RENT,debt_consolidation,3,9,48.8,0
37400.0,731,3.0,10400.0,36,13.87,MORTGAGE,credit_card,0,6,36.2,0
50600.0,624,7.0,7900.0,36,15.02,RENT,credit_card,0,12,21.4,0
41200.0,754,1.0,22000.0,36,15.9,OWN,debt_consolidation,1,5,65.0,0
51600.0,659,0.0,17600.0,60,16.99,MORTGAGE,major_purchase,0,10,46.5,1
66000.0,769,7.0,12800.0,36,8.62,MORTGAGE,medical,0,5,12.9,0
100100.0,732,20.0,9000.0,36,12.27,MORTGAGE,credit_card,0,11,22.1,0
28100.0,489,7.0,18600.0,60,21.41,MORTGAGE,debt_consolidation,0,12,65.0,1
128000.0,615,10.0,8700.0,36,15.16,OWN,debt_consolidation,1,5,10.6,0
20400.0,741,7.0,24000.0,36,16.0,MORTGAGE,debt_consolidation,0,4,65.0,0
45800.0,690,5.0,11600.0,36,13.65,RENT,debt_consolidation,0,7,27.6,0
63900.0,613,7.0,20200.0,36,18.17,RENT,medical,0,10,33.6,0
55600.0,639,10.0,10300.0,36,11.25,RENT,credit_card,0,14,18.7,0
37000.0,556,2.0,11300.0,60,17.19,RENT,debt_consolidation,0,12,31.9,0
44600.0,674,3.0,20200.0,36,16.11,RENT,debt_consolidation,0,13,48.6,0
39300.0,824,2.0,32800.0,36,12.6,RENT,other,0,9,65.0,0
37600.0,732,4.0,23900.0,36,15.03,RENT,credit_card,0,9,65.0,1
71800.0,822,15.0,17000.0,36,12.66,MORTGAGE,credit_card,0,9,30.1,0
57600.0,737,3.0,14700.0,36,11.24,MORTGAGE,credit_card,0,8,30.3,0
35900.0,747,3.0,8500.0,60,13.53,RENT,debt_consolidation,0,9,32.1,0
73500.0,808,15.0,12700.0,60,11.12,RENT,other,0,11,30.5,0
56300.0,705,5.0,6900.0,36,11.0,RENT,debt_consolidation,0,12,17.2,0
70700.0,668,5.0,13200.0,36,16.06,OWN,small_business,1,10,30.0,1
65100.0,747,15.0,13600.0,36,13.05,MORTGAGE,debt_consolidation,0,5,26.1,0
33800.0,774,5.0,4100.0,60,11.92,OWN,credit_card,0,4,26.4,0
38100.0,649,7.0,11200.0,36,13.25,OWN,medical,0,10,30.0,0
68600.0,633,1.0,13500.0,36,15.25,OWN,major_purchase,0,14,40.3,0
64500.0,689,1.0,10500.0,60,12.96,RENT,debt_consolidation,0,6,17.6,0
48600.0,734,4.0,13100.0,36,14.26,MORTGAGE,credit_card,0,12,44.8,0
51700.0,732,5.0,5600.0,36,10.88,OWN,debt_consolidation,0,12,15.1,0
87100.0,587,20.0,7400.0,36,15.11,RENT,other,0,4,13.3,0
37600.0,804,20.0,18400.0,36,12.78,MORTGAGE,small_business,1,13,54.3,0
62700.0,638,15.0,10900.0,60,14.88,RENT,credit_card,0,9,20.8,0
44800.0,663,3.0,13000.0,36,12.17,RENT,debt_consolidation,0,4,30.7,0
44400.0,621,20.0,8300.0,36,15.41,OWN,debt_consolidation,0,9,29.0,0
80400.0,850,7.0,11000.0,36,9.63,MORTGAGE,major_purchase,0,8,14.9,0
71100.0,696,4.0,3500.0,60,9.76,MORTGAGE,credit_card,0,10,0.0,0
70700.0,625,7.0,16700.0,60,14.29,MORTGAGE,debt_consolidation,0,13,25.2,0
88200.0,736,0.0,27000.0,36,13.61,MORTGAGE,other,0,9,40.3,0
49500.0,730,1.0,6400.0,36,12.18,MORTGAGE,debt_consolidation,1,7,30.1,0
66600.0,668,10.0,6800.0,36,15.52,OWN,debt_consolidation,0,4,30.0,0
42600.0,735,7.0,13600.0,36,11.32,OWN,debt_consolidation,0,9,42.9,0
56700.0,626,3.0,22900.0,36,20.71,MORTGAGE,debt_consolidation,1,13,60.5,0
46200.0,648,5.0,10900.0,36,16.43,MORTGAGE,home_improvement,0,8,38.9,0
51200.0,549,15.0,5900.0,60,18.87,RENT,home_improvement,0,7,11.0,0
64100.0,594,7.0,9900.0,36,18.53,RENT,debt_consolidation,0,6,28.5,0
33900.0,797,4.0,6500.0,36,11.71,RENT,debt_consolidation,0,11,27.7,0
125700.0,787,1.0,7800.0,60,14.0,RENT,debt_consolidation,0,11,25.4,0
31200.0,684,3.0,9400.0,36,13.07,RENT,debt_consolidation,0,9,34.1,0
28400.0,788,20.0,6900.0,36,11.34,RENT,debt_consolidation,0,5,39.1,0
82500.0,670,4.0,7400.0,36,12.89,RENT,debt_consolidation,0,9,26.9,0
70000.0,664,5.0,11400.0,36,18.03,MORTGAGE,debt_consolidation,2,9,31.3,0
64900.0,684,5.0,12200.0,60,17.87,RENT,major_purchase,1,8,37.6,0
65000.0,672,15.0,5400.0,36,13.84,MORTGAGE,debt_consolidation,0,10,10.5,0
48800.0,666,7.0,13300.0,36,15.77,RENT,home_improvement,0,9,37.0,0
32700.0,754,7.0,9000.0,60,14.63,MORTGAGE,debt_consolidation,0,9,45.0,0
50700.0,690,4.0,15700.0,36,16.28,OWN,home_improvement,1,10,48.7,1
36100.0,726,0.0,16200.0,36,17.04,RENT,major_purchase,0,6,52.3,0
76000.0,747,15.0,8300.0,36,8.85,OWN,home_improvement,0,6,7.8,0
45900.0,705,20.0,14900.0,60,13.58,MORTGAGE,debt_consolidation,0,14,31.0,0
33800.0,617,20.0,7200.0,36,14.62,RENT,debt_consolidation,0,8,21.0,0
42400.0,592,20.0,21200.0,36,18.99,RENT,major_purchase,2,8,63.4,1
59000.0,690,10.0,7300.0,36,13.74,OWN,credit_card,0,11,18.3,0
38000.0,669,7.0,13000.0,60,15.25,MORTGAGE,debt_consolidation,0,8,39.1,0
33900.0,686,10.0,10000.0,60,15.96,RENT,other,0,11,36.5,0
54700.0,679,7.0,6600.0,36,15.45,OWN,home_improvement,0,13,15.6,0
54700.0,848,1.0,17200.0,60,11.29,MORTGAGE,major_purchase,0,9,38.7,0
39000.0,594,4.0,8000.0,60,16.26,MORTGAGE,debt_consolidation,0,11,19.2,0
39700.0,551,20.0,4700.0,36,17.51,OWN,debt_consolidation,0,9,23.0,0
54400.0,702,3.0,2600.0,36,15.73,MORTGAGE,credit_card,1,4,32.2,0
25500.0,656,15.0,7100.0,36,17.86,RENT,home_improvement,0,9,40.2,0
26000.0,701,1.0,21800.0,36,15.14,MORTGAGE,debt_consolidation,0,9,65.0,0
35500.0,718,3.0,20500.0,60,16.14,MORTGAGE,credit_card,0,6,65.0,0
44500.0,763,3.0,7600.0,36,10.06,RENT,small_business,0,10,19.6,0
56400.0,582,0.0,9100.0,36,19.86,RENT,debt_consolidation,3,5,28.9,1
95200.0,644,1.0,8700.0,36,14.46,RENT,small_business,0,13,12.0,0
72100.0,708,2.0,5600.0,60,15.39,RENT,credit_card,0,5,28.8,0
45600.0,730,10.0,6800.0,36,10.64,RENT,credit_card,0,16,29.3,0
48600.0,823,0.0,17900.0,36,14.75,MORTGAGE,debt_consolidation,2,9,51.7,0
31200.0,742,3.0,14100.0,60,16.18,MORTGAGE,home_improvement,0,10,50.4,0
48600.0,676,0.0,12500.0,60,17.79,RENT,debt_consolidation,0,7,18.9,0
43000.0,622,7.0,5600.0,60,15.17,MORTGAGE,major_purchase,0,4,22.1,0
56700.0,643,7.0,11500.0,36,15.11,MORTGAGE,credit_card,0,11,29.9,0
33800.0,641,7.0,3500.0,36,11.75,RENT,credit_card,0,9,15.0,0
61900.0,723,3.0,16700.0,60,13.37,RENT,other,0,7,30.6,0
97700.0,697,2.0,12400.0,36,15.29,RENT,debt_consolidation,0,9,23.7,0
46700.0,594,10.0,5600.0,36,14.06,MORTGAGE,credit_card,0,10,17.6,1
58700.0,652,10.0,24500.0,36,14.42,RENT,credit_card,0,8,46.9,0
66900.0,737,1.0,4500.0,60,11.66,RENT,other,0,8,15.1,0
40900.0,703,5.0,14300.0,36,15.61,RENT,major_purchase,0,10,46.0,1
54200.0,717,2.0,14400.0,36,14.25,OWN,small_business,0,18,36.9,0
49300.0,705,1.0,5900.0,36,12.41,MORTGAGE,debt_consolidation,0,12,20.0,0
51200.0,786,10.0,10700.0,36,12.27,MORTGAGE,debt_consolidation,0,7,33.2,0
34600.0,695,5.0,4800.0,60,12.83,OWN,debt_consolidation,0,8,14.8,1
49600.0,655,2.0,2600.0,36,17.06,RENT,home_improvement,3,7,22.5,0
61300.0,620,3.0,6400.0,36,13.75,MORTGAGE,credit_card,0,14,28.9,0
94200.0,696,20.0,8000.0,36,13.06,RENT,debt_consolidation,1,7,7.6,0
75500.0,521,10.0,15100.0,36,15.78,RENT,home_improvement,1,10,32.3,1
129200.0,668,,11300.0,60,17.88,MORTGAGE,major_purchase,2,3,20.0,0
34700.0,667,4.0,11500.0,60,17.94,MORTGAGE,debt_consolidation,0,5,40.4,0
72600.0,591,7.0,6600.0,36,15.36,RENT,other,0,2,22.0,0
53200.0,620,3.0,8400.0,36,13.11,RENT,debt_consolidation,0,16,23.1,0
131300.0,733,0.0,6900.0,36,12.44,RENT,debt_consolidation,1,7,20.8,0
34100.0,695,4.0,5900.0,36,11.56,MORTGAGE,major_purchase,0,11,21.2,0
33600.0,687,7.0,8100.0,36,11.17,RENT,credit_card,0,5,,0
37400.0,700,3.0,11400.0,36,13.02,MORTGAGE,other,0,8,37.4,0
18800.0,686,10.0,8200.0,60,18.94,OWN,credit_card,1,7,58.8,0
38700.0,761,1.0,9300.0,60,13.7,RENT,other,0,7,20.6,0
34800.0,688,3.0,15500.0,36,14.71,OWN,debt_consolidation,0,4,51.3,1
52500.0,585,1.0,8500.0,60,18.7,RENT,home_improvement,0,10,27.3,0
57200.0,786,4.0,5600.0,60,12.75,MORTGAGE,other,0,8,26.6,0
114000.0,704,0.0,14500.0,36,12.06,MORTGAGE,credit_card,0,6,15.0,0
75200.0,642,2.0,12500.0,60,13.76,MORTGAGE,debt_consolidation,1,11,19.9,0
37800.0,599,4.0,12900.0,60,22.37,RENT,debt_consolidation,2,9,46.7,1
32700.0,706,5.0,15000.0,36,15.91,OWN,medical,1,9,57.2,1
61200.0,672,5.0,13700.0,60,16.6,RENT,credit_card,0,10,30.6,0
27100.0,782,2.0,11100.0,36,14.06,MORTGAGE,credit_card,0,17,45.6,0
111800.0,658,,36200.0,36,16.43,RENT,major_purchase,2,10,36.9,1
83300.0,626,5.0,5800.0,36,17.11,MORTGAGE,major_purchase,1,9,16.6,0
39700.0,738,3.0,8200.0,60,15.37,MORTGAGE,credit_card,1,9,36.1,0
22700.0,740,10.0,17700.0,36,15.51,MORTGAGE,medical,0,16,65.0,1
90200.0,691,5.0,11700.0,36,9.72,RENT,credit_card,0,9,11.4,0
46600.0,724,3.0,16000.0,36,15.28,MORTGAGE,home_improvement,0,8,33.7,0
85600.0,678,20.0,11900.0,36,11.82,RENT,debt_consolidation,0,9,21.1,0
23900.0,695,10.0,21700.0,36,18.97,RENT,debt_consolidation,0,4,65.0,0
37400.0,756,20.0,6600.0,36,12.43,MORTGAGE,medical,0,5,30.8,0
49100.0,721,7.0,21400.0,36,17.21,MORTGAGE,debt_consolidation,0,6,56.3,0
50100.0,669,3.0,19600.0,60,16.06,RENT,debt_consolidation,0,14,38.9,0
40000.0,768,3.0,6000.0,36,10.3,MORTGAGE,home_improvement,0,10,32.5,0
64900.0,526,7.0,15000.0,60,21.27,MORTGAGE,home_improvement,1,10,33.8,1
30300.0,813,20.0,10700.0,36,10.71,RENT,debt_consolidation,0,8,43.0,0
46000.0,569,7.0,8100.0,36,21.49,MORTGAGE,major_purchase,1,6,39.8,0
51700.0,639,15.0,4300.0,60,18.1,OWN,home_improvement,1,6,30.1,0
61800.0,677,3.0,6600.0,36,14.45,MORTGAGE,medical,1,11,17.1,0
67500.0,670,4.0,15600.0,60,15.8,MORTGAGE,credit_card,0,7,27.7,0
29600.0,745,15.0,16400.0,36,15.32,RENT,credit_card,0,11,65.0,0
24600.0,611,10.0,9800.0,36,18.78,MORTGAGE,credit_card,0,11,49.6,1
87100.0,697,20.0,16500.0,36,13.21,MORTGAGE,debt_consolidation,0,11,24.5,0
56900.0,642,10.0,17500.0,36,13.94,MORTGAGE,debt_consolidation,0,7,35.2,0
35000.0,699,4.0,11800.0,36,15.96,OWN,debt_consolidation,0,7,48.1,0
98500.0,676,5.0,7600.0,36,10.71,RENT,other,0,5,13.7,0
51600.0,686,15.0,13600.0,36,15.4,RENT,medical,0,10,22.7,0
83300.0,644,5.0,14000.0,36,15.21,RENT,credit_card,0,9,32.0,0
50500.0,647,2.0,15300.0,36,15.87,MORTGAGE,debt_consolidation,0,14,34.4,0
123900.0,699,4.0,16900.0,36,11.11,MORTGAGE,debt_consolidation,0,8,19.6,0
108000.0,741,5.0,5500.0,36,10.99,RENT,debt_consolidation,1,13,10.2,0
43800.0,641,1.0,8500.0,36,15.14,RENT,other,0,9,17.6,0
75900.0,624,10.0,4200.0,60,14.84,MORTGAGE,credit_card,0,9,11.6,0
65500.0,720,1.0,15900.0,36,16.06,RENT,major_purchase,0,11,34.0,0
90800.0,678,4.0,9800.0,36,12.1,RENT,credit_card,0,10,21.6,0
31800.0,734,10.0,13600.0,36,11.94,RENT,home_improvement,0,12,48.7,0
66800.0,621,4.0,5200.0,36,12.72,MORTGAGE,home_improvement,0,13,20.9,0
78900.0,564,10.0,22000.0,36,21.11,MORTGAGE,debt_consolidation,2,5,52.9,1
22200.0,645,3.0,6000.0,36,17.69,RENT,credit_card,0,10,33.6,0
28800.0,630,20.0,16100.0,36,21.54,MORTGAGE,medical,1,8,62.8,1
19600.0,675,2.0,11600.0,36,22.53,OWN,credit_card,1,6,65.0,1
43400.0,639,0.0,9900.0,36,14.35,RENT,credit_card,0,5,25.4,0
67700.0,728,15.0,9600.0,36,14.56,MORTGAGE,credit_card,0,12,35.9,0
96400.0,661,10.0,8000.0,36,14.51,MORTGAGE,credit_card,0,8,23.4,0
50700.0,690,2.0,20900.0,36,19.15,OWN,credit_card,1,11,57.3,0
102000.0,690,20.0,11000.0,36,13.32,MORTGAGE,debt_consolidation,0,9,15.7,0
26300.0,693,5.0,5800.0,36,12.56,MORTGAGE,other,0,10,29.8,0
22800.0,678,20.0,9000.0,36,14.85,MORTGAGE,debt_consolidation,0,5,43.8,1
47800.0,713,5.0,11700.0,36,13.1,RENT,credit_card,0,11,36.5,0
58300.0,628,5.0,17100.0,36,12.89,MORTGAGE,debt_consolidation,0,5,33.0,0
48300.0,771,4.0,8100.0,60,16.45,MORTGAGE,debt_consolidation,0,9,34.9,0
19300.0,665,3.0,8400.0,36,17.28,MORTGAGE,home_improvement,0,8,47.1,0
47100.0,595,5.0,11100.0,36,20.97,RENT,other,0,9,21.4,0
27300.0,692,4.0,16900.0,36,13.83,RENT,small_business,0,7,65.0,1
66300.0,625,,5500.0,36,15.6,RENT,debt_consolidation,0,16,22.3,0
57800.0,723,2.0,14100.0,36,15.39,MORTGAGE,credit_card,0,11,33.0,0
32100.0,824,2.0,8700.0,36,13.91,OWN,debt_consolidation,3,7,43.1,0
38900.0,629,15.0,9300.0,36,13.36,RENT,credit_card,0,11,34.2,0
30400.0,702,7.0,29800.0,36,14.11,RENT,debt_consolidation,0,13,65.0,0
47700.0,566,10.0,9900.0,36,17.51,OWN,major_purchase,0,10,35.1,1
75300.0,710,20.0,16000.0,36,14.44,MORTGAGE,debt_consolidation,1,7,30.2,0
31500.0,622,7.0,15700.0,60,21.25,OWN,debt_consolidation,0,7,65.0,1
61500.0,639,20.0,6100.0,60,13.15,RENT,medical,0,12,14.3,0
38600.0,608,3.0,4300.0,60,18.41,MORTGAGE,other,1,12,15.3,0
34300.0,728,2.0,16500.0,36,15.79,MORTGAGE,debt_consolidation,1,12,61.9,0
46700.0,745,4.0,6400.0,60,12.24,RENT,debt_consolidation,0,9,16.4,0
30800.0,682,5.0,4800.0,60,12.8,RENT,small_business,0,10,28.9,0
38200.0,624,15.0,18300.0,60,21.58,RENT,credit_card,1,10,65.0,1
28600.0,783,5.0,6600.0,36,10.92,RENT,other,0,9,36.8,0
118700.0,631,3.0,7400.0,60,13.92,OWN,credit_card,0,7,17.4,0
49800.0,539,10.0,29400.0,36,21.2,RENT,debt_consolidation,1,12,62.1,1
35800.0,710,5.0,4800.0,36,11.62,MORTGAGE,debt_consolidation,0,6,26.9,0
54000.0,608,1.0,5800.0,36,14.1,MORTGAGE,credit_card,0,14,12.0,0
46600.0,744,5.0,8700.0,60,15.36,RENT,small_business,0,8,25.3,0
44400.0,655,15.0,9700.0,36,16.21,MORTGAGE,major_purchase,1,7,23.5,0
64600.0,719,10.0,7000.0,36,11.4,RENT,other,0,9,14.2,0
68900.0,771,5.0,6100.0,60,15.1,RENT,debt_consolidation,1,9,21.8,0
38600.0,601,3.0,23300.0,36,18.03,OWN,small_business,0,8,65.0,1
37800.0,643,1.0,12500.0,60,16.61,RENT,major_purchase,0,9,42.9,0
43300.0,675,4.0,14700.0,60,16.91,RENT,major_purchase,0,10,30.3,0
17400.0,780,10.0,10200.0,36,14.13,MORTGAGE,credit_card,0,12,65.0,0
24800.0,637,3.0,12600.0,36,17.22,MORTGAGE,home_improvement,0,9,65.0,1
90700.0,641,2.0,17400.0,36,13.07,MORTGAGE,credit_card,0,9,21.8,0
102800.0,711,15.0,6600.0,60,13.8,MORTGAGE,home_improvement,0,10,12.7,0
43800.0,642,10.0,12500.0,60,17.93,RENT,debt_consolidation,0,12,27.9,1
63500.0,690,7.0,15500.0,36,12.2,MORTGAGE,small_business,0,7,35.1,0
56400.0,579,1.0,23700.0,36,18.14,OWN,small_business,0,5,62.3,1
195900.0,824,1.0,29000.0,36,6.67,RENT,debt_consolidation,0,11,20.9,0
81100.0,592,1.0,11300.0,60,19.56,MORTGAGE,credit_card,0,13,25.4,0
46300.0,659,7.0,19300.0,36,15.19,RENT,credit_card,0,12,51.1,0
31900.0,678,1.0,2900.0,36,11.2,RENT,small_business,0,8,20.3,0
23800.0,804,10.0,23800.0,60,13.97,RENT,home_improvement,0,7,65.0,0
53700.0,594,20.0,7600.0,36,18.08,MORTGAGE,credit_card,0,12,19.7,0
34900.0,809,,9700.0,36,13.6,OWN,home_improvement,0,7,29.9,0
25800.0,729,4.0,13600.0,60,15.84,MORTGAGE,debt_consolidation,0,10,56.3,0
36600.0,707,7.0,10100.0,36,16.14,MORTGAGE,debt_consolidation,1,8,38.7,0
30100.0,616,15.0,12100.0,36,19.07,RENT,debt_consolidation,1,13,56.5,1
104700.0,717,15.0,24200.0,36,13.19,RENT,debt_consolidation,0,4,28.2,0
72900.0,633,0.0,9000.0,36,13.88,OWN,small_business,0,7,21.5,0
48800.0,762,1.0,6400.0,36,12.22,OWN,other,1,3,28.1,0
95400.0,617,10.0,27100.0,60,21.64,RENT,debt_consolidation,2,7,42.4,1
50800.0,673,7.0,14200.0,36,12.58,MORTGAGE,other,0,14,42.8,0
33300.0,644,1.0,28600.0,36,17.04,RENT,home_improvement,1,9,65.0,1
97300.0,616,5.0,16800.0,36,14.31,MORTGAGE,debt_consolidation,0,10,16.5,0
62500.0,728,10.0,5600.0,36,13.03,OWN,debt_consolidation,0,7,22.7,0
30700.0,715,2.0,15100.0,36,12.99,MORTGAGE,small_business,0,7,52.0,0
45000.0,759,15.0,6700.0,36,12.09,RENT,small_business,0,10,29.4,0
33100.0,564,0.0,11000.0,36,18.79,RENT,debt_consolidation,0,4,47.7,1
26300.0,749,10.0,10500.0,36,12.76,RENT,debt_consolidation,0,14,43.6,0
74400.0,843,7.0,4900.0,36,9.37,MORTGAGE,medical,1,6,28.2,0
115800.0,651,3.0,7300.0,60,17.53,MORTGAGE,debt_consolidation,1,11,28.2,0
26100.0,803,10.0,32900.0,36,13.35,OWN,major_purchase,0,7,65.0,1
63200.0,663,10.0,12300.0,36,14.9,MORTGAGE,debt_consolidation,0,10,24.6,0
36600.0,591,15.0,10000.0,36,12.86,RENT,credit_card,0,10,34.4,0
39400.0,660,3.0,27100.0,36,14.44,MORTGAGE,credit_card,0,10,65.0,0
37500.0,748,7.0,9000.0,36,9.82,MORTGAGE,credit_card,1,9,43.2,0
33200.0,626,7.0,10400.0,36,18.38,RENT,debt_consolidation,0,7,31.7,0
50100.0,641,5.0,18000.0,36,15.96,RENT,debt_consolidation,0,3,42.9,0
33700.0,719,15.0,9000.0,36,17.45,OWN,small_business,1,6,47.5,0
55400.0,680,0.0,7500.0,36,10.54,MORTGAGE,debt_consolidation,0,8,20.7,0
47900.0,718,3.0,3500.0,36,13.07,MORTGAGE,home_improvement,0,11,20.8,0
44000.0,695,5.0,6800.0,36,17.28,MORTGAGE,medical,1,13,17.8,0
32600.0,711,1.0,6800.0,60,18.16,RENT,major_purchase,1,10,42.5,0
37800.0,652,15.0,11800.0,36,17.29,MORTGAGE,debt_consolidation,0,6,48.2,0
68900.0,695,7.0,8100.0,36,13.54,MORTGAGE,home_improvement,0,15,19.9,0
61400.0,620,5.0,32200.0,36,16.52,RENT,home_improvement,0,8,58.2,1
31600.0,764,,6400.0,36,12.34,RENT,debt_consolidation,0,4,30.4,0
51300.0,639,4.0,22000.0,60,18.46,MORTGAGE,credit_card,0,8,49.0,1
68700.0,753,5.0,12200.0,60,12.34,RENT,debt_consolidation,0,11,30.8,0
23100.0,665,0.0,16400.0,36,18.46,MORTGAGE,credit_card,0,9,65.0,0
62600.0,693,3.0,15900.0,36,12.38,RENT,major_purchase,0,10,26.4,0
36400.0,648,1.0,3600.0,60,15.62,MORTGAGE,medical,0,10,22.5,0
63400.0,614,7.0,10900.0,60,17.62,MORTGAGE,small_business,0,12,19.8,0
34800.0,567,5.0,9600.0,36,19.93,RENT,credit_card,0,10,36.2,1
21800.0,611,3.0,6200.0,36,18.52,RENT,other,0,8,45.1,0
23600.0,659,4.0,13800.0,36,20.89,RENT,credit_card,3,6,65.0,1
50100.0,694,2.0,25800.0,60,19.22,RENT,credit_card,0,5,51.8,0
55100.0,746,15.0,2900.0,60,12.38,MORTGAGE,medical,0,11,12.6,0
32600.0,651,0.0,8400.0,36,14.16,RENT,debt_consolidation,0,12,33.8,0
65300.0,623,15.0,5900.0,36,14.33,MORTGAGE,debt_consolidation,0,8,21.0,0
23200.0,586,5.0,11300.0,60,20.99,MORTGAGE,major_purchase,0,13,65.0,1
47600.0,711,7.0,9300.0,60,17.39,RENT,medical,2,11,25.0,0
28400.0,770,3.0,8100.0,36,11.79,MORTGAGE,debt_consolidation,0,11,36.8,0
36600.0,762,20.0,15400.0,36,14.04,MORTGAGE,major_purchase,1,4,43.4,0
50100.0,726,3.0,24800.0,36,14.27,RENT,credit_card,0,8,60.9,0
33300.0,722,5.0,40000.0,36,13.87,MORTGAGE,small_business,0,10,65.0,0
41200.0,790,20.0,7600.0,36,12.46,RENT,debt_consolidation,0,13,29.1,0
77100.0,702,15.0,4400.0,36,12.69,RENT,other,1,10,19.7,0
37800.0,722,5.0,14500.0,60,18.49,RENT,medical,0,9,49.3,1
71400.0,659,,24500.0,60,16.54,RENT,credit_card,0,9,41.8,0
29500.0,591,7.0,16400.0,36,18.72,MORTGAGE,medical,2,7,58.6,1
62200.0,636,2.0,24400.0,60,15.19,MORTGAGE,medical,0,8,,0
93800.0,679,4.0,9800.0,36,13.78,RENT,credit_card,0,5,21.3,0
16100.0,684,3.0,8100.0,36,15.39,MORTGAGE,other,0,8,64.4,0
34200.0,805,3.0,11600.0,60,20.71,MORTGAGE,other,3,8,40.8,0
63600.0,685,10.0,9300.0,36,12.09,RENT,debt_consolidation,0,10,10.2,1
44700.0,757,5.0,15200.0,60,16.9,MORTGAGE,debt_consolidation,0,7,52.6,0
57900.0,652,0.0,17800.0,36,16.69,RENT,debt_consolidation,0,5,40.0,0
37400.0,660,15.0,18500.0,36,16.28,OWN,credit_card,0,11,48.2,1
51000.0,594,3.0,14100.0,36,20.61,RENT,debt_consolidation,3,12,37.3,1
45700.0,632,20.0,12400.0,36,14.54,MORTGAGE,debt_consolidation,0,10,31.9,0
82900.0,714,20.0,16300.0,36,12.71,OWN,other,0,9,21.5,0
55000.0,680,20.0,4100.0,60,14.24,MORTGAGE,small_business,0,14,10.8,0
57100.0,741,10.0,12200.0,36,10.56,RENT,medical,0,13,31.8,0
40700.0,692,2.0,11200.0,36,10.69,MORTGAGE,other,0,11,34.9,0
39400.0,657,5.0,12200.0,36,14.47,RENT,credit_card,0,10,40.1,1
40400.0,820,2.0,10500.0,60,12.58,MORTGAGE,small_business,0,7,37.0,0
58500.0,674,2.0,13600.0,36,13.01,MORTGAGE,debt_consolidation,0,7,27.5,0
40600.0,756,7.0,8200.0,36,14.09,MORTGAGE,credit_card,0,7,36.9,1
55800.0,654,0.0,19200.0,60,16.42,RENT,debt_consolidation,0,9,45.7,1
124700.0,726,20.0,13900.0,60,15.96,MORTGAGE,debt_consolidation,0,5,21.7,0
72500.0,740,15.0,11800.0,60,16.41,RENT,debt_consolidation,1,12,23.9,0
42300.0,694,4.0,7700.0,36,12.79,RENT,home_improvement,0,18,29.5,0
84200.0,527,5.0,16400.0,36,20.57,MORTGAGE,other,2,3,36.2,0
40800.0,681,4.0,12100.0,60,16.75,MORTGAGE,debt_consolidation,1,9,43.5,0
19600.0,760,15.0,7500.0,60,15.09,MORTGAGE,credit_card,0,14,50.9,0
31100.0,714,7.0,10600.0,60,13.36,RENT,small_business,0,8,45.0,0
21100.0,709,2.0,15000.0,36,16.1,OWN,credit_card,0,6,65.0,0
41800.0,568,4.0,14400.0,60,21.24,MORTGAGE,other,2,11,55.4,1
49400.0,633,4.0,14000.0,36,16.48,RENT,debt_consolidation,1,3,32.4,1
104200.0,707,20.0,11500.0,36,19.11,OWN,debt_consolidation,2,6,32.9,0
56800.0,707,1.0,18300.0,36,17.44,OWN,credit_card,3,9,49.8,1
44400.0,759,1.0,20300.0,60,13.4,RENT,credit_card,0,7,47.7,0
71200.0,671,15.0,15800.0,36,13.23,MORTGAGE,debt_consolidation,0,12,38.8,0
18100.0,706,15.0,8200.0,36,17.19,MORTGAGE,debt_consolidation,1,5,57.0,0
54500.0,681,15.0,6400.0,60,15.48,RENT,major_purchase,0,15,22.1,0
69300.0,616,5.0,8300.0,36,16.63,RENT,debt_consolidation,0,9,17.9,0
25200.0,533,7.0,29100.0,36,24.3,MORTGAGE,credit_card,0,6,65.0,1
82000.0,708,5.0,12600.0,60,12.88,RENT,other,0,7,28.6,0
57100.0,691,0.0,31700.0,60,15.42,MORTGAGE,home_improvement,0,4,60.2,0
40700.0,640,7.0,10300.0,36,13.99,RENT,credit_card,0,8,27.4,0
65200.0,575,0.0,9600.0,60,17.7,OWN,credit_card,0,13,26.3,1
136200.0,721,3.0,10500.0,36,10.51,MORTGAGE,credit_card,0,9,9.2,0
53200.0,663,15.0,10400.0,60,15.46,MORTGAGE,small_business,0,10,31.3,0
54800.0,716,3.0,7400.0,60,15.43,RENT,major_purchase,1,8,25.1,0
39900.0,801,15.0,6200.0,36,11.72,MORTGAGE,home_improvement,1,8,26.9,0
33400.0,541,,14100.0,60,22.11,MORTGAGE,major_purchase,0,5,42.5,1
71200.0,635,3.0,18500.0,36,13.27,MORTGAGE,debt_consolidation,0,8,34.3,0
33300.0,666,7.0,37100.0,36,17.9,RENT,debt_consolidation,0,7,65.0,1
50600.0,775,10.0,8800.0,60,11.62,MORTGAGE,small_business,0,3,13.8,0
39500.0,574,5.0,9200.0,36,16.95,RENT,debt_consolidation,0,7,27.0,0
60800.0,806,15.0,7400.0,36,11.28,MORTGAGE,medical,0,11,17.4,0
57000.0,689,0.0,19200.0,36,13.44,MORTGAGE,credit_card,0,9,41.4,0
78200.0,674,,16400.0,36,15.51,MORTGAGE,credit_card,0,5,27.8,0
39000.0,667,2.0,7100.0,60,15.55,RENT,major_purchase,2,12,25.9,1
43400.0,652,15.0,7000.0,60,16.8,RENT,small_business,0,12,12.8,0
31600.0,748,4.0,17600.0,36,14.96,MORTGAGE,small_business,0,11,59.9,0
40100.0,611,10.0,13200.0,36,18.88,RENT,small_business,0,8,49.5,1
58100.0,702,7.0,16000.0,36,14.9,RENT,credit_card,0,6,43.9,0
68900.0,655,1.0,7000.0,36,13.7,RENT,other,0,8,22.2,0
32400.0,630,15.0,4300.0,36,16.35,MORTGAGE,medical,0,11,19.3,0
72500.0,848,2.0,7100.0,36,10.85,RENT,debt_consolidation,0,9,24.0,0
90200.0,707,2.0,15400.0,36,12.68,OWN,major_purchase,0,9,17.1,0
59000.0,720,10.0,31400.0,36,15.88,MORTGAGE,medical,0,11,63.5,1
114100.0,754,1.0,8800.0,60,14.28,MORTGAGE,home_improvement,0,11,13.9,0
34600.0,588,2.0,34100.0,60,18.57,RENT,credit_card,0,8,,1
28000.0,794,5.0,16600.0,60,19.87,OWN,home_improvement,2,10,65.0,0
22000.0,517,10.0,5500.0,36,20.84,RENT,debt_consolidation,0,6,33.3,0
96100.0,630,1.0,12200.0,60,12.95,RENT,debt_consolidation,0,12,12.8,0
65800.0,650,5.0,16800.0,60,17.26,RENT,major_purchase,1,9,45.5,1
47800.0,718,7.0,3300.0,60,13.57,RENT,home_improvement,0,11,15.2,0
55600.0,694,15.0,15100.0,36,16.37,MORTGAGE,debt_consolidation,1,11,48.3,1
29500.0,669,15.0,19700.0,36,17.63,MORTGAGE,credit_card,0,4,65.0,0
147400.0,679,10.0,13400.0,36,14.6,RENT,debt_consolidation,0,7,26.3,0
52000.0,616,7.0,10600.0,36,15.66,MORTGAGE,medical,0,13,29.8,0
51500.0,583,4.0,10000.0,60,15.26,MORTGAGE,credit_card,0,11,34.3,0
68000.0,727,1.0,9700.0,36,8.37,OWN,home_improvement,0,9,18.4,0
60900.0,725,7.0,6100.0,36,10.9,RENT,debt_consolidation,0,10,12.1,0
54200.0,783,20.0,7800.0,36,10.22,RENT,major_purchase,0,11,34.0,0
34300.0,629,10.0,8900.0,36,16.34,RENT,other,0,7,16.9,0
60600.0,725,0.0,11600.0,60,14.87,RENT,major_purchase,0,13,21.3,0
114300.0,662,5.0,8300.0,36,12.53,MORTGAGE,credit_card,0,13,23.2,0
89800.0,757,7.0,7100.0,36,12.11,MORTGAGE,major_purchase,0,9,21.8,0
100400.0,746,7.0,16000.0,36,14.33,RENT,debt_consolidation,0,7,30.8,0
38900.0,694,7.0,13200.0,36,14.77,MORTGAGE,debt_consolidation,1,9,44.7,0
31400.0,658,5.0,8400.0,60,18.98,RENT,credit_card,0,9,35.6,0
46300.0,742,2.0,14100.0,60,14.48,RENT,debt_consolidation,0,10,40.7,0
50300.0,722,20.0,8700.0,36,11.64,RENT,debt_consolidation,0,6,22.4,0
80200.0,636,7.0,11300.0,60,18.97,MORTGAGE,home_improvement,0,5,19.3,0
22900.0,594,2.0,17800.0,36,17.75,MORTGAGE,credit_card,0,7,65.0,1
97600.0,661,,8100.0,36,12.77,MORTGAGE,medical,0,11,16.4,0
45700.0,779,15.0,6100.0,60,15.03,OWN,debt_consolidation,0,6,21.9,0
40500.0,755,15.0,10200.0,36,12.3,MORTGAGE,other,0,5,45.9,0
31100.0,608,4.0,5500.0,36,16.52,RENT,credit_card,1,10,25.5,0
23300.0,604,0.0,9500.0,36,17.84,RENT,credit_card,0,10,60.9,0
71000.0,763,0.0,9500.0,60,11.78,OWN,debt_consolidation,0,6,19.1,0
50700.0,606,3.0,3200.0,60,15.53,MORTGAGE,home_improvement,0,10,18.2,0
27400.0,713,7.0,14300.0,36,14.87,MORTGAGE,other,0,13,59.6,0
27400.0,640,,10000.0,36,17.74,MORTGAGE,small_business,0,7,39.3,0
42100.0,785,7.0,19800.0,36,14.07,RENT,debt_consolidation,0,8,59.0,0
103900.0,630,7.0,12200.0,60,16.93,MORTGAGE,credit_card,0,11,18.8,0
43600.0,754,0.0,15800.0,36,11.43,RENT,credit_card,0,14,42.4,0
24900.0,692,1.0,19800.0,60,17.39,RENT,debt_consolidation,0,10,65.0,1
43900.0,696,3.0,10200.0,60,11.92,RENT,medical,1,6,31.5,0
43400.0,552,1.0,10900.0,36,18.21,MORTGAGE,credit_card,0,14,34.6,1
15000.0,537,0.0,5000.0,36,21.17,MORTGAGE,credit_card,0,8,44.5,1
47800.0,666,7.0,20300.0,36,14.33,MORTGAGE,debt_consolidation,0,16,44.1,0
44200.0,696,10.0,10200.0,36,12.82,MORTGAGE,debt_consolidation,0,7,29.3,0
67100.0,607,10.0,6600.0,36,19.18,RENT,other,3,12,23.5,0
112600.0,609,10.0,15800.0,36,14.21,RENT,debt_consolidation,1,7,16.6,0
81400.0,716,7.0,3700.0,36,10.81,MORTGAGE,credit_card,0,6,10.0,0
43400.0,717,10.0,8800.0,36,12.22,MORTGAGE,small_business,0,14,21.4,0
29800.0,671,2.0,17200.0,60,16.05,MORTGAGE,debt_consolidation,0,4,61.2,1
156100.0,731,20.0,8800.0,60,10.36,MORTGAGE,credit_card,1,9,12.3,0
50300.0,604,2.0,7600.0,60,18.94,MORTGAGE,credit_card,0,6,27.8,0
49300.0,657,2.0,8900.0,36,13.88,RENT,other,0,6,21.9,0
48500.0,787,3.0,4000.0,36,10.17,MORTGAGE,small_business,1,8,23.9,0
53600.0,684,20.0,15600.0,36,14.99,RENT,other,0,7,31.8,0
45900.0,688,20.0,10300.0,36,15.74,MORTGAGE,small_business,0,9,34.6,0
37900.0,830,10.0,9500.0,36,7.97,MORTGAGE,debt_consolidation,0,9,26.9,0
38300.0,589,7.0,9600.0,36,19.38,RENT,debt_consolidation,2,9,34.6,1
48300.0,732,5.0,11000.0,36,12.79,MORTGAGE,major_purchase,0,12,30.1,0
38400.0,788,20.0,15200.0,36,16.4,OWN,credit_card,0,9,49.9,0
35600.0,659,7.0,10700.0,36,15.22,RENT,credit_card,0,11,43.7,0
51400.0,736,20.0,5500.0,36,11.72,OWN,other,0,9,14.5,0
43700.0,616,3.0,14600.0,36,15.79,OWN,debt_consolidation,0,8,45.7,0
96500.0,635,3.0,14000.0,60,16.38,MORTGAGE,credit_card,1,8,14.6,0
15000.0,705,15.0,12100.0,36,21.14,MORTGAGE,major_purchase,3,10,65.0,1
80100.0,732,1.0,18700.0,36,12.2,RENT,small_business,0,11,23.8,0
85900.0,753,20.0,11100.0,36,10.46,RENT,credit_card,1,11,22.5,0
19300.0,782,5.0,19100.0,36,12.42,OWN,credit_card,0,9,65.0,0
42000.0,676,15.0,22100.0,60,20.37,RENT,debt_consolidation,0,10,62.6,1
41500.0,758,3.0,14600.0,36,15.38,RENT,credit_card,1,9,41.4,0
26000.0,658,7.0,7500.0,60,15.1,RENT,home_improvement,0,6,26.2,0
34500.0,739,5.0,10200.0,36,13.22,MORTGAGE,medical,1,10,34.0,0
29700.0,693,7.0,20300.0,36,19.09,RENT,debt_consolidation,0,12,65.0,1
107900.0,709,5.0,5200.0,60,13.6,RENT,major_purchase,0,8,3.5,0
74700.0,708,20.0,9000.0,60,14.26,MORTGAGE,small_business,0,6,23.7,0
86900.0,576,7.0,9200.0,36,16.81,MORTGAGE,home_improvement,0,12,30.3,0
67800.0,607,2.0,7100.0,60,20.9,MORTGAGE,credit_card,0,8,30.2,0
29500.0,687,15.0,16900.0,36,14.83,RENT,credit_card,0,19,58.7,0
38700.0,570,3.0,13200.0,36,17.92,RENT,small_business,0,9,30.5,0
61100.0,734,3.0,7700.0,36,11.92,RENT,other,0,18,14.7,0
28300.0,737,1.0,14800.0,60,16.05,MORTGAGE,credit_card,0,10,62.1,0
67600.0,701,15.0,10100.0,36,10.91,MORTGAGE,other,0,12,18.7,0
44000.0,607,3.0,7000.0,60,18.41,MORTGAGE,home_improvement,1,12,31.1,1
41400.0,770,2.0,7700.0,36,16.01,RENT,medical,1,9,22.9,0
67500.0,812,15.0,13600.0,36,11.67,MORTGAGE,debt_consolidation,0,11,31.0,0
59900.0,690,10.0,17500.0,60,18.44,RENT,major_purchase,0,10,34.4,0
41700.0,713,1.0,8600.0,36,15.94,RENT,major_purchase,2,12,24.1,0
82600.0,693,10.0,14400.0,36,15.94,MORTGAGE,major_purchase,2,4,32.7,0
30100.0,714,,24100.0,36,16.75,RENT,major_purchase,0,10,65.0,0
64700.0,672,0.0,5800.0,60,15.46,MORTGAGE,debt_consolidation,0,7,11.5,0
64000.0,678,10.0,13100.0,36,14.48,RENT,credit_card,1,11,30.1,0
42600.0,739,5.0,16600.0,36,14.55,RENT,debt_consolidation,1,8,44.1,0
56800.0,832,7.0,10400.0,36,9.38,MORTGAGE,debt_consolidation,0,11,30.7,0
27900.0,589,5.0,20300.0,60,18.14,RENT,debt_consolidation,0,7,65.0,1
74300.0,673,7.0,32800.0,36,17.11,RENT,debt_consolidation,0,12,50.5,0
45100.0,603,0.0,13000.0,60,18.08,MORTGAGE,small_business,1,8,36.8,1
38700.0,783,10.0,9700.0,60,13.73,RENT,home_improvement,0,13,37.0,0
78600.0,642,0.0,17800.0,36,18.31,MORTGAGE,debt_consolidation,0,5,29.2,0
35700.0,586,4.0,16700.0,36,16.81,MORTGAGE,small_business,0,9,60.4,0
26000.0,721,1.0,3100.0,36,12.08,MORTGAGE,debt_consolidation,1,12,22.4,0
24300.0,793,10.0,10900.0,36,12.49,RENT,debt_consolidation,0,11,57.0,0
64400.0,723,3.0,9000.0,36,14.21,MORTGAGE,small_business,0,6,24.1,0
27600.0,693,4.0,13300.0,60,15.2,MORTGAGE,credit_card,0,15,54.6,0
108000.0,707,4.0,9900.0,36,12.48,RENT,credit_card,1,10,6.5,0
19200.0,772,,10500.0,36,14.94,RENT,debt_consolidation,1,9,65.0,0
105200.0,623,5.0,7100.0,36,15.89,MORTGAGE,home_improvement,1,6,8.2,0
53900.0,673,10.0,15800.0,36,16.08,RENT,debt_consolidation,0,10,45.3,1
46900.0,651,0.0,25000.0,36,15.24,MORTGAGE,debt_consolidation,0,8,55.9,0
38400.0,604,2.0,7200.0,60,16.5,RENT,credit_card,0,8,27.1,0
58700.0,659,5.0,5400.0,36,12.93,MORTGAGE,major_purchase,0,6,,0
48200.0,752,20.0,11000.0,36,7.88,RENT,debt_consolidation,0,9,16.4,0
80500.0,717,0.0,10800.0,60,14.49,OWN,debt_consolidation,0,11,16.7,0
51600.0,722,0.0,19600.0,36,13.14,RENT,debt_consolidation,0,10,51.0,0
52500.0,690,1.0,5900.0,60,16.12,OWN,credit_card,0,10,13.3,0
41600.0,714,7.0,8400.0,36,13.73,RENT,debt_consolidation,0,8,29.7,0
47800.0,628,4.0,3700.0,60,14.79,MORTGAGE,debt_consolidation,0,18,14.7,0
56300.0,660,10.0,21800.0,36,16.1,MORTGAGE,other,0,7,48.0,0
22700.0,692,0.0,12400.0,36,16.32,RENT,debt_consolidation,0,10,62.9,0
26700.0,698,2.0,8700.0,36,13.61,RENT,credit_card,0,8,37.1,1
68500.0,701,3.0,5600.0,36,12.32,OWN,other,0,9,19.2,0
52900.0,671,7.0,5900.0,60,13.67,RENT,debt_consolidation,0,12,20.2,0
45100.0,655,7.0,13500.0,36,17.26,MORTGAGE,small_business,1,2,,0
49400.0,850,1.0,6300.0,36,7.65,RENT,credit_card,0,10,18.1,0
57300.0,739,20.0,11500.0,36,15.33,MORTGAGE,other,1,8,28.5,0
38400.0,707,3.0,30400.0,36,13.99,RENT,other,1,8,65.0,1
34500.0,665,7.0,9200.0,36,15.84,MORTGAGE,credit_card,0,9,43.1,0
53500.0,651,5.0,6800.0,36,14.59,RENT,debt_consolidation,0,7,20.8,0
31600.0,671,2.0,13200.0,36,14.52,MORTGAGE,credit_card,0,15,43.1,0
58900.0,699,10.0,5900.0,36,13.09,RENT,other,1,6,19.2,0
22800.0,558,10.0,25800.0,60,23.1,MORTGAGE,debt_consolidation,0,6,65.0,1
77900.0,578,4.0,22100.0,36,16.76,RENT,other,0,9,39.2,1
60600.0,639,5.0,10100.0,36,11.69,RENT,major_purchase,0,15,17.8,0
55000.0,693,2.0,7000.0,36,12.81,MORTGAGE,debt_consolidation,0,9,16.3,0
76300.0,664,7.0,8800.0,60,14.81,RENT,major_purchase,0,10,17.7,0
103700.0,776,3.0,9400.0,36,11.77,MORTGAGE,debt_consolidation,0,4,25.9,0
77400.0,584,10.0,13300.0,36,16.59,MORTGAGE,credit_card,0,12,14.7,0
21400.0,631,2.0,18400.0,36,17.36,MORTGAGE,credit_card,0,7,65.0,1
27600.0,779,0.0,6500.0,36,11.7,RENT,credit_card,0,8,21.3,0
37000.0,689,2.0,18100.0,36,12.47,MORTGAGE,credit_card,0,11,55.8,0
49600.0,738,2.0,14900.0,60,14.43,RENT,credit_card,0,11,42.8,0
61900.0,813,5.0,8500.0,36,8.69,MORTGAGE,home_improvement,0,6,14.4,0
35400.0,635,2.0,6400.0,36,15.0,RENT,small_business,0,7,21.3,0
53300.0,674,10.0,11600.0,60,19.66,RENT,other,2,10,41.1,0
34900.0,662,2.0,6400.0,36,12.88,RENT,major_purchase,0,4,31.9,0
37200.0,553,7.0,18200.0,36,18.04,OWN,small_business,0,8,56.3,1
26000.0,660,5.0,6200.0,36,14.24,MORTGAGE,credit_card,0,5,32.1,0
32400.0,737,20.0,14400.0,60,16.47,RENT,debt_consolidation,0,7,62.3,0
26700.0,715,20.0,10500.0,36,13.77,OWN,debt_consolidation,0,14,57.0,0
31600.0,720,15.0,8300.0,36,14.95,RENT,credit_card,0,6,42.4,0
78800.0,656,10.0,10400.0,36,15.47,MORTGAGE,home_improvement,0,14,12.9,0
32000.0,637,4.0,18800.0,36,17.92,MORTGAGE,home_improvement,0,8,65.0,1
160300.0,763,10.0,6000.0,36,10.22,MORTGAGE,other,0,8,11.0,0
61200.0,648,20.0,8900.0,60,15.94,RENT,credit_card,0,11,25.8,0
53300.0,699,0.0,7500.0,36,14.48,RENT,home_improvement,1,10,20.8,0
33300.0,691,5.0,10700.0,60,16.85,MORTGAGE,medical,1,7,34.4,0
67200.0,775,2.0,7800.0,36,11.47,RENT,credit_card,0,10,16.3,0
37800.0,743,5.0,4500.0,60,10.86,RENT,credit_card,0,4,27.8,0
51800.0,596,,6500.0,60,17.21,MORTGAGE,other,0,9,8.3,0
155100.0,603,5.0,24800.0,36,18.62,MORTGAGE,credit_card,0,8,28.9,0
46900.0,718,5.0,12400.0,36,12.03,MORTGAGE,major_purchase,0,16,36.8,0
82200.0,676,20.0,12200.0,60,11.34,RENT,other,0,5,20.2,0
35700.0,650,5.0,9500.0,36,16.61,RENT,home_improvement,2,13,35.6,0
48300.0,746,10.0,10700.0,36,12.16,MORTGAGE,debt_consolidation,0,8,30.5,0
108800.0,692,3.0,8800.0,60,13.58,MORTGAGE,major_purchase,0,10,15.0,0
37000.0,683,4.0,14200.0,36,14.63,MORTGAGE,major_purchase,0,10,38.8,0
110800.0,731,5.0,11500.0,36,11.89,MORTGAGE,debt_consolidation,0,4,20.8,0
67400.0,656,2.0,6100.0,60,13.73,MORTGAGE,credit_card,0,9,9.6,0
38100.0,782,3.0,12400.0,36,11.72,RENT,credit_card,0,13,48.7,0
65200.0,629,7.0,3200.0,36,15.54,RENT,medical,0,5,18.1,0
75900.0,723,5.0,13500.0,36,13.38,MORTGAGE,debt_consolidation,2,10,27.0,0
64800.0,773,7.0,5400.0,36,8.39,RENT,credit_card,0,7,16.8,0
24200.0,590,3.0,10400.0,60,21.41,OWN,home_improvement,0,4,51.2,0
35300.0,658,3.0,6000.0,60,18.08,OWN,credit_card,0,9,39.6,0
43900.0,754,7.0,11000.0,36,10.92,MORTGAGE,other,0,11,21.0,0
47400.0,755,1.0,14600.0,60,15.8,RENT,other,0,8,45.9,1
64800.0,669,2.0,23200.0,36,16.49,MORTGAGE,debt_consolidation,1,15,42.5,0
53100.0,632,0.0,5100.0,36,18.46,MORTGAGE,debt_consolidation,0,12,20.0,0
26900.0,742,0.0,17800.0,36,14.8,MORTGAGE,debt_consolidation,0,13,65.0,0
58200.0,757,2.0,11700.0,36,14.99,RENT,credit_card,0,6,27.6,0
64500.0,604,0.0,8700.0,36,16.05,MORTGAGE,home_improvement,0,10,23.9,0
63100.0,602,2.0,16000.0,36,14.4,MORTGAGE,credit_card,0,15,25.0,0
79700.0,695,7.0,9700.0,36,14.35,RENT,debt_consolidation,2,10,15.8,0
71300.0,721,0.0,15700.0,36,12.13,RENT,debt_consolidation,0,5,26.8,0
60300.0,661,4.0,6700.0,60,16.72,MORTGAGE,debt_consolidation,1,9,26.7,0
47500.0,724,15.0,8000.0,60,13.55,RENT,credit_card,0,9,23.7,0
23200.0,634,10.0,17500.0,60,18.63,RENT,home_improvement,0,9,65.0,1
59500.0,543,3.0,23000.0,36,18.78,RENT,debt_consolidation,0,9,42.9,0
53800.0,652,15.0,10700.0,36,15.82,OWN,debt_consolidation,0,12,24.8,0
55400.0,684,3.0,2700.0,36,11.04,RENT,major_purchase,0,9,2.3,0
27600.0,662,0.0,9900.0,36,13.95,RENT,medical,0,5,42.7,0
30100.0,605,20.0,11100.0,36,19.53,RENT,debt_consolidation,0,9,42.8,1
78700.0,562,15.0,9700.0,36,18.45,MORTGAGE,credit_card,0,7,17.1,0
48200.0,647,4.0,12900.0,36,14.77,MORTGAGE,debt_consolidation,0,6,31.9,0
66600.0,738,7.0,8600.0,60,14.83,MORTGAGE,debt_consolidation,0,12,22.7,0
49600.0,762,7.0,16600.0,36,13.29,MORTGAGE,major_purchase,0,14,40.3,0
49700.0,757,2.0,6100.0,36,12.08,MORTGAGE,credit_card,1,8,18.2,0
74800.0,627,2.0,20300.0,36,15.82,RENT,home_improvement,0,12,32.9,1
38900.0,605,4.0,23700.0,36,18.21,MORTGAGE,other,0,13,62.3,1
51200.0,712,15.0,6900.0,36,12.91,RENT,small_business,1,7,22.1,0
39800.0,721,0.0,6900.0,36,13.04,MORTGAGE,credit_card,0,8,26.5,0
40300.0,706,10.0,13400.0,60,18.78,RENT,credit_card,1,12,46.6,0
42700.0,549,0.0,6000.0,36,19.01,OWN,debt_consolidation,0,10,23.7,0
54200.0,624,5.0,8600.0,36,15.6,MORTGAGE,small_business,0,7,18.6,0
39500.0,678,7.0,19000.0,36,16.94,MORTGAGE,debt_consolidation,0,8,61.8,1
86300.0,712,7.0,15800.0,36,14.21,MORTGAGE,debt_consolidation,2,5,34.2,0
32800.0,730,0.0,29400.0,36,18.33,MORTGAGE,debt_consolidation,0,9,65.0,0
45100.0,689,4.0,11900.0,36,17.09,MORTGAGE,debt_consolidation,1,10,37.6,1
40200.0,702,5.0,8100.0,36,13.53,MORTGAGE,home_improvement,0,8,25.2,0
94000.0,686,0.0,11200.0,60,12.29,RENT,medical,0,9,23.8,0
53600.0,725,1.0,10100.0,36,9.8,RENT,other,0,11,25.3,0
78000.0,700,7.0,10200.0,36,12.8,RENT,small_business,0,7,18.6,0
25100.0,684,5.0,10800.0,36,13.71,RENT,debt_consolidation,0,9,44.6,1
55300.0,663,1.0,6900.0,36,11.5,OWN,debt_consolidation,1,12,16.6,1
73200.0,685,5.0,12600.0,36,12.81,MORTGAGE,debt_consolidation,1,12,19.3,1
50900.0,711,15.0,5400.0,36,12.53,RENT,debt_consolidation,0,10,19.8,0
79200.0,697,0.0,7600.0,60,13.66,RENT,credit_card,0,15,21.0,0
38800.0,705,7.0,10300.0,36,14.24,MORTGAGE,other,0,12,42.3,0
92400.0,767,0.0,3500.0,36,14.56,RENT,small_business,3,9,23.8,0
137900.0,697,0.0,16100.0,36,15.88,MORTGAGE,major_purchase,0,4,11.5,0
41600.0,638,1.0,3900.0,60,16.69,RENT,credit_card,0,3,21.7,0
40100.0,737,4.0,15300.0,36,15.65,OWN,credit_card,0,6,45.1,0
94300.0,591,10.0,5700.0,36,13.77,RENT,other,0,8,15.8,0
99800.0,610,3.0,8900.0,36,15.36,RENT,small_business,0,9,13.5,0
38700.0,702,7.0,14200.0,36,17.03,OWN,credit_card,0,12,49.7,0
40600.0,714,4.0,32800.0,36,17.75,RENT,debt_consolidation,2,7,65.0,0
43200.0,599,2.0,11600.0,36,15.7,RENT,debt_consolidation,0,8,25.6,0
26800.0,655,5.0,4100.0,36,13.76,RENT,major_purchase,0,6,21.3,0
32400.0,641,10.0,17600.0,60,17.41,MORTGAGE,debt_consolidation,0,9,56.5,1
31200.0,648,10.0,9700.0,36,16.47,RENT,credit_card,0,6,45.0,0
34700.0,741,10.0,11300.0,36,10.99,OWN,home_improvement,0,7,40.6,0
48300.0,726,3.0,14500.0,36,10.96,OWN,small_business,0,7,35.2,0
54500.0,679,10.0,3600.0,36,16.99,MORTGAGE,debt_consolidation,3,9,22.9,0
98500.0,645,2.0,11000.0,36,15.96,RENT,debt_consolidation,0,9,21.7,0
31300.0,592,10.0,8900.0,60,20.47,OWN,small_business,0,15,43.5,0
76300.0,772,,20100.0,36,9.81,MORTGAGE,credit_card,0,7,30.7,0
44500.0,718,0.0,15700.0,60,13.32,RENT,debt_consolidation,0,6,44.9,0
47900.0,634,4.0,4800.0,36,17.8,RENT,other,0,12,19.2,0
66400.0,727,7.0,20600.0,60,15.51,MORTGAGE,major_purchase,1,6,34.3,0
29600.0,675,7.0,13700.0,36,13.89,MORTGAGE,home_improvement,0,12,57.5,0
58200.0,661,1.0,5000.0,36,13.97,RENT,small_business,1,8,16.6,0
52800.0,708,20.0,11200.0,36,13.75,MORTGAGE,debt_consolidation,0,14,43.5,0
61200.0,632,7.0,18400.0,36,16.54,OWN,other,0,6,32.4,1
55800.0,658,1.0,6000.0,36,15.7,RENT,other,0,4,16.0,0
148000.0,688,0.0,21800.0,36,13.92,RENT,home_improvement,0,9,15.2,0
36800.0,648,10.0,5100.0,60,17.24,OWN,home_improvement,0,9,14.8,0
38600.0,723,0.0,7400.0,60,16.7,RENT,small_business,1,7,31.7,0
37000.0,801,1.0,6800.0,60,13.46,OWN,home_improvement,1,8,38.9,0
38200.0,631,5.0,21800.0,36,15.8,MORTGAGE,credit_card,0,13,59.1,0
36800.0,572,7.0,8600.0,60,21.49,RENT,credit_card,1,11,32.8,0
83700.0,550,7.0,6100.0,36,16.85,RENT,debt_consolidation,0,14,17.8,0
92900.0,670,4.0,13700.0,36,12.47,RENT,credit_card,0,11,19.7,0
37900.0,637,10.0,15200.0,36,14.44,RENT,credit_card,0,10,50.3,0
33700.0,694,20.0,15300.0,36,16.32,MORTGAGE,debt_consolidation,0,11,56.4,0
60600.0,689,2.0,9600.0,36,11.89,MORTGAGE,major_purchase,0,6,20.8,0
38200.0,576,7.0,12400.0,36,17.45,MORTGAGE,credit_card,0,7,41.2,0
65200.0,562,15.0,7900.0,36,18.27,MORTGAGE,credit_card,0,4,26.8,1
53700.0,699,7.0,25300.0,60,15.93,MORTGAGE,debt_consolidation,0,20,52.7,0
24800.0,689,7.0,19400.0,60,17.9,OWN,credit_card,0,4,65.0,1
98400.0,652,2.0,18800.0,36,12.41,MORTGAGE,major_purchase,0,5,27.6,0
110000.0,572,5.0,16300.0,36,17.6,OWN,credit_card,1,3,29.7,1
37200.0,711,5.0,14200.0,60,17.39,RENT,credit_card,2,7,57.0,0
41200.0,763,7.0,5900.0,36,11.19,MORTGAGE,small_business,0,12,12.1,0
55800.0,698,20.0,15000.0,60,14.66,MORTGAGE,credit_card,0,10,40.6,0
57000.0,625,0.0,11600.0,60,16.65,OWN,credit_card,0,9,23.0,0
65900.0,683,0.0,20600.0,36,13.32,MORTGAGE,debt_consolidation,0,12,,0
121100.0,591,0.0,16400.0,36,13.95,RENT,home_improvement,0,13,16.9,0
45300.0,749,10.0,14400.0,60,12.6,RENT,small_business,0,9,,0
34200.0,685,1.0,4700.0,60,15.0,RENT,home_improvement,1,12,26.2,0
26400.0,565,7.0,10500.0,36,18.72,RENT,debt_consolidation,0,15,55.5,1
35300.0,660,3.0,8300.0,36,17.54,MORTGAGE,debt_consolidation,0,7,46.0,1
48300.0,710,4.0,12400.0,36,12.94,OWN,debt_consolidation,0,10,28.7,0
109900.0,658,2.0,8900.0,36,13.76,RENT,debt_consolidation,1,11,11.4,0
38800.0,662,15.0,9500.0,60,17.97,RENT,credit_card,1,6,32.9,0
54200.0,600,5.0,13800.0,60,20.73,MORTGAGE,debt_consolidation,1,6,39.9,1
48700.0,717,20.0,8800.0,36,13.94,RENT,small_business,0,6,23.1,0
83700.0,638,5.0,11600.0,36,17.92,OWN,other,0,7,33.1,0
152800.0,540,1.0,5100.0,60,17.11,RENT,debt_consolidation,0,5,0.0,0
38600.0,656,1.0,7200.0,36,14.58,MORTGAGE,medical,0,7,27.7,0
39300.0,744,20.0,15200.0,36,10.32,RENT,home_improvement,0,6,43.8,0
78400.0,655,10.0,5900.0,36,15.05,OWN,medical,0,9,9.0,0
66600.0,793,0.0,20400.0,36,11.63,OWN,debt_consolidation,0,4,40.0,0
112500.0,708,7.0,17800.0,60,15.97,MORTGAGE,other,0,10,15.2,0
63800.0,702,4.0,9600.0,60,15.1,RENT,other,0,14,27.8,0
41700.0,672,3.0,40000.0,36,17.39,OWN,other,1,12,65.0,1
63900.0,676,1.0,20400.0,36,21.01,OWN,major_purchase,1,14,54.7,1
80700.0,663,10.0,6800.0,36,12.25,MORTGAGE,debt_consolidation,0,8,16.0,0
70900.0,660,0.0,15900.0,36,15.91,MORTGAGE,debt_consolidation,1,11,35.4,1
61600.0,715,3.0,11300.0,60,12.23,OWN,other,0,11,30.5,0
79200.0,619,,7400.0,36,14.0,RENT,debt_consolidation,0,6,20.7,0
83000.0,610,1.0,6400.0,60,13.53,RENT,debt_consolidation,0,8,17.0,0
91300.0,607,5.0,18000.0,36,14.1,OWN,debt_consolidation,0,9,35.7,0
65600.0,813,0.0,8100.0,36,10.28,MORTGAGE,home_improvement,1,9,18.2,0
45500.0,714,3.0,10400.0,36,14.48,OWN,credit_card,0,7,31.3,0
52400.0,700,15.0,6900.0,36,13.2,MORTGAGE,other,2,12,21.1,0
84400.0,611,3.0,7500.0,36,17.1,RENT,medical,1,8,30.2,0
33900.0,721,3.0,10300.0,36,12.92,MORTGAGE,credit_card,0,9,35.7,0
57900.0,672,5.0,13300.0,36,10.99,MORTGAGE,home_improvement,0,8,24.4,0
41100.0,694,5.0,3000.0,60,19.34,RENT,credit_card,3,11,20.6,0
49700.0,617,10.0,11000.0,36,17.27,RENT,debt_consolidation,0,10,24.9,0
87100.0,690,2.0,7500.0,36,12.7,RENT,medical,0,8,14.4,0
53400.0,652,15.0,22100.0,36,15.27,MORTGAGE,credit_card,0,11,48.8,0
50100.0,630,10.0,40000.0,36,13.95,OWN,credit_card,0,11,65.0,1
26600.0,728,10.0,9100.0,36,13.54,MORTGAGE,debt_consolidation,0,6,42.7,0
68600.0,580,1.0,4600.0,36,16.86,MORTGAGE,home_improvement,0,5,10.0,0
65500.0,717,0.0,11600.0,36,11.2,RENT,credit_card,1,4,13.1,0
129800.0,724,7.0,9900.0,36,13.23,MORTGAGE,debt_consolidation,1,8,20.2,0
42700.0,623,15.0,29300.0,36,19.36,MORTGAGE,medical,1,8,65.0,1
54100.0,627,5.0,25200.0,36,20.53,MORTGAGE,debt_consolidation,1,12,58.6,1
54800.0,666,2.0,16900.0,60,16.95,MORTGAGE,credit_card,0,7,33.9,0
99700.0,698,1.0,8200.0,60,12.39,MORTGAGE,major_purchase,0,11,13.9,0
47000.0,670,7.0,15400.0,60,16.41,OWN,medical,0,14,35.5,1
55600.0,708,10.0,12500.0,36,18.02,MORTGAGE,major_purchase,1,5,38.5,0
64400.0,795,1.0,12300.0,60,15.06,RENT,medical,2,9,27.4,0
53300.0,647,0.0,5000.0,60,15.35,MORTGAGE,debt_consolidation,0,10,23.1,0
40100.0,569,4.0,18600.0,60,22.01,OWN,other,0,11,64.4,1
53500.0,734,5.0,11500.0,36,10.61,OWN,debt_consolidation,0,9,30.7,0
79500.0,789,7.0,10400.0,36,10.04,RENT,debt_consolidation,0,11,25.9,0
30900.0,706,10.0,8100.0,60,15.39,MORTGAGE,debt_consolidation,0,5,32.9,0
52000.0,609,7.0,7400.0,60,17.57,RENT,other,1,10,27.5,0
35800.0,672,1.0,12800.0,36,15.65,RENT,credit_card,0,4,46.0,0
83900.0,607,7.0,4600.0,36,15.24,OWN,debt_consolidation,0,5,15.7,0
24700.0,722,20.0,16200.0,36,15.97,OWN,debt_consolidation,0,15,65.0,0
38100.0,592,15.0,6500.0,36,18.03,MORTGAGE,debt_consolidation,0,2,38.0,0
58100.0,660,15.0,3900.0,60,15.03,RENT,home_improvement,0,14,13.2,0
99200.0,615,3.0,27200.0,36,17.79,MORTGAGE,debt_consolidation,0,6,37.2,0
47600.0,688,10.0,7100.0,36,10.88,MORTGAGE,home_improvement,0,3,12.5,0
38200.0,656,15.0,7600.0,60,16.62,RENT,major_purchase,0,4,24.2,0
114300.0,691,7.0,19300.0,36,13.31,RENT,home_improvement,0,11,26.5,0
25600.0,681,2.0,27600.0,36,18.82,RENT,major_purchase,1,9,65.0,1
18200.0,616,20.0,5100.0,60,19.85,MORTGAGE,debt_consolidation,0,5,45.7,1
59800.0,721,4.0,6800.0,36,10.14,RENT,debt_consolidation,0,12,17.8,0
39100.0,677,1.0,7000.0,36,15.59,RENT,small_business,0,10,32.9,0
31000.0,616,1.0,17500.0,60,20.97,OWN,major_purchase,1,14,61.9,1
67400.0,826,7.0,24800.0,60,12.37,OWN,credit_card,0,13,49.2,0
54700.0,711,4.0,6400.0,60,12.64,RENT,major_purchase,0,10,23.4,0
38000.0,670,1.0,22200.0,36,15.77,RENT,credit_card,1,10,59.3,1
27600.0,772,10.0,7700.0,36,11.58,MORTGAGE,debt_consolidation,0,8,33.3,0
72600.0,800,10.0,12900.0,60,12.32,RENT,credit_card,0,9,35.5,0
65700.0,671,10.0,5800.0,36,14.79,RENT,debt_consolidation,0,8,20.3,0
46900.0,703,2.0,10300.0,36,15.68,RENT,credit_card,1,12,40.2,0
112500.0,616,7.0,10300.0,36,14.79,OWN,debt_consolidation,1,7,13.3,0
30300.0,670,0.0,9300.0,36,15.88,OWN,debt_consolidation,0,7,32.9,1
24700.0,667,3.0,13300.0,36,19.15,MORTGAGE,medical,1,11,60.8,1
35900.0,692,4.0,6600.0,36,15.48,MORTGAGE,debt_consolidation,0,13,32.2,0
48000.0,702,10.0,7000.0,36,13.57,MORTGAGE,debt_consolidation,0,8,26.7,0
54700.0,716,4.0,13600.0,60,12.75,MORTGAGE,other,0,11,27.7,0
44000.0,695,0.0,21400.0,36,15.21,MORTGAGE,home_improvement,0,6,57.5,0
57400.0,601,3.0,10800.0,36,17.0,MORTGAGE,home_improvement,0,10,33.9,1
27900.0,619,5.0,14100.0,36,17.72,MORTGAGE,medical,0,9,65.0,0
93900.0,644,,16000.0,36,14.73,RENT,credit_card,0,7,25.9,0
47200.0,662,20.0,16600.0,60,21.07,RENT,debt_consolidation,0,11,46.5,1
81000.0,748,2.0,6800.0,60,9.79,OWN,credit_card,0,10,20.0,0
57200.0,604,2.0,7400.0,60,15.41,RENT,small_business,0,4,14.1,0
60200.0,657,1.0,7700.0,60,17.35,RENT,medical,0,10,17.5,0
63300.0,742,10.0,28700.0,60,16.4,MORTGAGE,debt_consolidation,0,6,65.0,0
60000.0,661,,14100.0,36,17.15,RENT,debt_consolidation,0,8,42.2,0
65500.0,710,1.0,13800.0,36,14.14,RENT,debt_consolidation,0,4,28.5,0
89200.0,671,5.0,13100.0,36,20.09,RENT,home_improvement,3,14,28.3,0
53600.0,697,2.0,5700.0,36,9.61,MORTGAGE,debt_consolidation,0,12,12.1,0
67400.0,665,1.0,28800.0,36,16.84,RENT,medical,0,6,65.0,1
47100.0,723,3.0,13900.0,36,17.69,MORTGAGE,other,2,8,43.5,0
93700.0,580,2.0,15700.0,36,17.31,RENT,home_improvement,0,12,30.4,0
36200.0,656,5.0,4500.0,36,14.19,RENT,other,0,13,20.4,0
110200.0,699,20.0,16200.0,36,15.3,OWN,debt_consolidation,0,6,28.8,0
48100.0,715,1.0,9200.0,36,12.93,MORTGAGE,major_purchase,1,7,23.1,0
25700.0,777,3.0,5600.0,60,11.78,MORTGAGE,home_improvement,0,7,27.3,0
51900.0,655,15.0,6800.0,36,13.84,RENT,debt_consolidation,1,8,27.1,0
36100.0,776,15.0,5800.0,60,12.4,RENT,debt_consolidation,0,8,32.7,0
71600.0,637,4.0,5800.0,60,16.35,MORTGAGE,credit_card,1,11,17.5,0
36500.0,766,7.0,11300.0,36,12.12,RENT,major_purchase,0,11,38.5,0
40100.0,733,1.0,9000.0,36,14.39,MORTGAGE,medical,0,12,37.8,0
20900.0,621,7.0,12900.0,36,14.75,MORTGAGE,home_improvement,0,6,65.0,0
40000.0,700,20.0,25300.0,60,17.35,MORTGAGE,small_business,0,10,,0
16500.0,677,5.0,10300.0,36,17.14,MORTGAGE,debt_consolidation,0,8,65.0,0
24000.0,721,5.0,3600.0,36,12.95,RENT,small_business,0,8,32.3,0
69000.0,665,2.0,9700.0,36,15.88,RENT,home_improvement,1,8,18.1,0
69800.0,660,7.0,19900.0,36,16.5,MORTGAGE,debt_consolidation,0,11,44.4,0
59400.0,769,7.0,10500.0,60,12.21,MORTGAGE,other,0,6,20.6,0
31700.0,674,7.0,23500.0,36,14.45,RENT,credit_card,0,8,,1
48000.0,734,0.0,13700.0,36,14.49,RENT,major_purchase,1,6,35.8,0
48900.0,665,5.0,4400.0,36,16.4,RENT,credit_card,1,3,26.4,0
29100.0,788,7.0,11600.0,60,16.14,MORTGAGE,other,0,9,51.1,0
96400.0,636,2.0,12700.0,60,18.03,RENT,debt_consolidation,0,10,19.4,0
72800.0,640,2.0,18800.0,36,15.76,OWN,credit_card,0,12,43.0,0
44400.0,779,2.0,27200.0,36,12.81,MORTGAGE,debt_consolidation,0,9,65.0,0
49600.0,651,7.0,17200.0,36,13.94,OWN,debt_consolidation,0,10,,0
53800.0,784,7.0,13600.0,36,10.74,MORTGAGE,debt_consolidation,0,8,27.3,0
19600.0,738,10.0,15300.0,60,17.12,RENT,credit_card,0,10,65.0,0
43900.0,670,3.0,10100.0,36,15.3,RENT,major_purchase,1,11,30.2,0
36100.0,562,15.0,5300.0,36,17.22,OWN,credit_card,0,9,18.8,1
31200.0,679,10.0,11200.0,36,14.43,MORTGAGE,credit_card,0,5,43.9,1
43200.0,687,4.0,13100.0,36,13.47,RENT,other,0,7,27.7,0
110100.0,756,1.0,6000.0,36,11.19,OWN,small_business,0,11,16.3,0
65400.0,783,2.0,21200.0,36,12.19,MORTGAGE,debt_consolidation,0,7,38.5,0
37900.0,635,20.0,18100.0,36,19.08,RENT,debt_consolidation,0,9,58.9,1
63400.0,732,3.0,5500.0,60,14.03,MORTGAGE,debt_consolidation,0,10,12.0,0
92000.0,730,3.0,21700.0,36,14.59,MORTGAGE,debt_consolidation,0,12,33.6,0
74300.0,750,2.0,9400.0,36,10.15,RENT,debt_consolidation,0,8,28.0,0
50400.0,712,10.0,7400.0,36,12.75,RENT,small_business,0,13,27.1,0
36600.0,554,2.0,18800.0,36,19.31,RENT,debt_consolidation,0,5,49.3,1
67100.0,670,3.0,10700.0,36,14.89,MORTGAGE,credit_card,0,7,33.5,0
58500.0,605,4.0,28300.0,36,17.68,MORTGAGE,credit_card,0,7,57.8,1
73300.0,667,4.0,7100.0,36,13.43,RENT,home_improvement,0,5,14.1,0
65200.0,744,4.0,4600.0,36,15.92,MORTGAGE,medical,3,10,20.4,0
78600.0,700,5.0,9500.0,36,10.93,RENT,other,0,7,21.1,0
38500.0,755,10.0,16200.0,36,10.18,MORTGAGE,home_improvement,0,13,45.3,0
88700.0,702,10.0,6900.0,60,14.15,OWN,credit_card,0,5,15.6,0
53600.0,596,10.0,5600.0,36,17.15,MORTGAGE,small_business,0,9,29.1,0
124700.0,516,1.0,12300.0,36,19.0,OWN,home_improvement,0,10,6.8,0
35900.0,690,10.0,5300.0,36,15.06,MORTGAGE,credit_card,0,11,25.4,0
107100.0,666,1.0,12800.0,36,13.4,RENT,small_business,0,9,26.5,0
53600.0,616,1.0,9200.0,60,18.81,MORTGAGE,credit_card,2,10,30.3,0
36600.0,569,20.0,14000.0,36,18.67,RENT,other,0,7,47.6,1
39400.0,632,10.0,5500.0,36,12.6,MORTGAGE,debt_consolidation,0,6,23.4,0
42400.0,667,5.0,20900.0,36,15.45,MORTGAGE,credit_card,0,10,61.1,0
59300.0,723,15.0,10000.0,36,10.44,OWN,credit_card,0,8,26.7,0
62000.0,692,20.0,16000.0,36,19.35,RENT,major_purchase,0,8,39.2,0
37900.0,785,7.0,17700.0,36,12.99,OWN,debt_consolidation,0,7,58.9,0
48500.0,613,7.0,6100.0,36,18.71,OWN,credit_card,0,12,25.5,0
128500.0,737,10.0,17000.0,36,9.31,RENT,small_business,0,9,22.2,0
106700.0,683,2.0,5400.0,60,14.84,OWN,home_improvement,0,6,7.0,0
59700.0,725,1.0,5500.0,36,8.86,RENT,credit_card,0,2,8.4,0
49900.0,652,10.0,29200.0,36,18.21,RENT,credit_card,0,13,65.0,1
51700.0,750,3.0,19100.0,36,13.0,OWN,small_business,0,6,43.1,0
64600.0,699,1.0,30800.0,60,17.05,RENT,home_improvement,0,5,53.4,0
30900.0,636,3.0,9100.0,36,16.14,MORTGAGE,medical,0,9,38.3,0
43700.0,679,3.0,11500.0,60,16.35,MORTGAGE,small_business,0,12,30.3,0
23100.0,664,20.0,14200.0,36,16.8,RENT,debt_consolidation,1,9,65.0,0
58700.0,712,7.0,10900.0,36,14.14,MORTGAGE,home_improvement,1,15,35.7,0
65600.0,603,5.0,7500.0,60,15.72,RENT,debt_consolidation,0,8,17.7,0
39400.0,678,20.0,7000.0,60,13.45,RENT,credit_card,0,10,22.5,0
99500.0,706,15.0,12200.0,36,13.64,OWN,credit_card,1,10,22.7,0
28200.0,682,5.0,6400.0,36,16.09,OWN,medical,0,12,37.8,0
25400.0,768,15.0,6300.0,36,8.77,MORTGAGE,debt_consolidation,0,11,27.0,0
54200.0,730,4.0,13300.0,36,14.11,RENT,home_improvement,0,8,42.7,0
78500.0,680,2.0,10400.0,60,13.38,MORTGAGE,debt_consolidation,0,8,20.3,0
104600.0,694,2.0,17500.0,36,11.36,OWN,other,0,13,29.3,0
39900.0,699,7.0,8800.0,36,13.17,RENT,credit_card,1,4,36.7,0
79700.0,706,5.0,8200.0,36,13.76,RENT,small_business,1,5,24.9,0
48200.0,561,7.0,13500.0,36,19.57,OWN,home_improvement,0,11,42.3,1
45400.0,660,7.0,7300.0,36,14.46,RENT,debt_consolidation,0,6,19.3,0
73000.0,584,0.0,7900.0,36,16.2,RENT,other,0,13,19.8,0
65700.0,763,0.0,8000.0,36,12.39,RENT,home_improvement,0,10,22.3,0
24100.0,676,5.0,9800.0,60,18.84,OWN,credit_card,0,12,46.8,0
95300.0,667,2.0,26500.0,36,16.33,MORTGAGE,credit_card,0,10,36.6,1
91200.0,738,7.0,5500.0,36,14.68,RENT,medical,3,10,,0
37000.0,707,5.0,20900.0,36,19.7,OWN,debt_consolidation,2,13,65.0,1
58600.0,607,5.0,15800.0,36,16.99,MORTGAGE,credit_card,0,10,40.2,0
61200.0,675,,23900.0,36,13.98,RENT,medical,0,6,46.7,1
55100.0,658,7.0,40000.0,60,17.26,MORTGAGE,debt_consolidation,0,9,65.0,0
38300.0,567,10.0,22400.0,60,19.65,RENT,home_improvement,0,11,64.8,1
36200.0,635,20.0,17400.0,60,18.82,MORTGAGE,credit_card,0,9,51.4,1
48500.0,668,10.0,5700.0,36,14.78,RENT,debt_consolidation,1,6,25.1,0
83100.0,673,5.0,6000.0,60,16.52,RENT,home_improvement,0,2,2.3,0
62600.0,584,,13100.0,36,17.56,MORTGAGE,major_purchase,1,7,28.6,1
41500.0,755,7.0,4700.0,36,10.66,MORTGAGE,credit_card,1,8,22.4,0
69400.0,673,15.0,14900.0,36,14.11,RENT,debt_consolidation,0,13,23.4,0
15000.0,682,2.0,3800.0,36,13.02,RENT,debt_consolidation,0,11,34.0,0
82200.0,706,2.0,19500.0,36,13.99,OWN,other,0,12,33.5,0
22400.0,629,1.0,9300.0,36,16.46,RENT,debt_consolidation,0,7,50.3,0
41600.0,710,10.0,11700.0,36,15.94,MORTGAGE,debt_consolidation,2,10,42.1,1
29600.0,656,4.0,7500.0,36,15.26,RENT,other,0,5,33.7,0
27400.0,622,0.0,4200.0,36,14.98,MORTGAGE,medical,0,17,26.3,0
82700.0,717,15.0,20300.0,60,16.38,RENT,small_business,1,9,48.3,1
39700.0,777,5.0,21300.0,60,14.81,RENT,debt_consolidation,0,10,61.0,0
57300.0,727,3.0,9200.0,36,10.43,MORTGAGE,debt_consolidation,0,10,16.2,0
48000.0,740,3.0,15200.0,36,14.13,RENT,debt_consolidation,0,8,39.8,0
60800.0,646,3.0,9000.0,36,13.15,MORTGAGE,home_improvement,0,8,27.0,0
50700.0,576,4.0,12600.0,36,16.4,RENT,credit_card,0,10,35.0,0
27500.0,777,3.0,16000.0,60,13.77,RENT,debt_consolidation,0,7,65.0,0
76800.0,814,5.0,14400.0,36,9.49,MORTGAGE,debt_consolidation,0,8,22.1,0
39300.0,780,10.0,21400.0,60,19.32,RENT,medical,1,16,65.0,1
24300.0,658,7.0,14200.0,60,22.73,RENT,major_purchase,1,7,63.8,1
40400.0,605,3.0,11100.0,36,16.98,RENT,home_improvement,0,12,41.8,0
96300.0,611,5.0,7500.0,60,17.53,RENT,debt_consolidation,0,14,16.7,0
71900.0,571,10.0,8600.0,36,17.13,RENT,medical,0,15,8.1,0
41900.0,673,0.0,16400.0,36,15.47,RENT,credit_card,0,8,42.0,0
41900.0,784,0.0,5200.0,60,12.04,RENT,credit_card,1,7,23.0,0
42400.0,671,5.0,19000.0,36,12.53,OWN,other,0,12,41.3,0
124800.0,700,7.0,9500.0,36,13.87,RENT,debt_consolidation,0,9,8.3,0
58200.0,769,2.0,7300.0,36,11.1,OWN,credit_card,1,10,14.1,0
59500.0,654,10.0,6300.0,60,17.51,MORTGAGE,major_purchase,0,11,18.9,0
77900.0,812,7.0,15300.0,36,10.87,RENT,debt_consolidation,1,6,32.7,0
54600.0,809,15.0,10900.0,60,8.93,RENT,credit_card,0,11,22.2,0
43600.0,671,1.0,24200.0,36,19.1,RENT,other,0,7,61.6,1
44900.0,642,10.0,5800.0,36,14.69,MORTGAGE,debt_consolidation,0,12,27.4,0
47500.0,725,1.0,8200.0,36,12.24,MORTGAGE,credit_card,0,4,20.8,0
48200.0,657,5.0,10400.0,36,13.52,MORTGAGE,small_business,0,7,20.7,0
68000.0,605,5.0,7500.0,36,16.96,MORTGAGE,credit_card,0,8,14.2,0
50200.0,763,4.0,11000.0,60,15.21,RENT,credit_card,0,11,32.3,0
68200.0,759,10.0,12800.0,36,12.42,MORTGAGE,debt_consolidation,0,5,30.6,0
47300.0,690,0.0,13900.0,60,18.42,RENT,debt_consolidation,0,5,44.2,0
50800.0,598,5.0,23200.0,36,18.93,OWN,medical,0,9,42.0,0
19900.0,600,2.0,5700.0,36,16.75,RENT,major_purchase,0,7,40.6,1
74000.0,687,10.0,13000.0,36,16.01,RENT,debt_consolidation,0,10,19.2,0
57300.0,648,0.0,7900.0,36,15.74,OWN,credit_card,0,5,27.8,0
76800.0,658,10.0,13600.0,36,13.89,MORTGAGE,credit_card,0,6,27.1,0
15000.0,746,10.0,13600.0,36,18.08,MORTGAGE,debt_consolidation,1,15,65.0,0
125500.0,728,10.0,6700.0,60,12.63,RENT,home_improvement,1,5,11.9,0
46000.0,770,1.0,7000.0,36,12.22,OWN,debt_consolidation,0,8,10.3,0
80700.0,616,7.0,14100.0,36,13.59,OWN,medical,0,14,21.9,0
30700.0,658,0.0,11100.0,60,17.6,MORTGAGE,debt_consolidation,0,13,41.7,0
64600.0,729,10.0,9800.0,60,15.19,RENT,medical,1,6,31.6,0
30500.0,709,10.0,15200.0,60,17.29,MORTGAGE,credit_card,0,11,58.9,1
37000.0,780,5.0,15800.0,60,16.11,OWN,major_purchase,1,11,52.7,1
116000.0,707,10.0,8400.0,36,13.41,MORTGAGE,major_purchase,0,16,35.4,0
45000.0,800,1.0,7100.0,60,11.65,OWN,debt_consolidation,0,8,18.8,0
54100.0,715,5.0,5800.0,60,18.37,RENT,home_improvement,0,13,22.5,0
72500.0,749,3.0,11100.0,60,15.1,OWN,home_improvement,1,14,39.5,0
61300.0,659,20.0,5400.0,36,14.89,RENT,credit_card,0,7,18.8,0
52500.0,681,15.0,11500.0,60,16.07,RENT,credit_card,0,10,29.6,0
57800.0,739,10.0,20100.0,36,10.5,MORTGAGE,debt_consolidation,0,6,,0
144600.0,785,15.0,9200.0,36,9.38,MORTGAGE,debt_consolidation,0,15,15.4,0
47800.0,727,3.0,8400.0,36,12.75,RENT,credit_card,0,6,20.8,0
53700.0,675,15.0,29700.0,60,22.42,OWN,debt_consolidation,2,17,65.0,0
78700.0,770,3.0,23300.0,36,15.54,OWN,other,3,12,52.0,0
80600.0,538,10.0,7500.0,60,21.26,MORTGAGE,home_improvement,1,9,18.8,0
83600.0,588,,11700.0,36,17.47,RENT,credit_card,1,6,23.3,1
65300.0,724,0.0,12900.0,36,18.17,RENT,debt_consolidation,2,8,34.8,1
29300.0,681,3.0,12100.0,36,14.51,MORTGAGE,home_improvement,0,9,52.6,1
102200.0,719,0.0,27100.0,36,12.94,MORTGAGE,debt_consolidation,0,11,40.2,0
29300.0,684,20.0,11400.0,36,12.97,RENT,home_improvement,0,9,44.5,0
56200.0,717,1.0,12300.0,36,13.66,MORTGAGE,debt_consolidation,0,11,23.9,0
34900.0,627,5.0,15400.0,36,22.44,MORTGAGE,home_improvement,2,9,58.5,1
47600.0,717,10.0,19800.0,36,14.83,MORTGAGE,credit_card,0,6,53.3,1
56800.0,745,2.0,17500.0,36,13.28,MORTGAGE,home_improvement,0,6,41.6,0
56600.0,759,5.0,14300.0,60,13.84,MORTGAGE,debt_consolidation,1,11,33.2,0
59300.0,811,7.0,5000.0,36,10.6,RENT,debt_consolidation,1,11,17.0,0
101300.0,696,1.0,8600.0,36,12.39,RENT,debt_consolidation,0,7,13.3,1
60100.0,698,10.0,16500.0,36,16.13,OWN,credit_card,1,7,40.1,1
43900.0,581,3.0,12400.0,60,18.18,RENT,debt_consolidation,0,18,22.9,0
75600.0,645,2.0,16500.0,36,14.94,OWN,debt_consolidation,0,12,35.1,0
83700.0,667,5.0,28100.0,36,13.67,RENT,debt_consolidation,0,10,38.4,1
28200.0,748,4.0,6100.0,36,9.04,MORTGAGE,small_business,0,10,17.4,0
64100.0,640,15.0,19300.0,60,18.22,RENT,home_improvement,0,7,39.5,0
67200.0,732,15.0,9300.0,36,13.59,OWN,other,1,14,24.1,0
42900.0,680,5.0,17500.0,36,13.93,OWN,credit_card,0,9,38.5,0
91000.0,668,3.0,10700.0,36,11.65,RENT,debt_consolidation,0,6,17.3,0
45800.0,696,3.0,31700.0,60,17.16,RENT,small_business,0,12,65.0,1
51900.0,655,2.0,11700.0,36,17.62,MORTGAGE,credit_card,2,9,32.4,0
45300.0,652,5.0,7900.0,36,16.3,OWN,home_improvement,0,16,26.2,0
49400.0,569,10.0,13500.0,36,16.22,MORTGAGE,other,0,9,46.5,0
29900.0,664,3.0,12900.0,60,18.59,OWN,credit_card,0,6,55.7,0
25600.0,649,2.0,19300.0,60,22.71,RENT,credit_card,3,9,65.0,1
100500.0,646,5.0,13700.0,36,14.39,MORTGAGE,major_purchase,2,10,30.3,0
33500.0,707,0.0,37700.0,36,19.6,MORTGAGE,small_business,0,8,65.0,1
31400.0,723,7.0,10300.0,36,13.25,RENT,credit_card,0,10,41.2,1
18600.0,695,5.0,10400.0,36,16.31,MORTGAGE,debt_consolidation,1,8,65.0,0
36800.0,745,5.0,8100.0,36,10.05,OWN,other,0,4,26.7,0
27000.0,717,3.0,11400.0,60,17.99,OWN,credit_card,2,7,53.2,1
102600.0,661,15.0,12300.0,36,14.25,RENT,debt_consolidation,0,15,23.5,0
77200.0,650,1.0,12600.0,36,17.7,RENT,other,2,12,24.9,0
36000.0,700,15.0,11300.0,60,15.68,MORTGAGE,medical,0,11,37.0,0
135100.0,717,3.0,8100.0,36,12.6,RENT,debt_consolidation,0,15,16.2,0
76300.0,771,15.0,7000.0,60,7.8,OWN,debt_consolidation,0,7,8.3,0
42400.0,757,10.0,9100.0,36,12.35,RENT,small_business,0,9,23.9,0
15900.0,645,1.0,19400.0,60,18.52,MORTGAGE,debt_consolidation,0,12,65.0,1
137400.0,673,10.0,21600.0,60,15.29,RENT,debt_consolidation,0,10,33.7,0
26200.0,724,7.0,10500.0,60,16.61,MORTGAGE,other,0,13,43.0,0
23400.0,749,0.0,6800.0,36,13.46,RENT,credit_card,0,9,35.1,0
77700.0,741,1.0,10500.0,36,13.32,RENT,major_purchase,2,13,25.8,0
147000.0,676,7.0,31100.0,60,17.56,MORTGAGE,small_business,0,8,43.8,0
91400.0,598,7.0,18000.0,36,18.19,MORTGAGE,small_business,0,8,30.4,0
63200.0,615,10.0,14400.0,60,16.58,MORTGAGE,other,0,11,30.5,0
64100.0,698,10.0,17700.0,36,15.6,RENT,credit_card,0,8,36.1,0
72000.0,702,7.0,23600.0,36,11.53,RENT,small_business,0,9,37.6,0
69000.0,609,10.0,6100.0,36,17.46,MORTGAGE,major_purchase,0,7,14.0,0
55600.0,683,5.0,9000.0,36,13.48,MORTGAGE,other,0,11,27.3,0
51400.0,721,2.0,8400.0,60,14.78,RENT,small_business,1,9,35.4,0
47700.0,605,15.0,14700.0,60,22.3,RENT,medical,2,8,45.2,0
34900.0,752,0.0,11800.0,36,14.26,RENT,debt_consolidation,0,5,57.7,0
43200.0,655,3.0,16000.0,60,18.4,RENT,debt_consolidation,0,8,,0
22900.0,762,10.0,8500.0,36,11.9,RENT,debt_consolidation,0,16,45.2,0
46900.0,645,4.0,21700.0,60,18.37,MORTGAGE,debt_consolidation,1,3,55.8,0
31400.0,613,0.0,10600.0,60,17.57,OWN,debt_consolidation,0,11,36.6,0
29800.0,650,0.0,15500.0,36,16.88,RENT,debt_consolidation,0,5,59.7,1
53200.0,674,7.0,19900.0,36,16.09,MORTGAGE,other,0,5,50.0,0
91700.0,655,20.0,19100.0,36,15.93,MORTGAGE,debt_consolidation,1,10,26.4,0
74100.0,666,5.0,13100.0,60,16.08,OWN,credit_card,0,11,35.1,0
24200.0,702,5.0,16500.0,36,11.91,MORTGAGE,major_purchase,0,8,65.0,0
31400.0,669,3.0,26100.0,60,20.76,MORTGAGE,debt_consolidation,1,4,65.0,1
74900.0,676,2.0,14100.0,60,15.05,MORTGAGE,debt_consolidation,0,13,31.4,0
31500.0,569,0.0,7600.0,36,16.23,MORTGAGE,debt_consolidation,0,7,29.5,0
44300.0,705,2.0,14600.0,60,15.65,RENT,debt_consolidation,0,8,41.3,0
62800.0,674,4.0,10700.0,36,13.87,RENT,other,0,11,32.6,0
31700.0,785,2.0,3400.0,36,7.79,OWN,medical,0,7,19.4,0
51400.0,619,1.0,13800.0,60,16.32,MORTGAGE,medical,0,12,27.9,0
26900.0,562,7.0,11600.0,36,18.15,RENT,medical,0,11,52.7,0
37400.0,720,15.0,19500.0,36,17.72,OWN,debt_consolidation,0,14,60.0,0
56600.0,703,15.0,7500.0,36,14.82,RENT,major_purchase,2,4,18.5,0
23900.0,614,7.0,5200.0,36,17.09,RENT,small_business,0,5,33.2,0
59800.0,581,0.0,11900.0,60,17.29,MORTGAGE,other,0,3,28.5,1
48600.0,780,10.0,13200.0,60,13.84,MORTGAGE,debt_consolidation,0,10,33.9,0
62900.0,772,1.0,11500.0,36,11.89,MORTGAGE,credit_card,0,11,16.6,1
54200.0,518,7.0,11100.0,36,17.21,RENT,debt_consolidation,0,6,35.5,0
90600.0,650,10.0,6400.0,60,14.84,OWN,debt_consolidation,0,11,9.8,0
51900.0,788,10.0,10200.0,36,8.91,OWN,home_improvement,0,11,41.8,0
40400.0,649,20.0,9200.0,36,19.27,RENT,debt_consolidation,1,8,38.9,0
51800.0,648,10.0,18700.0,60,19.53,RENT,credit_card,0,14,52.3,1
62600.0,662,7.0,13200.0,60,14.63,RENT,home_improvement,0,14,29.9,0
50100.0,607,,9500.0,36,14.37,MORTGAGE,debt_consolidation,0,9,29.0,0
49900.0,569,15.0,25900.0,60,21.36,OWN,debt_consolidation,0,13,58.1,1
35700.0,748,1.0,9600.0,36,10.13,MORTGAGE,other,0,5,36.4,0
36400.0,560,15.0,14500.0,36,17.7,MORTGAGE,major_purchase,0,9,42.2,1
26100.0,696,3.0,10100.0,36,12.21,MORTGAGE,home_improvement,0,4,32.0,0
107700.0,738,1.0,24700.0,36,11.31,MORTGAGE,medical,0,9,30.3,0
28000.0,586,10.0,11400.0,36,16.04,RENT,debt_consolidation,0,9,38.5,1
35900.0,620,0.0,11600.0,60,17.79,RENT,debt_consolidation,0,12,41.5,1
35500.0,759,10.0,10200.0,60,14.05,RENT,debt_consolidation,0,3,34.0,0
73300.0,715,2.0,12100.0,36,12.37,MORTGAGE,credit_card,0,8,23.9,0
42900.0,640,15.0,19900.0,60,17.45,RENT,credit_card,0,11,51.6,0
85900.0,758,7.0,16700.0,36,12.3,RENT,debt_consolidation,1,10,36.7,0
36200.0,758,7.0,11100.0,36,10.0,RENT,debt_consolidation,0,12,33.6,0
55600.0,697,3.0,25600.0,36,17.85,MORTGAGE,major_purchase,2,10,65.0,0
33700.0,621,0.0,16900.0,36,18.37,OWN,credit_card,0,9,59.3,1
128700.0,653,10.0,8800.0,36,13.07,OWN,other,0,10,7.4,0
28700.0,699,1.0,5500.0,60,16.48,MORTGAGE,debt_consolidation,0,11,23.9,0
56400.0,668,3.0,8900.0,36,13.33,MORTGAGE,home_improvement,0,10,14.7,0
65200.0,741,7.0,13400.0,36,11.37,RENT,major_purchase,0,10,20.3,0
59100.0,581,5.0,14700.0,60,17.03,RENT,medical,0,7,29.6,1
45100.0,583,2.0,21600.0,36,19.06,RENT,debt_consolidation,1,6,61.6,1
46200.0,692,1.0,6300.0,36,12.25,RENT,debt_consolidation,0,10,32.7,0
50000.0,648,1.0,8800.0,36,14.89,MORTGAGE,debt_consolidation,0,12,27.5,0
45900.0,639,15.0,6100.0,36,16.15,RENT,home_improvement,0,7,20.1,0
75600.0,565,0.0,5600.0,60,15.02,MORTGAGE,credit_card,0,14,11.3,0
132600.0,681,20.0,8000.0,36,10.01,RENT,home_improvement,0,10,0.0,0
38100.0,677,2.0,13100.0,36,16.45,RENT,debt_consolidation,0,7,37.8,0
26500.0,722,1.0,16100.0,36,13.26,OWN,credit_card,0,16,65.0,1
47100.0,684,5.0,6800.0,36,11.85,RENT,debt_consolidation,0,10,26.2,0
156500.0,671,0.0,7300.0,36,16.72,MORTGAGE,medical,0,5,17.4,0
34100.0,757,7.0,4500.0,36,10.02,RENT,major_purchase,0,10,17.5,1
102500.0,595,15.0,12200.0,36,17.4,RENT,credit_card,0,8,24.6,0
104300.0,715,0.0,7600.0,36,10.38,MORTGAGE,home_improvement,0,12,28.3,0
38200.0,571,10.0,25100.0,36,20.0,MORTGAGE,debt_consolidation,0,7,65.0,0
63300.0,626,4.0,13400.0,60,18.34,RENT,home_improvement,0,6,39.6,0
102000.0,601,1.0,10000.0,60,18.1,OWN,debt_consolidation,0,10,15.1,0
41300.0,731,1.0,7900.0,36,13.98,MORTGAGE,small_business,0,7,20.2,0
44700.0,676,15.0,5200.0,36,13.96,RENT,home_improvement,0,11,12.1,0
37700.0,679,1.0,5500.0,36,13.92,RENT,debt_consolidation,0,3,25.7,0
31100.0,608,15.0,8000.0,36,17.38,MORTGAGE,credit_card,0,9,46.7,0
36600.0,661,5.0,7700.0,36,13.84,MORTGAGE,debt_consolidation,0,7,27.7,0
28300.0,630,0.0,6600.0,36,14.32,RENT,debt_consolidation,0,7,28.8,0
49800.0,705,4.0,13200.0,60,13.23,RENT,other,0,11,44.6,0
34700.0,616,10.0,14100.0,36,15.49,RENT,credit_card,0,9,51.3,0
54500.0,766,10.0,8700.0,60,12.08,RENT,credit_card,0,10,27.0,0
24300.0,571,5.0,28800.0,36,21.58,RENT,home_improvement,1,11,65.0,1
56900.0,628,15.0,4600.0,36,16.21,OWN,credit_card,0,13,20.4,0
71300.0,789,,11300.0,60,12.81,MORTGAGE,credit_card,0,12,20.8,0
20000.0,652,15.0,9800.0,36,13.33,MORTGAGE,debt_consolidation,0,10,55.4,0
58000.0,595,,8300.0,60,16.65,RENT,home_improvement,0,3,23.1,0
85200.0,694,7.0,7700.0,36,13.19,RENT,small_business,0,7,25.9,0
28400.0,649,10.0,10900.0,60,15.93,RENT,other,0,8,49.1,1
104100.0,626,5.0,9800.0,60,16.39,MORTGAGE,debt_consolidation,0,8,29.1,0
59200.0,609,7.0,9000.0,36,15.16,RENT,debt_consolidation,0,5,20.7,0
35700.0,850,5.0,5700.0,60,12.58,RENT,medical,1,12,28.8,0
47800.0,664,3.0,4900.0,36,15.75,RENT,home_improvement,2,13,12.3,1
63000.0,555,5.0,9500.0,36,18.91,OWN,other,0,13,26.8,1
50700.0,777,2.0,8900.0,36,9.21,MORTGAGE,credit_card,1,3,13.4,0
62500.0,720,4.0,9900.0,36,12.85,RENT,credit_card,0,14,30.9,0
32400.0,630,3.0,10400.0,36,16.98,MORTGAGE,debt_consolidation,0,5,46.6,0
52900.0,619,1.0,8400.0,36,18.42,MORTGAGE,debt_consolidation,0,12,21.0,1
25900.0,724,3.0,9800.0,60,19.72,RENT,credit_card,2,8,44.6,1
46600.0,664,15.0,7100.0,36,14.09,RENT,debt_consolidation,0,9,18.0,0
32600.0,555,4.0,23400.0,60,23.47,MORTGAGE,credit_card,0,9,65.0,1
35200.0,796,10.0,7300.0,36,9.54,RENT,medical,0,2,26.5,0
85500.0,652,1.0,9100.0,36,15.18,MORTGAGE,debt_consolidation,0,7,17.9,0
80100.0,777,4.0,7600.0,60,11.82,RENT,debt_consolidation,0,7,15.7,0
64500.0,763,1.0,7600.0,60,17.36,MORTGAGE,other,1,10,30.0,0
30000.0,615,1.0,11100.0,60,21.36,RENT,debt_consolidation,0,7,46.7,0
42500.0,747,7.0,10400.0,36,13.55,MORTGAGE,credit_card,0,7,36.8,0
84600.0,638,7.0,8700.0,36,13.38,OWN,major_purchase,0,4,18.0,0
52200.0,559,2.0,9500.0,36,17.78,RENT,debt_consolidation,0,8,23.2,0
139200.0,652,5.0,7600.0,36,17.56,RENT,medical,0,9,9.1,0
58500.0,706,15.0,13400.0,36,15.46,RENT,credit_card,1,14,27.0,0
53400.0,650,1.0,30600.0,36,18.36,OWN,debt_consolidation,0,12,65.0,0
42700.0,660,0.0,7100.0,36,14.19,MORTGAGE,medical,0,11,20.6,0
52100.0,754,7.0,13300.0,60,14.18,RENT,home_improvement,0,7,34.0,0
45800.0,687,0.0,11200.0,60,16.96,OWN,home_improvement,0,8,37.4,0
67400.0,625,20.0,15300.0,36,16.63,MORTGAGE,credit_card,0,6,29.7,0
75400.0,726,7.0,15500.0,36,15.48,RENT,debt_consolidation,1,5,25.7,0
34400.0,693,5.0,12100.0,36,14.62,MORTGAGE,debt_consolidation,0,4,40.7,0
26900.0,516,4.0,10700.0,36,22.25,MORTGAGE,debt_consolidation,0,6,58.6,1
21500.0,708,5.0,8800.0,60,16.21,MORTGAGE,debt_consolidation,0,11,53.1,0
61600.0,705,1.0,7500.0,36,13.19,RENT,debt_consolidation,0,11,15.3,0
29800.0,681,15.0,10400.0,60,17.75,OWN,debt_consolidation,0,14,46.8,0
18600.0,738,7.0,5800.0,36,14.42,MORTGAGE,debt_consolidation,1,3,46.8,0
58400.0,636,2.0,8100.0,60,15.04,MORTGAGE,debt_consolidation,0,7,34.1,0
150500.0,702,5.0,19000.0,36,15.06,RENT,home_improvement,0,14,26.1,0
48900.0,578,1.0,11500.0,60,17.6,OWN,debt_consolidation,0,12,35.0,0
71500.0,706,0.0,17100.0,36,12.34,MORTGAGE,credit_card,0,17,33.3,0
50900.0,807,7.0,22800.0,36,11.12,OWN,credit_card,0,9,54.2,0
46900.0,615,7.0,10000.0,36,15.92,RENT,major_purchase,0,7,22.3,0
74100.0,631,5.0,12100.0,36,19.02,OWN,home_improvement,3,7,,1
43000.0,634,2.0,9400.0,36,15.29,MORTGAGE,other,1,7,32.6,1
55300.0,688,7.0,7300.0,60,15.48,OWN,home_improvement,0,9,26.5,0
56700.0,611,0.0,6800.0,36,15.4,RENT,debt_consolidation,0,13,16.0,0
36300.0,707,7.0,16700.0,36,15.25,MORTGAGE,credit_card,0,9,49.0,1
76600.0,735,5.0,12100.0,60,13.98,RENT,small_business,0,7,18.1,0
45300.0,715,7.0,27500.0,36,16.56,RENT,credit_card,0,11,65.0,0
34900.0,565,15.0,17800.0,36,19.5,RENT,credit_card,0,7,53.1,0
62400.0,745,15.0,7600.0,60,17.83,OWN,home_improvement,0,5,34.2,0
32700.0,741,20.0,16700.0,36,16.89,MORTGAGE,debt_consolidation,0,7,54.2,0
49600.0,734,20.0,9400.0,36,11.13,RENT,other,0,8,36.4,0
48800.0,704,10.0,20100.0,60,17.76,OWN,credit_card,0,7,57.3,0
79900.0,694,20.0,8600.0,36,14.29,MORTGAGE,home_improvement,0,13,17.0,0
60700.0,747,15.0,6500.0,60,10.42,OWN,other,1,9,21.0,0
48500.0,805,10.0,7300.0,36,12.08,OWN,major_purchase,1,7,33.7,0
70800.0,618,0.0,7500.0,36,13.47,MORTGAGE,credit_card,0,6,13.0,0
91600.0,750,0.0,7200.0,36,13.22,RENT,medical,0,8,18.8,0
63000.0,674,10.0,8200.0,60,14.94,OWN,credit_card,0,8,7.2,0
49200.0,672,5.0,16800.0,60,18.17,RENT,credit_card,1,2,44.0,0
27200.0,580,10.0,26900.0,36,18.66,MORTGAGE,medical,0,3,65.0,1
30400.0,661,3.0,5600.0,36,12.53,MORTGAGE,debt_consolidation,0,9,17.7,0
42700.0,615,4.0,20600.0,36,18.91,RENT,credit_card,0,11,58.0,1
37300.0,650,7.0,8600.0,36,13.31,MORTGAGE,debt_consolidation,0,12,22.2,0
45100.0,609,15.0,13000.0,60,20.33,RENT,small_business,2,13,40.1,1
50300.0,651,1.0,4800.0,60,14.21,RENT,debt_consolidation,0,14,31.5,0
62200.0,654,15.0,14200.0,60,15.89,RENT,home_improvement,0,13,37.7,0
47500.0,686,10.0,4000.0,36,14.15,OWN,debt_consolidation,2,7,23.8,0
61000.0,575,3.0,12800.0,36,15.98,RENT,debt_consolidation,0,9,27.7,0
50500.0,586,3.0,12400.0,36,15.59,OWN,other,0,9,30.7,0
20200.0,704,0.0,12000.0,36,13.45,MORTGAGE,debt_consolidation,0,7,59.3,1
32100.0,628,0.0,7600.0,36,14.87,MORTGAGE,debt_consolidation,1,13,32.3,0
45900.0,750,5.0,14400.0,60,11.74,MORTGAGE,debt_consolidation,0,10,36.8,0
28400.0,695,1.0,13300.0,36,16.53,MORTGAGE,home_improvement,0,11,65.0,0
64200.0,719,2.0,9800.0,36,12.43,RENT,major_purchase,0,12,21.7,0
97600.0,772,10.0,15300.0,36,10.43,RENT,medical,1,9,23.0,0
84800.0,660,5.0,10400.0,60,14.99,MORTGAGE,debt_consolidation,0,7,18.9,0
44500.0,643,7.0,14200.0,60,15.53,MORTGAGE,credit_card,0,9,43.5,0
95900.0,737,2.0,10300.0,36,11.28,RENT,home_improvement,0,10,20.5,0
52400.0,713,10.0,12200.0,60,14.04,MORTGAGE,home_improvement,0,15,35.6,0
42100.0,668,15.0,14600.0,36,16.49,MORTGAGE,small_business,0,13,,0
37200.0,770,5.0,9000.0,36,13.61,MORTGAGE,major_purchase,1,8,34.3,0
42800.0,666,15.0,5900.0,36,17.07,MORTGAGE,debt_consolidation,0,8,25.2,0
41200.0,682,10.0,12600.0,36,12.03,OWN,debt_consolidation,0,8,36.1,0
52900.0,681,10.0,19800.0,36,16.49,MORTGAGE,small_business,0,10,39.1,0
52700.0,619,10.0,12700.0,36,15.76,OWN,credit_card,0,10,28.6,0
49100.0,685,1.0,12800.0,36,16.34,MORTGAGE,credit_card,0,12,42.7,0
59700.0,771,2.0,10700.0,36,12.12,MORTGAGE,credit_card,0,11,30.1,0
83800.0,709,0.0,15800.0,36,14.16,RENT,credit_card,0,3,33.4,0
75200.0,682,0.0,10000.0,60,13.58,RENT,home_improvement,0,11,20.7,0
25100.0,669,1.0,8700.0,36,14.67,OWN,debt_consolidation,0,4,47.1,0
15500.0,702,15.0,19000.0,36,19.02,RENT,home_improvement,0,7,65.0,1
74600.0,729,2.0,8400.0,36,11.82,RENT,debt_consolidation,0,7,19.8,0
26500.0,720,20.0,17100.0,36,16.87,MORTGAGE,small_business,0,10,65.0,0
44300.0,658,7.0,19000.0,36,18.85,MORTGAGE,major_purchase,2,3,58.4,1
29000.0,701,2.0,14500.0,36,15.31,RENT,home_improvement,0,11,59.1,0
21800.0,711,5.0,5900.0,36,13.63,MORTGAGE,credit_card,0,10,37.6,0
62500.0,615,2.0,11100.0,60,15.76,MORTGAGE,debt_consolidation,0,11,24.1,0
69000.0,691,20.0,9900.0,36,14.11,MORTGAGE,debt_consolidation,0,6,25.2,0
37800.0,540,10.0,8500.0,60,19.47,MORTGAGE,debt_consolidation,0,11,27.0,0
15300.0,711,0.0,11700.0,60,18.44,RENT,debt_consolidation,0,10,65.0,1
38300.0,723,20.0,16100.0,36,12.99,MORTGAGE,small_business,0,12,43.0,0
58500.0,729,10.0,8700.0,36,9.35,MORTGAGE,other,0,9,21.1,0
25200.0,654,1.0,10000.0,36,18.53,MORTGAGE,debt_consolidation,0,13,53.2,0
53200.0,700,7.0,9700.0,36,10.98,RENT,debt_consolidation,1,14,25.3,0
48700.0,773,7.0,19600.0,36,11.8,RENT,medical,0,8,40.1,0
63600.0,772,2.0,9600.0,36,12.36,MORTGAGE,small_business,1,6,30.0,0
51700.0,678,10.0,5900.0,36,15.6,OWN,credit_card,0,4,22.5,0
31600.0,689,1.0,5000.0,36,15.96,MORTGAGE,other,0,2,23.3,0
84000.0,752,5.0,13100.0,36,12.97,MORTGAGE,home_improvement,0,8,24.3,0
45600.0,582,0.0,7500.0,36,15.62,OWN,home_improvement,0,8,22.2,0
48400.0,659,20.0,15300.0,36,14.76,MORTGAGE,home_improvement,0,15,45.6,0
32200.0,767,10.0,5600.0,60,14.51,MORTGAGE,debt_consolidation,0,13,34.2,0
40200.0,743,1.0,8400.0,36,10.99,MORTGAGE,credit_card,0,7,31.8,0
32900.0,704,3.0,5600.0,36,13.59,OWN,debt_consolidation,0,10,30.5,0
45400.0,582,1.0,13600.0,36,18.21,OWN,credit_card,0,10,40.0,1
105900.0,677,10.0,15100.0,36,15.34,MORTGAGE,debt_consolidation,1,12,34.8,0
26400.0,642,0.0,13000.0,36,16.53,RENT,credit_card,0,6,54.1,0
23700.0,702,10.0,6400.0,36,14.49,MORTGAGE,credit_card,0,10,32.7,0
95000.0,627,20.0,7500.0,60,17.06,MORTGAGE,debt_consolidation,0,13,18.0,0
44600.0,613,7.0,12300.0,36,17.7,MORTGAGE,debt_consolidation,1,11,37.3,0
36300.0,546,2.0,4700.0,36,19.31,RENT,major_purchase,0,9,20.7,1
78300.0,759,3.0,9700.0,36,9.69,RENT,credit_card,0,10,25.8,0
37300.0,654,5.0,23400.0,36,16.48,MORTGAGE,major_purchase,0,12,63.7,1
111500.0,690,7.0,10000.0,36,13.87,MORTGAGE,major_purchase,0,10,15.8,0
66500.0,680,7.0,5200.0,36,12.78,RENT,debt_consolidation,0,4,16.7,0
39400.0,611,5.0,8100.0,36,15.46,MORTGAGE,credit_card,0,7,28.5,0
129400.0,598,3.0,8000.0,36,12.02,RENT,small_business,0,3,10.4,0
37300.0,615,15.0,31900.0,36,17.95,MORTGAGE,credit_card,1,16,65.0,1
68500.0,633,1.0,25200.0,36,23.27,RENT,medical,3,7,57.2,1
56100.0,704,4.0,15800.0,60,17.55,OWN,home_improvement,1,7,50.2,0
88100.0,628,10.0,9200.0,60,16.43,MORTGAGE,home_improvement,0,10,18.3,0
99000.0,794,0.0,19900.0,36,13.65,RENT,major_purchase,0,10,35.4,0
49700.0,747,7.0,6200.0,36,10.82,MORTGAGE,debt_consolidation,0,8,5.5,0
34900.0,733,,18700.0,36,14.0,RENT,home_improvement,0,9,65.0,0
60300.0,672,7.0,17400.0,60,16.67,OWN,debt_consolidation,0,9,42.9,0
36100.0,778,0.0,10100.0,36,15.43,MORTGAGE,debt_consolidation,1,5,46.8,0
121300.0,666,2.0,19300.0,36,13.02,MORTGAGE,debt_consolidation,0,3,22.7,0
52100.0,678,3.0,8700.0,36,13.1,RENT,credit_card,0,8,32.4,0
41600.0,691,2.0,5800.0,36,15.09,RENT,medical,0,11,19.3,0
53300.0,726,20.0,17800.0,36,14.88,MORTGAGE,debt_consolidation,0,2,32.9,0
26700.0,721,7.0,10500.0,36,15.02,RENT,major_purchase,0,10,49.4,0
31700.0,649,3.0,14800.0,36,16.21,MORTGAGE,debt_consolidation,0,9,,1
84100.0,645,15.0,27200.0,60,17.55,RENT,debt_consolidation,0,9,43.4,0
36500.0,722,10.0,7600.0,60,14.35,RENT,other,0,10,35.4,0
30600.0,726,3.0,10200.0,60,12.2,RENT,debt_consolidation,0,13,42.1,0
62400.0,654,3.0,24000.0,36,17.31,OWN,debt_consolidation,0,14,54.6,0
83600.0,577,2.0,15300.0,60,22.51,OWN,debt_consolidation,2,13,32.6,1
67700.0,667,,7700.0,60,17.35,RENT,debt_consolidation,2,11,19.7,0
76700.0,721,5.0,6800.0,60,15.8,RENT,credit_card,0,10,15.3,0
34900.0,797,15.0,8400.0,36,10.88,RENT,debt_consolidation,0,13,36.7,0
25900.0,602,3.0,7600.0,36,17.74,RENT,credit_card,0,11,37.8,1
96300.0,652,15.0,12300.0,36,15.3,OWN,credit_card,0,5,15.5,0
42400.0,655,0.0,11400.0,60,17.22,MORTGAGE,home_improvement,0,6,35.2,0
43800.0,768,20.0,12600.0,36,10.64,OWN,medical,0,10,40.3,0
89100.0,678,15.0,7200.0,36,12.65,OWN,debt_consolidation,0,7,14.1,0
63000.0,621,3.0,10600.0,36,17.41,MORTGAGE,credit_card,2,4,30.5,0
60200.0,716,10.0,3900.0,36,14.45,MORTGAGE,credit_card,0,13,11.0,0
129900.0,654,10.0,11800.0,60,12.77,OWN,debt_consolidation,0,7,16.6,0
36700.0,600,15.0,19700.0,36,17.02,MORTGAGE,major_purchase,0,13,58.8,1
74400.0,622,3.0,5400.0,36,11.79,RENT,home_improvement,0,8,15.3,0
50300.0,793,4.0,13900.0,60,12.72,MORTGAGE,debt_consolidation,0,8,38.6,0
55300.0,705,15.0,8100.0,36,14.59,MORTGAGE,debt_consolidation,0,13,,0
97500.0,687,10.0,16300.0,60,16.73,OWN,debt_consolidation,0,13,25.9,0
61600.0,664,4.0,11800.0,36,12.38,MORTGAGE,major_purchase,0,8,21.9,0
62500.0,699,10.0,13400.0,36,15.05,RENT,major_purchase,1,16,30.6,0
79400.0,698,0.0,11300.0,36,10.1,RENT,credit_card,0,15,31.1,1
41600.0,699,10.0,21300.0,36,16.54,OWN,debt_consolidation,0,12,61.8,0
33600.0,687,2.0,13000.0,36,15.05,OWN,credit_card,0,7,44.4,0
30600.0,736,,7700.0,60,13.69,MORTGAGE,major_purchase,0,11,34.8,0
20200.0,682,5.0,11500.0,36,16.54,RENT,credit_card,0,8,56.1,0
123700.0,616,4.0,9100.0,36,15.54,RENT,debt_consolidation,0,8,8.1,0
29800.0,640,5.0,11900.0,60,19.56,MORTGAGE,debt_consolidation,0,9,41.5,1
44400.0,551,5.0,8900.0,36,16.08,OWN,debt_consolidation,0,8,30.9,1
43300.0,812,3.0,7800.0,36,8.72,OWN,debt_consolidation,0,13,19.3,0
56300.0,736,1.0,12100.0,36,13.97,OWN,small_business,0,7,35.2,0
70800.0,626,10.0,11200.0,36,14.11,MORTGAGE,debt_consolidation,0,6,20.5,0
72200.0,662,4.0,18600.0,36,18.54,MORTGAGE,medical,2,6,35.0,0
37700.0,639,5.0,8900.0,60,19.17,RENT,home_improvement,1,5,36.9,1
45500.0,780,7.0,4100.0,36,9.29,RENT,credit_card,0,9,22.2,0
55700.0,588,15.0,9100.0,36,15.94,OWN,home_improvement,0,10,23.0,0
43800.0,687,7.0,4900.0,36,14.93,RENT,debt_consolidation,0,6,26.0,0
101000.0,673,0.0,13500.0,36,13.65,MORTGAGE,debt_consolidation,0,8,24.0,0
61100.0,734,10.0,4700.0,60,9.2,MORTGAGE,other,0,9,6.0,0
68200.0,673,20.0,6700.0,36,12.29,RENT,credit_card,0,10,18.4,0
66100.0,566,5.0,9100.0,60,18.57,RENT,debt_consolidation,0,7,23.4,0
83100.0,664,20.0,23700.0,36,14.88,RENT,debt_consolidation,0,4,33.5,0
53200.0,617,5.0,6400.0,36,16.69,MORTGAGE,debt_consolidation,0,10,19.4,0
27300.0,685,4.0,11000.0,60,21.9,RENT,debt_consolidation,1,4,49.7,0
58700.0,773,3.0,14600.0,36,7.65,RENT,debt_consolidation,0,12,28.0,0
36600.0,567,7.0,23000.0,36,19.8,MORTGAGE,debt_consolidation,1,6,65.0,1
38600.0,628,2.0,16100.0,60,20.71,RENT,small_business,1,10,54.0,1
63800.0,644,1.0,18900.0,36,16.97,RENT,major_purchase,1,10,40.8,0
85600.0,655,0.0,16900.0,36,14.12,RENT,debt_consolidation,0,12,26.0,0
49500.0,728,3.0,6000.0,36,9.43,RENT,credit_card,0,7,22.5,0
56300.0,669,,13100.0,60,20.64,MORTGAGE,debt_consolidation,3,8,46.5,1
105500.0,707,5.0,16700.0,36,14.79,OWN,debt_consolidation,2,19,38.1,0
54600.0,639,3.0,6800.0,60,16.42,RENT,credit_card,0,15,30.8,0
158100.0,695,20.0,8200.0,36,9.24,OWN,medical,0,8,14.6,0
63200.0,731,3.0,7300.0,60,15.96,MORTGAGE,debt_consolidation,0,7,34.9,0
22200.0,632,4.0,16100.0,36,17.9,MORTGAGE,credit_card,0,6,65.0,0
68800.0,731,1.0,10600.0,36,10.51,MORTGAGE,other,0,11,30.6,0
58200.0,683,2.0,9300.0,36,15.83,MORTGAGE,small_business,0,8,,0
87600.0,748,0.0,5800.0,36,10.65,RENT,debt_consolidation,0,7,21.5,0
66400.0,667,5.0,10600.0,36,14.5,RENT,debt_consolidation,0,9,33.9,0
46100.0,705,10.0,8200.0,36,18.04,MORTGAGE,other,3,4,36.1,1
28300.0,677,2.0,12400.0,60,17.25,RENT,debt_consolidation,0,11,55.6,0
44600.0,674,3.0,6200.0,36,14.47,MORTGAGE,credit_card,0,7,25.4,0
33400.0,697,0.0,12000.0,60,17.19,MORTGAGE,credit_card,1,11,43.7,0
37800.0,715,10.0,8800.0,36,12.79,RENT,credit_card,0,11,30.3,0
63900.0,599,10.0,5900.0,36,15.15,MORTGAGE,debt_consolidation,0,7,20.0,0
103900.0,773,0.0,5600.0,60,12.16,MORTGAGE,home_improvement,0,9,18.6,0
58500.0,559,3.0,6100.0,60,18.93,MORTGAGE,debt_consolidation,0,5,11.2,0
28600.0,635,20.0,9900.0,36,15.52,RENT,home_improvement,0,6,41.6,0
59900.0,674,4.0,11600.0,36,15.39,RENT,credit_card,0,9,29.4,0
84000.0,707,5.0,12500.0,36,13.44,MORTGAGE,debt_consolidation,0,8,19.5,0
37300.0,782,3.0,12800.0,36,10.17,MORTGAGE,small_business,0,8,41.1,0
46200.0,559,7.0,7500.0,60,16.21,MORTGAGE,other,0,7,28.8,1
49300.0,647,20.0,18600.0,36,16.73,OWN,medical,0,10,49.1,0
34400.0,542,20.0,8800.0,36,18.06,RENT,debt_consolidation,0,12,36.1,0
65600.0,682,10.0,13700.0,36,15.11,OWN,credit_card,1,14,30.2,0
46400.0,698,4.0,10100.0,36,12.16,MORTGAGE,small_business,0,5,19.4,0
59200.0,783,5.0,13200.0,36,9.98,MORTGAGE,credit_card,0,4,29.8,0
32900.0,688,3.0,9800.0,60,17.43,RENT,small_business,0,14,,0
40300.0,748,20.0,13300.0,36,14.84,MORTGAGE,other,0,9,52.1,0
67900.0,718,7.0,10900.0,36,14.66,MORTGAGE,debt_consolidation,0,7,31.3,0
41400.0,652,4.0,16400.0,60,16.7,MORTGAGE,major_purchase,0,8,39.8,0
106600.0,588,0.0,7300.0,36,16.81,RENT,debt_consolidation,0,9,,0
41000.0,698,5.0,4500.0,60,14.77,RENT,medical,0,9,24.4,0
54200.0,583,20.0,6700.0,36,14.99,MORTGAGE,major_purchase,0,3,27.3,0
74600.0,764,5.0,18700.0,36,13.67,OWN,credit_card,0,9,30.3,0
25900.0,669,2.0,10100.0,36,16.71,MORTGAGE,major_purchase,0,6,39.5,0
22200.0,758,0.0,11500.0,60,17.79,RENT,home_improvement,0,7,65.0,0
24700.0,649,3.0,6500.0,60,18.15,OWN,credit_card,0,8,37.2,0
86500.0,697,15.0,11300.0,36,14.19,MORTGAGE,other,0,14,34.0,0
38200.0,694,20.0,6600.0,36,13.09,RENT,debt_consolidation,0,5,27.0,0
155000.0,677,20.0,7100.0,36,14.17,RENT,other,0,11,24.6,0
38000.0,652,10.0,8900.0,36,14.5,MORTGAGE,debt_consolidation,0,8,30.8,0
53300.0,706,5.0,13700.0,60,14.36,RENT,credit_card,1,4,38.5,0
98100.0,620,7.0,14400.0,36,16.32,RENT,debt_consolidation,0,15,16.9,0
120900.0,601,5.0,14600.0,36,16.11,MORTGAGE,debt_consolidation,0,10,14.3,0
124000.0,761,7.0,4900.0,36,9.23,RENT,home_improvement,0,12,24.6,0
84400.0,727,4.0,10900.0,36,12.27,RENT,debt_consolidation,0,10,20.4,0
77700.0,684,7.0,9900.0,60,17.01,MORTGAGE,other,2,10,,0
64000.0,788,1.0,5100.0,36,11.51,MORTGAGE,debt_consolidation,0,10,16.3,0
69600.0,663,2.0,11000.0,36,13.73,RENT,debt_consolidation,0,14,22.4,0
38300.0,766,10.0,9700.0,36,16.41,RENT,medical,3,9,42.8,0
33900.0,691,15.0,14100.0,36,13.79,MORTGAGE,major_purchase,0,7,40.9,1
48900.0,613,5.0,11400.0,36,16.47,RENT,home_improvement,0,9,35.7,1
45400.0,800,0.0,8300.0,60,11.65,MORTGAGE,debt_consolidation,0,7,23.0,0
40000.0,744,15.0,17400.0,36,16.58,OWN,major_purchase,1,6,59.7,0
67100.0,672,7.0,3600.0,36,10.73,MORTGAGE,credit_card,0,14,2.9,0
75300.0,727,4.0,10600.0,60,11.59,RENT,other,0,7,27.5,0
51000.0,654,7.0,4500.0,36,16.26,RENT,home_improvement,2,7,21.1,0
95300.0,734,4.0,6900.0,36,11.52,RENT,major_purchase,0,7,13.1,0
29300.0,525,4.0,14200.0,36,20.07,RENT,small_business,0,12,52.8,1
44900.0,614,15.0,5800.0,36,14.22,RENT,home_improvement,0,2,26.8,0
35500.0,744,1.0,5400.0,36,9.27,RENT,small_business,0,9,24.8,0
21200.0,664,1.0,36000.0,36,18.97,OWN,home_improvement,1,8,65.0,1
47200.0,693,0.0,5500.0,36,15.55,OWN,debt_consolidation,0,9,8.1,0
46400.0,592,3.0,25000.0,36,20.57,MORTGAGE,debt_consolidation,0,5,65.0,0
96900.0,800,1.0,10000.0,36,11.27,RENT,debt_consolidation,1,4,11.1,0
65100.0,757,2.0,8400.0,36,10.47,MORTGAGE,small_business,0,7,21.2,0
30900.0,667,0.0,14500.0,36,18.54,RENT,home_improvement,0,10,48.8,1
112900.0,654,2.0,21300.0,60,16.2,RENT,home_improvement,0,6,31.1,0
84900.0,747,3.0,6200.0,60,14.13,RENT,medical,0,11,11.5,0
63700.0,809,0.0,8500.0,36,14.2,MORTGAGE,credit_card,0,6,36.8,0
44300.0,742,7.0,16700.0,60,15.52,RENT,debt_consolidation,1,8,47.0,0
31800.0,821,5.0,12600.0,36,12.66,RENT,debt_consolidation,0,7,41.4,0
41500.0,620,1.0,19000.0,60,17.36,RENT,debt_consolidation,0,15,50.7,0
80000.0,627,7.0,14200.0,36,16.12,MORTGAGE,debt_consolidation,0,6,25.9,0
114500.0,603,20.0,27000.0,36,14.92,RENT,debt_consolidation,0,12,35.4,0
98200.0,709,20.0,12000.0,60,17.99,RENT,home_improvement,1,11,28.4,0
39300.0,691,0.0,12200.0,60,16.98,MORTGAGE,debt_consolidation,1,10,36.9,0
29600.0,670,10.0,12800.0,36,14.26,RENT,debt_consolidation,0,3,46.3,1
52200.0,733,3.0,10200.0,60,15.24,MORTGAGE,other,1,9,36.6,0
22100.0,760,0.0,16700.0,36,15.0,RENT,other,0,17,65.0,1
56700.0,581,3.0,12300.0,36,15.92,MORTGAGE,home_improvement,0,16,41.4,0
45900.0,641,3.0,16200.0,36,18.5,MORTGAGE,debt_consolidation,2,7,44.6,0
39700.0,733,5.0,17500.0,36,16.53,MORTGAGE,major_purchase,2,4,49.3,0
23900.0,650,7.0,13600.0,60,20.21,RENT,credit_card,0,4,61.6,0
61800.0,628,10.0,14100.0,60,20.3,MORTGAGE,debt_consolidation,0,6,27.8,1
38600.0,746,2.0,6600.0,36,11.06,OWN,home_improvement,0,12,32.4,0
29000.0,596,3.0,8300.0,36,17.82,MORTGAGE,debt_consolidation,0,10,38.3,0
15000.0,660,3.0,16700.0,60,18.78,OWN,other,0,11,65.0,1
48400.0,701,3.0,22300.0,36,16.12,OWN,major_purchase,0,10,,0
108800.0,643,20.0,4100.0,36,14.61,MORTGAGE,debt_consolidation,0,9,15.7,0
103500.0,731,10.0,8200.0,36,14.35,RENT,credit_card,0,11,9.6,0
39900.0,643,20.0,11100.0,36,16.09,MORTGAGE,credit_card,1,11,30.4,0
37400.0,772,7.0,7000.0,60,15.08,MORTGAGE,medical,0,11,26.9,0
60500.0,672,4.0,7200.0,36,15.98,MORTGAGE,credit_card,0,9,26.0,0
31300.0,724,4.0,13900.0,36,13.05,MORTGAGE,debt_consolidation,0,17,51.5,0
56200.0,728,5.0,24100.0,60,19.84,MORTGAGE,debt_consolidation,2,6,58.0,1
69200.0,639,4.0,4000.0,36,11.41,MORTGAGE,debt_consolidation,0,15,12.6,0
85100.0,547,10.0,10000.0,36,17.03,RENT,other,0,8,20.5,0
46900.0,703,4.0,13800.0,36,15.7,RENT,other,1,9,37.7,0
44700.0,685,3.0,16200.0,36,14.69,OWN,debt_consolidation,0,5,51.1,1
33000.0,716,10.0,12800.0,60,15.04,OWN,debt_consolidation,0,10,49.4,0
33800.0,665,15.0,26400.0,36,17.33,MORTGAGE,credit_card,0,5,,1
44300.0,652,4.0,11100.0,60,17.79,RENT,major_purchase,2,8,35.6,0
57800.0,811,,21100.0,36,12.95,RENT,debt_consolidation,0,6,48.1,0
73900.0,584,0.0,7900.0,36,14.73,RENT,credit_card,1,8,16.2,1
34200.0,728,5.0,11300.0,36,14.46,RENT,debt_consolidation,0,13,49.2,0
96000.0,643,0.0,6000.0,60,13.99,RENT,debt_consolidation,0,14,10.3,0
43400.0,658,0.0,17200.0,36,16.6,RENT,small_business,0,7,49.1,0
48600.0,659,7.0,10300.0,36,17.14,RENT,credit_card,1,12,32.8,0
35000.0,628,3.0,13100.0,36,17.2,MORTGAGE,credit_card,0,9,49.5,0
16500.0,717,10.0,9400.0,36,17.14,OWN,major_purchase,0,4,65.0,0
73000.0,770,15.0,14700.0,36,12.91,RENT,major_purchase,0,11,31.0,0
68300.0,711,1.0,13300.0,36,12.62,MORTGAGE,debt_consolidation,0,10,22.8,0
43200.0,687,10.0,6700.0,60,15.15,OWN,credit_card,0,8,28.1,0
50500.0,616,5.0,6800.0,60,16.44,OWN,medical,0,10,24.5,0
61800.0,714,1.0,10800.0,36,12.13,RENT,credit_card,0,7,28.4,0
24300.0,820,7.0,15200.0,36,13.12,RENT,home_improvement,0,7,65.0,0
38600.0,655,7.0,27800.0,36,17.42,RENT,debt_consolidation,0,8,65.0,1
70100.0,656,,12700.0,36,16.48,RENT,debt_consolidation,0,8,29.4,0
27900.0,644,15.0,18100.0,36,18.33,MORTGAGE,debt_consolidation,0,12,65.0,1
55900.0,648,5.0,4900.0,36,12.84,RENT,credit_card,0,4,10.2,0
26600.0,502,20.0,29900.0,60,26.27,MORTGAGE,credit_card,0,13,65.0,1
60500.0,706,5.0,14800.0,36,12.63,RENT,medical,0,8,37.2,0
48200.0,625,1.0,10700.0,36,14.57,MORTGAGE,credit_card,0,13,26.6,0
23700.0,575,5.0,10100.0,60,24.52,RENT,home_improvement,1,15,55.3,1
82800.0,729,2.0,6300.0,60,13.17,MORTGAGE,small_business,0,11,14.9,1
35200.0,610,7.0,7300.0,36,14.81,MORTGAGE,credit_card,0,9,31.9,1
34000.0,658,7.0,28400.0,36,18.91,MORTGAGE,major_purchase,2,7,,1
53700.0,775,4.0,6700.0,36,9.75,RENT,major_purchase,0,13,19.2,0
82200.0,588,1.0,6600.0,36,18.47,RENT,credit_card,2,9,30.0,1
31000.0,580,4.0,7700.0,60,18.15,RENT,debt_consolidation,0,7,33.9,0
50400.0,698,1.0,6000.0,60,14.87,MORTGAGE,other,0,7,22.4,0
59500.0,755,7.0,11000.0,60,14.42,RENT,home_improvement,0,7,19.2,0
67000.0,578,10.0,18900.0,36,14.01,MORTGAGE,small_business,0,7,31.1,0
53100.0,706,20.0,8100.0,36,13.47,RENT,small_business,0,13,11.7,0
41600.0,718,1.0,5500.0,36,13.33,RENT,home_improvement,0,12,25.0,0
33800.0,546,5.0,12700.0,36,18.51,MORTGAGE,credit_card,0,9,41.4,1
51000.0,732,5.0,10600.0,36,11.38,RENT,other,0,13,29.3,0
30300.0,737,15.0,18100.0,36,16.65,RENT,small_business,0,15,65.0,1
15000.0,660,7.0,8700.0,36,19.76,MORTGAGE,medical,1,7,65.0,1
59700.0,761,1.0,9600.0,36,11.06,MORTGAGE,credit_card,0,11,11.5,0
73600.0,754,4.0,10200.0,36,10.16,RENT,other,0,9,13.8,0
16900.0,687,7.0,11400.0,36,16.12,RENT,small_business,1,7,65.0,1
31100.0,651,7.0,9000.0,36,13.57,MORTGAGE,small_business,0,17,,0
64800.0,617,15.0,8300.0,36,15.47,OWN,debt_consolidation,2,6,23.6,0
123700.0,678,2.0,4300.0,36,13.4,RENT,home_improvement,0,11,15.7,0
49500.0,717,20.0,8200.0,60,13.57,MORTGAGE,debt_consolidation,1,11,18.6,0
35300.0,659,0.0,15600.0,36,17.61,OWN,home_improvement,0,7,51.1,1
45100.0,537,20.0,16700.0,60,18.38,MORTGAGE,credit_card,0,10,45.1,0
91000.0,762,15.0,8600.0,60,14.28,RENT,debt_consolidation,1,8,18.4,0
36700.0,692,7.0,20900.0,36,18.49,MORTGAGE,credit_card,1,7,64.7,0
34200.0,655,10.0,10800.0,36,14.68,RENT,credit_card,0,9,33.2,0
39400.0,736,0.0,5600.0,36,15.07,RENT,major_purchase,0,5,25.1,0
31900.0,779,0.0,4800.0,36,9.55,RENT,credit_card,0,8,14.7,0
51800.0,498,1.0,20100.0,36,21.43,RENT,credit_card,0,13,47.1,1
101800.0,708,1.0,9100.0,60,11.71,RENT,small_business,0,14,10.4,0
56700.0,587,5.0,6000.0,36,14.38,MORTGAGE,home_improvement,0,13,22.1,0
43800.0,712,2.0,3500.0,60,13.29,OWN,other,0,11,13.4,0
43000.0,688,15.0,9000.0,60,13.41,RENT,credit_card,0,9,36.0,0
24300.0,721,4.0,13400.0,36,16.06,RENT,small_business,0,7,65.0,0
72900.0,648,7.0,7700.0,36,11.77,MORTGAGE,debt_consolidation,0,9,6.3,0
47300.0,558,7.0,6500.0,36,19.32,MORTGAGE,major_purchase,0,9,32.5,0
45200.0,651,3.0,8300.0,36,14.52,MORTGAGE,major_purchase,0,12,28.0,0
206300.0,706,2.0,20400.0,36,12.43,MORTGAGE,small_business,0,10,20.5,0
56100.0,746,3.0,5500.0,60,13.32,OWN,debt_consolidation,0,7,16.4,0
35000.0,604,10.0,7900.0,36,15.43,RENT,other,0,8,36.8,0
40500.0,747,5.0,20000.0,36,13.42,RENT,other,0,11,56.2,0
82200.0,638,2.0,14000.0,60,14.4,RENT,credit_card,0,7,21.3,1
51600.0,704,10.0,12000.0,36,11.16,MORTGAGE,home_improvement,0,9,31.8,0
25700.0,647,0.0,7900.0,36,13.88,OWN,medical,0,6,35.4,0
74100.0,692,7.0,11100.0,36,11.23,OWN,credit_card,0,6,29.0,0
36300.0,738,4.0,8400.0,36,10.43,OWN,home_improvement,0,8,29.0,0
113900.0,600,10.0,7100.0,60,20.48,RENT,home_improvement,2,9,31.4,0
79700.0,636,15.0,6400.0,60,15.78,MORTGAGE,home_improvement,0,4,20.8,0
40100.0,692,10.0,16200.0,36,13.23,RENT,home_improvement,0,12,50.9,0
87200.0,836,4.0,10600.0,36,10.67,OWN,credit_card,0,12,17.5,0
50500.0,624,1.0,12800.0,36,14.92,RENT,credit_card,0,9,34.4,0
72000.0,813,10.0,11800.0,60,11.31,RENT,medical,0,9,26.1,0
61000.0,810,4.0,13600.0,36,12.17,MORTGAGE,medical,0,13,25.4,0
33500.0,674,0.0,9600.0,36,14.17,MORTGAGE,major_purchase,0,5,40.3,0
36700.0,661,7.0,8600.0,36,13.02,MORTGAGE,credit_card,0,8,32.8,0
77900.0,635,3.0,7300.0,60,12.36,RENT,major_purchase,0,12,16.3,0
42200.0,676,0.0,5400.0,36,12.69,OWN,credit_card,0,4,19.0,0
40900.0,589,15.0,6200.0,36,14.65,MORTGAGE,home_improvement,0,6,13.1,0
31900.0,675,5.0,9100.0,60,20.21,MORTGAGE,credit_card,1,8,52.5,0
59300.0,777,3.0,4900.0,36,12.07,MORTGAGE,debt_consolidation,0,9,16.6,0
124000.0,640,7.0,5500.0,36,15.66,MORTGAGE,credit_card,0,12,12.2,0
30300.0,664,15.0,18400.0,36,19.36,RENT,major_purchase,1,6,65.0,0
49600.0,569,0.0,12200.0,60,17.56,RENT,other,0,5,37.3,0
92500.0,704,7.0,8700.0,36,11.96,MORTGAGE,debt_consolidation,0,4,13.9,0
47300.0,697,10.0,34100.0,36,15.12,MORTGAGE,credit_card,1,11,65.0,0
60100.0,684,2.0,4800.0,36,13.78,RENT,credit_card,0,10,22.4,0
30400.0,666,5.0,17800.0,60,19.76,RENT,credit_card,0,13,59.2,0
59400.0,661,1.0,10300.0,36,16.45,MORTGAGE,other,0,4,29.4,0
45100.0,713,10.0,16200.0,36,15.97,RENT,credit_card,0,8,54.5,1
76400.0,678,10.0,11600.0,36,14.75,RENT,major_purchase,1,9,30.7,0
83600.0,700,1.0,4300.0,36,13.28,OWN,home_improvement,0,4,21.4,0
157200.0,694,10.0,11500.0,60,14.28,RENT,debt_consolidation,0,13,6.5,0
63600.0,753,10.0,12900.0,36,14.33,RENT,small_business,0,8,24.6,0
56800.0,724,3.0,3700.0,60,10.91,MORTGAGE,home_improvement,0,16,15.0,0
53500.0,693,7.0,28900.0,60,16.17,MORTGAGE,small_business,0,4,65.0,0
41800.0,779,0.0,12800.0,60,11.13,RENT,debt_consolidation,0,11,32.8,0
57100.0,707,15.0,15300.0,36,10.31,OWN,debt_consolidation,0,11,29.6,0
42900.0,765,5.0,6100.0,36,14.24,MORTGAGE,major_purchase,2,12,33.5,0
52900.0,719,7.0,15400.0,36,12.79,RENT,credit_card,0,14,40.9,0
88700.0,560,7.0,18900.0,60,19.75,RENT,other,0,4,33.6,0
31200.0,765,5.0,12400.0,60,15.07,MORTGAGE,credit_card,0,11,52.0,0
81900.0,689,15.0,10900.0,36,11.47,RENT,debt_consolidation,0,8,17.3,0
88700.0,677,7.0,7000.0,60,11.45,OWN,small_business,0,12,17.3,0
46500.0,698,15.0,9800.0,60,13.83,RENT,credit_card,0,6,25.7,0
18900.0,658,5.0,8500.0,60,18.28,MORTGAGE,debt_consolidation,0,4,55.8,0
37300.0,695,1.0,14600.0,36,16.56,MORTGAGE,debt_consolidation,0,6,47.9,0
87900.0,642,15.0,7200.0,60,15.55,MORTGAGE,debt_consolidation,0,7,,0
48500.0,763,7.0,14500.0,60,16.92,RENT,debt_consolidation,1,7,48.6,0
31300.0,673,7.0,7200.0,36,16.32,MORTGAGE,home_improvement,0,10,33.2,0
39100.0,655,20.0,9600.0,60,16.58,RENT,major_purchase,0,2,32.7,0
71600.0,620,0.0,14900.0,36,13.77,MORTGAGE,debt_consolidation,0,12,31.2,0
62700.0,697,4.0,7700.0,36,14.54,MORTGAGE,small_business,1,12,18.1,0
44000.0,692,2.0,15100.0,60,17.87,RENT,medical,0,8,47.1,1
41600.0,705,7.0,14400.0,36,15.75,MORTGAGE,home_improvement,1,10,49.5,0
41100.0,613,10.0,9600.0,60,18.57,RENT,major_purchase,1,7,36.6,0
32400.0,576,20.0,19600.0,36,20.67,RENT,debt_consolidation,1,6,65.0,1
101400.0,721,4.0,11400.0,36,10.71,MORTGAGE,debt_consolidation,0,8,1.6,0
42400.0,777,10.0,19000.0,36,14.77,RENT,credit_card,0,6,56.4,0
84800.0,613,15.0,26800.0,36,17.96,OWN,small_business,1,4,45.6,0
97200.0,783,7.0,9700.0,60,13.93,RENT,small_business,0,9,16.5,0
76800.0,698,2.0,15100.0,36,15.37,MORTGAGE,other,0,13,30.8,0
40400.0,680,7.0,8000.0,36,16.35,OWN,home_improvement,0,12,25.3,0
58800.0,654,20.0,6500.0,36,14.57,RENT,credit_card,0,6,12.7,0
48500.0,590,20.0,9900.0,60,15.5,RENT,major_purchase,0,10,28.6,0
32600.0,744,7.0,5500.0,36,13.37,RENT,debt_consolidation,1,8,32.2,0
56700.0,630,15.0,6800.0,60,19.44,OWN,major_purchase,1,11,32.8,1
28800.0,629,2.0,14700.0,36,18.7,MORTGAGE,credit_card,0,8,61.1,0
83700.0,744,2.0,8500.0,36,10.99,RENT,debt_consolidation,0,11,13.3,0
39800.0,558,20.0,15600.0,60,18.63,RENT,debt_consolidation,0,7,42.0,1
53700.0,581,1.0,12700.0,36,18.57,OWN,other,0,8,31.3,0
55700.0,679,2.0,27600.0,36,14.58,MORTGAGE,home_improvement,0,4,51.3,0
43600.0,699,4.0,14200.0,60,18.63,MORTGAGE,debt_consolidation,0,11,51.9,0
63800.0,712,5.0,19100.0,36,14.29,MORTGAGE,debt_consolidation,1,8,48.1,0
39600.0,660,7.0,13400.0,60,18.13,MORTGAGE,credit_card,0,9,45.6,0
72600.0,844,3.0,12800.0,60,11.06,OWN,debt_consolidation,0,12,33.9,0
26800.0,665,15.0,19600.0,36,16.03,MORTGAGE,debt_consolidation,0,8,65.0,0
51900.0,665,15.0,15300.0,36,15.89,OWN,major_purchase,0,4,38.5,0
117300.0,628,4.0,12100.0,36,13.62,MORTGAGE,major_purchase,0,2,15.9,0
31300.0,688,4.0,12100.0,60,15.83,RENT,other,0,9,48.7,0
36100.0,720,7.0,14300.0,60,15.81,RENT,debt_consolidation,0,14,43.8,0
61800.0,758,7.0,7800.0,36,9.31,OWN,medical,0,6,19.2,0
53100.0,583,4.0,7700.0,36,13.22,RENT,debt_consolidation,0,9,23.6,1
57400.0,664,,22300.0,36,17.94,MORTGAGE,debt_consolidation,0,10,48.9,1
61100.0,709,3.0,27800.0,36,14.81,MORTGAGE,debt_consolidation,0,6,56.7,0
65200.0,718,2.0,6900.0,36,12.95,RENT,other,1,7,21.1,0
80800.0,680,4.0,7800.0,60,16.47,RENT,other,2,6,23.5,0
58900.0,715,7.0,19400.0,60,14.39,RENT,medical,0,4,39.1,0
44000.0,627,10.0,14300.0,60,17.79,RENT,debt_consolidation,0,7,34.4,0
66300.0,781,10.0,15300.0,36,12.61,MORTGAGE,medical,0,8,40.8,0
115300.0,745,3.0,17100.0,60,13.43,RENT,home_improvement,0,14,23.7,0
46200.0,593,10.0,9700.0,60,18.52,OWN,debt_consolidation,0,7,31.5,0
31600.0,610,0.0,12900.0,36,18.19,RENT,debt_consolidation,0,8,49.8,1
80700.0,612,5.0,12400.0,36,14.9,MORTGAGE,small_business,0,12,19.3,0
46400.0,724,10.0,7100.0,60,14.85,RENT,major_purchase,0,10,37.3,0
18400.0,596,7.0,12800.0,60,20.76,MORTGAGE,medical,0,9,65.0,0
71800.0,658,5.0,20300.0,36,14.39,RENT,credit_card,0,10,36.9,0
38500.0,710,7.0,9300.0,36,11.05,RENT,credit_card,0,12,27.7,0
47100.0,676,15.0,11800.0,36,15.39,MORTGAGE,small_business,0,9,42.9,0
56900.0,697,5.0,12100.0,60,12.26,OWN,major_purchase,0,9,26.3,0
53400.0,611,10.0,9500.0,60,17.62,RENT,debt_consolidation,0,10,29.9,0
67500.0,719,20.0,15300.0,36,13.16,RENT,small_business,0,6,21.0,0
40300.0,640,7.0,7800.0,36,17.27,MORTGAGE,debt_consolidation,1,13,32.7,0
61800.0,659,5.0,21300.0,60,18.05,OWN,credit_card,0,10,48.6,0
43600.0,695,0.0,15000.0,60,16.19,RENT,debt_consolidation,0,9,45.5,0
68400.0,687,3.0,6800.0,60,14.55,RENT,home_improvement,0,11,7.4,0
64700.0,682,5.0,25600.0,60,16.19,RENT,debt_consolidation,0,9,42.0,0
32200.0,631,10.0,11900.0,36,14.75,RENT,other,0,7,44.5,0
79900.0,661,4.0,7600.0,60,15.87,RENT,home_improvement,0,7,23.1,0
38500.0,680,20.0,19000.0,36,14.57,RENT,other,1,4,56.8,0
70500.0,591,2.0,14000.0,60,16.29,MORTGAGE,debt_consolidation,0,10,24.6,0
57800.0,650,10.0,4500.0,36,14.31,MORTGAGE,home_improvement,0,14,12.1,0
112100.0,705,4.0,8400.0,60,15.56,RENT,other,1,8,12.7,0
44300.0,597,5.0,12600.0,60,17.64,MORTGAGE,debt_consolidation,0,9,38.8,1
41900.0,755,10.0,3700.0,36,8.65,RENT,debt_consolidation,0,7,12.3,0
48600.0,763,3.0,11400.0,36,13.8,RENT,home_improvement,0,9,43.1,0
42800.0,599,,11800.0,36,16.58,RENT,credit_card,0,11,34.1,0
70300.0,768,5.0,6100.0,60,11.31,RENT,debt_consolidation,1,6,15.0,0
23700.0,671,5.0,12500.0,60,19.13,MORTGAGE,other,0,10,50.3,0
30500.0,707,10.0,11000.0,60,15.3,RENT,small_business,0,7,31.0,0
30300.0,648,20.0,6000.0,36,15.69,MORTGAGE,credit_card,0,14,38.2,0
75200.0,740,0.0,17300.0,36,16.87,MORTGAGE,debt_consolidation,3,5,44.9,1
105800.0,706,7.0,16600.0,36,14.37,MORTGAGE,debt_consolidation,1,9,27.0,0
46800.0,627,7.0,9500.0,36,14.89,MORTGAGE,debt_consolidation,0,9,27.7,0
45400.0,604,20.0,9900.0,36,16.72,RENT,credit_card,0,12,18.7,0
50600.0,585,20.0,15700.0,60,19.7,RENT,credit_card,0,8,36.5,1
82700.0,692,7.0,9900.0,36,13.54,RENT,debt_consolidation,0,6,11.8,0
32300.0,717,5.0,4200.0,60,15.74,RENT,other,0,15,19.1,0
54600.0,722,1.0,14000.0,36,15.34,MORTGAGE,credit_card,0,10,29.4,0
76000.0,672,4.0,7300.0,36,15.22,MORTGAGE,debt_consolidation,0,12,19.4,0
61400.0,605,5.0,9000.0,36,14.8,RENT,small_business,0,10,19.6,0
53400.0,636,10.0,22700.0,36,18.69,OWN,debt_consolidation,0,11,43.3,1
76900.0,755,7.0,10200.0,60,12.06,RENT,small_business,0,9,20.1,0
15000.0,648,7.0,10900.0,36,16.97,RENT,small_business,0,10,65.0,1
66500.0,689,4.0,14100.0,36,16.02,OWN,other,1,9,36.3,0
36500.0,610,10.0,14100.0,60,19.64,RENT,debt_consolidation,0,8,57.8,1
21500.0,702,1.0,6900.0,60,18.12,OWN,debt_consolidation,0,6,54.4,1
61700.0,650,1.0,10600.0,36,16.71,RENT,debt_consolidation,0,6,19.0,0
91000.0,748,1.0,11100.0,36,12.82,RENT,debt_consolidation,0,9,18.2,0
46100.0,730,15.0,12500.0,36,14.49,RENT,major_purchase,0,10,30.8,0
75300.0,648,0.0,12600.0,36,11.41,MORTGAGE,small_business,0,8,10.1,0
101300.0,672,10.0,39900.0,36,18.47,MORTGAGE,other,2,9,57.4,1
88600.0,644,2.0,6100.0,60,16.54,RENT,debt_consolidation,1,9,23.0,0
102500.0,588,4.0,17900.0,36,15.61,RENT,major_purchase,0,7,19.4,0
68500.0,624,15.0,19800.0,36,20.06,RENT,debt_consolidation,1,11,46.5,0
50700.0,693,5.0,14000.0,36,16.47,RENT,other,2,8,43.4,0
23800.0,701,2.0,7900.0,60,16.76,OWN,debt_consolidation,0,8,46.2,0
43900.0,690,3.0,25100.0,36,20.46,RENT,major_purchase,1,15,65.0,1
33500.0,660,15.0,3700.0,36,18.9,MORTGAGE,debt_consolidation,3,8,26.0,0
130200.0,741,,7800.0,36,13.48,RENT,debt_consolidation,1,8,21.9,0
45300.0,684,5.0,19700.0,36,15.51,RENT,small_business,0,13,54.0,0
51800.0,726,4.0,9100.0,36,12.85,MORTGAGE,medical,0,8,23.3,0
62800.0,565,3.0,24300.0,36,18.97,MORTGAGE,major_purchase,0,12,51.8,1
50000.0,425,2.0,5100.0,36,23.69,OWN,debt_consolidation,3,13,26.7,1
105100.0,698,7.0,6300.0,36,10.22,MORTGAGE,credit_card,0,8,11.2,0
37000.0,587,7.0,8400.0,36,15.19,RENT,debt_consolidation,1,4,27.1,1
53500.0,666,2.0,13500.0,60,17.64,RENT,major_purchase,0,5,44.8,0
35100.0,660,10.0,9800.0,36,14.76,MORTGAGE,debt_consolidation,0,11,31.7,0
27100.0,783,15.0,8600.0,60,15.47,RENT,other,2,9,33.9,0
37200.0,706,15.0,22300.0,36,19.52,MORTGAGE,home_improvement,1,6,65.0,1
48200.0,691,1.0,23300.0,60,20.85,MORTGAGE,home_improvement,0,9,59.6,1
40400.0,734,3.0,8900.0,36,14.87,MORTGAGE,major_purchase,2,8,23.2,0
35900.0,704,15.0,4700.0,36,14.67,MORTGAGE,home_improvement,1,10,30.9,0
26000.0,650,2.0,3700.0,60,18.91,MORTGAGE,debt_consolidation,1,9,29.0,0
47200.0,750,0.0,12300.0,60,15.77,RENT,debt_consolidation,0,5,39.0,0
24900.0,608,15.0,15200.0,60,23.73,MORTGAGE,debt_consolidation,2,10,65.0,1
69000.0,701,3.0,11300.0,60,14.63,RENT,credit_card,1,9,29.9,0
50900.0,579,4.0,10600.0,36,19.59,MORTGAGE,debt_consolidation,2,10,35.7,1
25400.0,693,4.0,7300.0,36,14.2,MORTGAGE,home_improvement,0,10,36.0,0
42700.0,693,10.0,15200.0,36,16.75,MORTGAGE,debt_consolidation,0,4,47.4,0
34900.0,789,3.0,25300.0,36,15.6,MORTGAGE,medical,1,10,65.0,0
56600.0,578,15.0,3600.0,60,17.34,MORTGAGE,small_business,0,10,5.9,0
89600.0,641,7.0,10500.0,36,15.39,RENT,medical,1,11,16.9,0
21100.0,733,5.0,6700.0,60,19.73,OWN,debt_consolidation,2,10,44.4,1
51600.0,702,3.0,5200.0,36,15.3,RENT,major_purchase,1,9,11.3,0
45600.0,692,2.0,6200.0,36,12.81,MORTGAGE,medical,0,11,19.7,0
66300.0,618,7.0,13200.0,36,17.93,MORTGAGE,debt_consolidation,0,11,28.6,0
54000.0,642,4.0,13400.0,36,14.22,MORTGAGE,other,0,14,26.3,0
34900.0,761,15.0,22700.0,60,17.52,MORTGAGE,debt_consolidation,0,6,65.0,1
42500.0,677,5.0,11000.0,60,16.57,MORTGAGE,debt_consolidation,0,7,26.7,0
34300.0,704,5.0,4500.0,36,12.35,RENT,credit_card,0,5,17.1,0
79600.0,673,4.0,9700.0,60,14.86,MORTGAGE,debt_consolidation,0,8,22.6,0
49500.0,603,10.0,5500.0,36,16.61,RENT,medical,1,8,17.3,0
115300.0,741,4.0,6000.0,60,14.15,MORTGAGE,debt_consolidation,0,6,15.3,0
47700.0,713,2.0,14600.0,36,13.84,RENT,credit_card,0,8,32.6,0
35600.0,830,15.0,12100.0,36,13.55,MORTGAGE,home_improvement,0,10,50.0,0
24800.0,614,7.0,14700.0,36,17.72,RENT,major_purchase,0,12,62.5,1
21800.0,733,7.0,9100.0,36,15.37,RENT,debt_consolidation,0,5,42.0,0
24000.0,595,7.0,16200.0,36,16.39,MORTGAGE,small_business,0,12,65.0,1
55300.0,690,,8900.0,36,13.65,MORTGAGE,debt_consolidation,0,4,23.7,0
61600.0,743,3.0,19100.0,36,12.59,MORTGAGE,small_business,0,10,28.6,0
24100.0,545,,13000.0,36,21.21,OWN,other,2,10,65.0,1
73300.0,667,10.0,9900.0,60,17.31,RENT,debt_consolidation,0,10,25.4,0
39400.0,643,1.0,12200.0,60,20.66,RENT,debt_consolidation,2,9,58.2,0
52400.0,634,10.0,10800.0,60,17.33,RENT,credit_card,0,6,29.7,0
101300.0,705,1.0,24300.0,36,12.59,RENT,debt_consolidation,1,2,25.2,0
73400.0,753,,12400.0,36,12.94,RENT,debt_consolidation,0,5,39.4,0
43400.0,671,,10900.0,36,13.54,MORTGAGE,debt_consolidation,0,7,35.8,0
32800.0,693,5.0,9700.0,36,16.25,RENT,credit_card,1,11,28.1,0
18600.0,687,7.0,16700.0,36,16.61,RENT,debt_consolidation,0,12,65.0,1
35500.0,680,1.0,15600.0,36,15.04,MORTGAGE,credit_card,0,8,52.6,0
44600.0,609,3.0,9500.0,36,17.55,RENT,credit_card,0,5,33.5,0
31400.0,752,15.0,6100.0,36,12.41,RENT,small_business,0,5,31.4,0
46200.0,699,4.0,7000.0,36,13.88,RENT,other,0,8,26.7,0
50700.0,706,10.0,10000.0,60,18.47,OWN,credit_card,2,13,34.9,0
44300.0,628,15.0,21500.0,60,19.13,RENT,credit_card,0,8,56.7,1
36600.0,650,20.0,9700.0,36,14.71,MORTGAGE,debt_consolidation,0,5,39.1,0
52900.0,669,15.0,8100.0,36,13.23,MORTGAGE,home_improvement,0,13,11.0,0
59800.0,580,3.0,4500.0,60,17.03,RENT,other,0,11,11.1,0
30000.0,570,20.0,23300.0,60,23.59,RENT,major_purchase,0,14,65.0,1
92500.0,641,10.0,14500.0,60,16.65,MORTGAGE,debt_consolidation,0,13,19.2,0
46900.0,714,10.0,16300.0,36,12.28,OWN,medical,0,6,43.7,0
49400.0,638,0.0,17700.0,36,13.93,RENT,small_business,0,11,37.1,0
67400.0,614,20.0,10100.0,36,18.74,RENT,debt_consolidation,0,8,20.4,0
54400.0,627,10.0,11400.0,60,17.45,RENT,small_business,0,9,29.9,0
75300.0,650,,23000.0,60,17.51,RENT,debt_consolidation,0,4,43.1,0
55800.0,657,1.0,12000.0,36,18.37,MORTGAGE,credit_card,1,3,41.6,0
37200.0,821,2.0,14700.0,36,12.06,MORTGAGE,debt_consolidation,0,11,53.1,0
57700.0,749,20.0,16900.0,36,12.9,RENT,debt_consolidation,0,8,40.8,0
29300.0,747,5.0,15100.0,60,15.36,OWN,major_purchase,1,6,57.4,0
51500.0,756,4.0,10300.0,60,15.54,RENT,major_purchase,0,9,31.2,0
48300.0,615,10.0,10800.0,36,17.44,MORTGAGE,debt_consolidation,0,9,25.6,0
44600.0,601,1.0,16100.0,36,17.52,MORTGAGE,debt_consolidation,1,6,43.5,1
46300.0,608,4.0,16100.0,36,15.71,RENT,credit_card,0,7,38.3,0
21000.0,767,3.0,19600.0,60,17.03,RENT,major_purchase,1,6,65.0,1
38300.0,644,3.0,14400.0,60,18.51,RENT,debt_consolidation,0,8,45.5,0
51100.0,599,3.0,14700.0,36,17.11,OWN,major_purchase,1,8,35.4,1
52700.0,652,2.0,8800.0,36,14.98,MORTGAGE,other,0,8,37.2,0
30900.0,664,1.0,8200.0,36,16.4,RENT,credit_card,1,4,27.3,0
86600.0,697,7.0,16200.0,36,14.95,MORTGAGE,debt_consolidation,1,11,25.3,0
33200.0,696,15.0,8200.0,36,15.7,MORTGAGE,debt_consolidation,0,7,36.6,0
75800.0,626,5.0,10800.0,36,14.51,RENT,debt_consolidation,0,12,20.8,0
59400.0,725,3.0,21800.0,60,15.46,MORTGAGE,debt_consolidation,0,6,49.2,0
36700.0,638,1.0,20100.0,60,17.64,MORTGAGE,major_purchase,0,8,59.8,0
109000.0,670,10.0,12700.0,36,13.42,RENT,debt_consolidation,0,5,19.3,0
28600.0,725,20.0,9400.0,36,11.05,MORTGAGE,debt_consolidation,0,12,43.8,0
74100.0,638,3.0,10300.0,36,17.76,MORTGAGE,credit_card,3,4,31.9,1
76900.0,643,3.0,16900.0,60,17.37,RENT,medical,1,16,28.0,1
36300.0,718,7.0,10700.0,60,12.35,MORTGAGE,debt_consolidation,0,10,33.2,0
91700.0,624,10.0,8300.0,36,13.6,RENT,major_purchase,0,8,13.4,0
43800.0,655,4.0,20100.0,36,18.35,OWN,home_improvement,0,11,48.1,0
55800.0,716,7.0,12000.0,36,14.54,RENT,home_improvement,0,6,33.6,0
55100.0,814,7.0,8200.0,36,10.5,MORTGAGE,medical,0,10,25.8,0
46100.0,719,20.0,13900.0,36,18.02,MORTGAGE,debt_consolidation,3,10,,1
70600.0,711,,17800.0,36,14.73,RENT,credit_card,0,8,39.8,0
70100.0,715,20.0,6600.0,36,14.88,RENT,small_business,0,13,24.1,0
22300.0,610,,9900.0,36,18.18,MORTGAGE,medical,0,10,62.3,0
88200.0,688,10.0,9700.0,60,17.75,MORTGAGE,debt_consolidation,0,11,37.8,0
23200.0,678,5.0,13700.0,36,17.36,RENT,debt_consolidation,0,12,57.0,0
78000.0,701,5.0,15000.0,60,15.49,OWN,debt_consolidation,1,10,22.2,0
81400.0,688,7.0,8300.0,36,12.68,MORTGAGE,major_purchase,0,7,18.8,0
30000.0,705,4.0,5200.0,36,13.45,RENT,medical,0,17,26.6,0
40700.0,660,1.0,18300.0,36,17.53,MORTGAGE,credit_card,0,7,56.2,1
29800.0,684,5.0,6200.0,36,13.66,MORTGAGE,debt_consolidation,0,7,26.9,0
44500.0,600,5.0,12500.0,36,17.32,OWN,debt_consolidation,0,7,39.9,0
42700.0,659,2.0,10200.0,36,13.62,RENT,home_improvement,0,9,21.3,0
69600.0,770,15.0,11900.0,36,12.1,RENT,other,0,11,19.2,0
88400.0,701,2.0,25000.0,60,16.97,RENT,major_purchase,1,14,41.0,0
91900.0,679,4.0,40000.0,36,20.02,OWN,major_purchase,1,9,61.2,1
38100.0,803,1.0,4800.0,36,8.71,RENT,credit_card,0,1,20.9,0
44600.0,592,5.0,17900.0,60,21.34,RENT,other,2,6,44.7,1
23000.0,608,3.0,10100.0,60,19.03,MORTGAGE,major_purchase,0,6,58.7,0
34100.0,791,5.0,18500.0,36,17.23,RENT,debt_consolidation,2,4,65.0,1
75700.0,683,2.0,17700.0,36,14.14,RENT,small_business,0,8,26.0,1
101400.0,664,0.0,22100.0,36,13.07,MORTGAGE,credit_card,0,6,24.3,0
28100.0,602,10.0,12600.0,36,21.89,RENT,home_improvement,1,5,51.5,1
37500.0,709,7.0,7000.0,36,13.55,MORTGAGE,other,0,14,21.7,0
48400.0,715,3.0,17400.0,36,13.77,RENT,debt_consolidation,0,5,34.3,0
55600.0,609,0.0,11600.0,60,15.79,MORTGAGE,major_purchase,0,11,31.7,1
34100.0,671,15.0,9700.0,36,15.17,RENT,home_improvement,0,10,29.0,0
59300.0,658,1.0,8600.0,36,11.69,MORTGAGE,other,0,9,20.8,0
39600.0,697,15.0,18100.0,36,11.66,RENT,debt_consolidation,0,8,53.0,1
48700.0,607,5.0,24400.0,36,18.26,RENT,small_business,0,8,55.2,1
62700.0,761,3.0,6000.0,36,11.44,RENT,debt_consolidation,0,10,21.5,0
49200.0,740,10.0,14900.0,36,12.37,MORTGAGE,debt_consolidation,0,12,40.0,0
40300.0,656,15.0,9100.0,36,16.6,RENT,debt_consolidation,0,13,28.4,0
46700.0,666,3.0,5300.0,60,14.77,MORTGAGE,credit_card,1,10,16.1,0
47100.0,671,4.0,11800.0,36,12.6,MORTGAGE,other,0,8,25.1,0
41500.0,629,4.0,7200.0,36,13.49,RENT,debt_consolidation,0,8,30.7,0
43600.0,651,15.0,5000.0,60,18.32,RENT,debt_consolidation,2,9,25.9,0
100600.0,662,7.0,7400.0,60,15.61,MORTGAGE,debt_consolidation,0,14,20.6,0
63100.0,785,2.0,6500.0,36,13.36,OWN,credit_card,2,5,17.4,0
42900.0,742,2.0,7900.0,60,13.97,RENT,debt_consolidation,0,7,29.1,0
67100.0,741,2.0,5600.0,36,8.73,RENT,other,0,11,0.0,0
42200.0,704,2.0,9000.0,36,16.93,RENT,credit_card,0,11,46.1,0
83100.0,607,2.0,7700.0,36,15.23,RENT,major_purchase,1,13,28.9,0
57900.0,677,7.0,13200.0,36,10.48,RENT,major_purchase,0,7,20.6,0
46700.0,743,1.0,14700.0,36,9.99,MORTGAGE,home_improvement,0,5,35.1,0
60000.0,598,4.0,12500.0,36,14.43,MORTGAGE,other,0,11,26.0,0
24200.0,721,7.0,9700.0,60,17.58,RENT,other,0,13,43.8,0
29500.0,831,3.0,9600.0,36,10.95,OWN,debt_consolidation,0,8,37.6,0
28600.0,749,0.0,7200.0,36,13.17,RENT,other,2,10,40.8,0
52300.0,772,1.0,7300.0,36,12.65,RENT,credit_card,1,7,19.2,0
106900.0,694,1.0,15500.0,60,15.52,RENT,debt_consolidation,1,12,16.9,0
133800.0,743,10.0,4500.0,60,17.39,RENT,home_improvement,1,10,24.2,0
65300.0,633,7.0,10500.0,36,18.99,MORTGAGE,debt_consolidation,1,12,33.0,0
61400.0,732,0.0,9300.0,60,16.15,RENT,credit_card,1,9,24.3,0
21800.0,723,4.0,14800.0,60,14.87,MORTGAGE,major_purchase,1,13,65.0,0
38400.0,699,2.0,5400.0,60,15.77,MORTGAGE,debt_consolidation,2,7,25.6,0
34400.0,766,5.0,11000.0,36,10.93,RENT,debt_consolidation,0,10,38.9,0
37100.0,645,5.0,13000.0,36,17.73,MORTGAGE,other,0,9,41.2,0
45400.0,668,5.0,4200.0,36,12.19,MORTGAGE,credit_card,0,6,12.4,0
39600.0,686,3.0,6400.0,60,17.01,OWN,debt_consolidation,0,14,19.0,0
20100.0,613,1.0,10400.0,60,17.92,RENT,other,0,5,55.5,0
68600.0,695,10.0,14100.0,60,15.67,RENT,other,0,2,24.3,0
30300.0,568,15.0,12000.0,36,16.72,OWN,debt_consolidation,0,13,51.1,0
54600.0,748,20.0,14500.0,36,15.81,RENT,credit_card,0,8,39.3,0
124700.0,683,0.0,6400.0,36,16.2,RENT,other,2,7,12.6,0
32400.0,646,10.0,4900.0,36,14.31,MORTGAGE,debt_consolidation,0,10,27.7,0
15700.0,626,10.0,11400.0,36,18.59,RENT,home_improvement,0,9,65.0,1
43100.0,665,20.0,5900.0,36,13.82,MORTGAGE,debt_consolidation,0,14,25.2,0
80500.0,725,2.0,7100.0,60,13.74,MORTGAGE,small_business,0,11,14.5,0
118300.0,716,10.0,17400.0,36,11.81,MORTGAGE,debt_consolidation,0,7,14.5,0
28200.0,634,0.0,12000.0,60,19.1,MORTGAGE,home_improvement,0,6,41.2,0
61300.0,625,7.0,8200.0,60,15.73,RENT,debt_consolidation,0,9,24.1,0
39800.0,723,3.0,7700.0,36,11.93,MORTGAGE,debt_consolidation,1,12,33.7,0
46700.0,633,10.0,14900.0,36,17.04,MORTGAGE,debt_consolidation,0,7,49.5,0
161100.0,684,15.0,12200.0,60,14.06,RENT,debt_consolidation,0,12,9.6,0
24900.0,688,3.0,6000.0,60,17.93,RENT,medical,1,12,26.7,0
55000.0,700,5.0,4100.0,36,12.84,MORTGAGE,other,0,6,12.5,0
60500.0,736,1.0,28000.0,36,15.2,RENT,small_business,0,10,41.0,0
79900.0,598,4.0,5900.0,36,14.72,RENT,home_improvement,0,5,7.4,1
51200.0,556,3.0,14200.0,36,19.61,RENT,debt_consolidation,1,8,55.2,0
56300.0,643,2.0,23300.0,36,16.2,RENT,debt_consolidation,0,14,52.0,0
41100.0,797,15.0,11800.0,60,9.8,RENT,debt_consolidation,0,5,31.2,0
55300.0,811,1.0,8100.0,36,8.75,MORTGAGE,major_purchase,0,10,18.6,0
42000.0,799,7.0,5400.0,36,12.84,MORTGAGE,debt_consolidation,1,5,35.9,0
64800.0,667,15.0,5300.0,60,17.44,MORTGAGE,other,0,7,6.2,0
41500.0,564,15.0,13200.0,36,19.43,RENT,major_purchase,1,10,46.0,1
58100.0,528,10.0,22600.0,60,20.06,RENT,other,0,4,30.1,1
48400.0,640,1.0,9000.0,36,11.73,RENT,credit_card,0,6,34.7,0
81400.0,667,10.0,8300.0,36,13.7,RENT,home_improvement,0,7,17.3,0
47900.0,765,2.0,15500.0,36,12.93,MORTGAGE,debt_consolidation,0,9,38.1,0
22100.0,736,15.0,7800.0,36,14.82,RENT,home_improvement,0,9,48.1,0
86500.0,695,7.0,12500.0,60,15.29,RENT,other,0,6,24.1,0
32600.0,622,10.0,11200.0,60,16.32,OWN,debt_consolidation,0,7,43.9,0
36500.0,618,1.0,8900.0,60,16.68,RENT,debt_consolidation,0,9,32.7,0
37500.0,697,5.0,10900.0,36,14.65,MORTGAGE,debt_consolidation,0,9,40.7,0
91000.0,725,10.0,26400.0,60,14.48,RENT,other,0,5,36.9,0
18700.0,705,15.0,14800.0,36,15.58,RENT,debt_consolidation,0,8,65.0,1
201200.0,613,0.0,18900.0,36,12.25,MORTGAGE,major_purchase,0,6,16.0,0
78800.0,722,,6900.0,36,11.82,RENT,debt_consolidation,0,7,7.2,0
54200.0,708,0.0,18900.0,36,12.75,RENT,medical,0,12,50.8,1
47800.0,610,7.0,15100.0,36,17.88,RENT,credit_card,0,11,43.2,0
55700.0,629,7.0,5200.0,36,13.35,RENT,debt_consolidation,0,5,26.5,0
62000.0,725,1.0,14300.0,36,12.41,MORTGAGE,small_business,0,13,35.1,0
65500.0,665,0.0,8500.0,36,15.98,MORTGAGE,medical,2,6,13.5,0
62900.0,783,10.0,5000.0,36,8.68,RENT,credit_card,0,9,13.3,0
51000.0,713,4.0,11700.0,60,15.97,RENT,small_business,1,6,35.8,0
44900.0,648,,14300.0,36,15.51,MORTGAGE,debt_consolidation,0,4,35.5,0
45800.0,679,10.0,11800.0,36,10.08,RENT,other,0,10,25.2,0
44900.0,684,10.0,10400.0,60,19.14,MORTGAGE,debt_consolidation,0,7,34.0,0
81600.0,633,5.0,9300.0,36,14.74,OWN,debt_consolidation,0,5,21.0,0
64000.0,621,1.0,37500.0,36,17.39,RENT,debt_consolidation,0,3,65.0,1
15000.0,726,0.0,6100.0,60,15.82,RENT,debt_consolidation,1,11,55.5,1
65900.0,735,7.0,16900.0,36,11.28,OWN,credit_card,0,8,39.0,0
53500.0,719,5.0,11000.0,60,12.96,RENT,credit_card,0,10,28.0,0
48600.0,778,7.0,7100.0,36,9.65,RENT,credit_card,0,6,15.3,0
41200.0,645,10.0,10700.0,36,17.08,MORTGAGE,debt_consolidation,0,9,36.2,0
81300.0,789,4.0,5500.0,36,10.27,RENT,debt_consolidation,1,10,18.6,0
75100.0,621,1.0,8100.0,36,14.37,OWN,major_purchase,0,12,12.5,1
34600.0,614,15.0,10700.0,36,16.73,RENT,major_purchase,1,9,38.0,1
58900.0,566,5.0,5000.0,36,11.94,MORTGAGE,debt_consolidation,0,8,14.6,0
31700.0,651,7.0,14100.0,36,17.67,MORTGAGE,credit_card,0,8,47.5,0
26300.0,647,15.0,6800.0,60,17.19,MORTGAGE,debt_consolidation,0,2,36.8,0
37000.0,714,15.0,5300.0,60,15.14,MORTGAGE,major_purchase,0,11,31.3,1
72300.0,696,5.0,6400.0,60,14.41,OWN,other,0,5,13.4,0
75300.0,602,3.0,32500.0,36,20.18,OWN,debt_consolidation,0,7,52.7,1
61800.0,654,20.0,4100.0,36,18.97,RENT,major_purchase,1,5,25.7,0
67900.0,656,,13600.0,36,16.8,MORTGAGE,credit_card,0,6,31.3,0
61800.0,565,4.0,7500.0,36,17.03,RENT,debt_consolidation,0,10,23.6,0
36700.0,616,5.0,9200.0,60,18.25,RENT,home_improvement,0,16,35.2,0
59500.0,630,4.0,14800.0,36,16.95,RENT,credit_card,0,11,37.7,0
70300.0,773,15.0,14400.0,60,10.55,MORTGAGE,small_business,0,13,26.4,0
68800.0,692,5.0,7800.0,60,13.04,RENT,small_business,0,13,17.3,0
83700.0,723,10.0,5500.0,60,11.5,MORTGAGE,other,0,9,12.0,0
67400.0,583,10.0,14900.0,36,17.59,RENT,credit_card,0,8,38.2,0
57400.0,758,10.0,14400.0,60,14.57,OWN,credit_card,0,9,33.3,0
79300.0,765,10.0,9500.0,60,15.79,MORTGAGE,credit_card,0,6,26.3,0
48400.0,550,15.0,13600.0,60,16.88,MORTGAGE,debt_consolidation,0,10,41.0,1
33000.0,634,4.0,8800.0,36,15.73,MORTGAGE,home_improvement,0,14,32.0,0
45600.0,712,1.0,7200.0,36,11.41,OWN,major_purchase,0,5,23.5,0
35100.0,722,10.0,11000.0,36,14.42,MORTGAGE,debt_consolidation,0,10,44.5,0
36200.0,636,5.0,14200.0,60,19.45,MORTGAGE,other,0,9,52.4,0
45900.0,660,1.0,12800.0,60,17.02,RENT,small_business,0,6,35.8,0
34300.0,641,1.0,14100.0,36,18.67,MORTGAGE,major_purchase,0,6,56.4,0
42700.0,687,1.0,7500.0,60,15.13,RENT,other,0,11,17.0,0
20900.0,758,10.0,24100.0,60,15.38,RENT,credit_card,0,14,65.0,0
54000.0,630,7.0,9200.0,36,15.96,MORTGAGE,debt_consolidation,2,4,29.5,1
49000.0,745,2.0,10300.0,36,14.35,RENT,major_purchase,2,10,33.4,1
33900.0,629,10.0,5700.0,36,16.67,RENT,medical,0,9,33.8,0
66000.0,625,3.0,9900.0,60,18.81,RENT,debt_consolidation,0,6,25.8,0
74800.0,733,10.0,14300.0,36,15.04,RENT,debt_consolidation,0,9,26.9,0
23800.0,740,5.0,16000.0,60,19.44,RENT,debt_consolidation,0,8,65.0,0
34800.0,735,10.0,23900.0,36,15.71,RENT,debt_consolidation,0,10,65.0,0
34700.0,594,4.0,14200.0,36,19.05,RENT,other,1,18,51.2,1
32100.0,650,3.0,12600.0,36,18.57,MORTGAGE,debt_consolidation,0,10,38.7,0
71200.0,733,10.0,8800.0,36,12.82,RENT,major_purchase,0,15,20.7,0
44900.0,683,0.0,7900.0,36,16.54,OWN,medical,0,10,31.4,0
43500.0,610,20.0,17800.0,36,17.02,OWN,major_purchase,0,7,38.4,0
19900.0,710,7.0,17600.0,36,20.46,RENT,debt_consolidation,3,13,65.0,1
65200.0,634,4.0,6400.0,36,10.95,RENT,home_improvement,0,6,13.7,0
28100.0,797,7.0,15700.0,36,14.13,RENT,other,0,7,65.0,0
50400.0,780,1.0,15100.0,36,12.76,OWN,debt_consolidation,0,10,36.1,0
55500.0,719,5.0,6300.0,36,13.11,MORTGAGE,debt_consolidation,0,4,29.4,0
90400.0,768,20.0,14300.0,36,12.92,MORTGAGE,medical,0,12,34.7,0
27200.0,684,2.0,6500.0,60,14.71,OWN,home_improvement,0,9,35.7,0
15000.0,730,10.0,3200.0,36,8.94,OWN,home_improvement,0,12,34.8,0
53200.0,776,4.0,10100.0,36,13.29,MORTGAGE,other,0,7,33.9,0
110200.0,696,7.0,12400.0,60,11.96,MORTGAGE,major_purchase,0,10,14.3,0
85600.0,663,2.0,10300.0,60,18.02,OWN,credit_card,0,8,17.3,0
53900.0,569,5.0,40000.0,36,20.32,OWN,credit_card,0,5,,1
39300.0,675,20.0,13200.0,36,19.67,RENT,debt_consolidation,1,13,,1
70500.0,734,2.0,11800.0,60,12.38,OWN,debt_consolidation,0,7,29.4,0
31600.0,741,7.0,13600.0,60,18.22,MORTGAGE,credit_card,2,10,57.8,0
60700.0,713,5.0,8800.0,36,13.28,RENT,debt_consolidation,0,11,37.1,0
61500.0,645,5.0,17400.0,36,17.95,MORTGAGE,other,0,8,36.3,0
79000.0,552,7.0,13100.0,36,16.23,MORTGAGE,debt_consolidation,0,17,22.3,1
169700.0,648,5.0,12800.0,36,13.56,RENT,home_improvement,0,10,12.7,0
58500.0,660,0.0,8000.0,60,14.58,MORTGAGE,major_purchase,0,4,22.8,0
39000.0,660,15.0,5000.0,36,14.4,RENT,small_business,0,6,11.8,0
48500.0,720,10.0,8500.0,36,9.99,OWN,home_improvement,0,6,16.8,0
22100.0,809,1.0,12600.0,60,16.55,RENT,credit_card,0,19,65.0,0
35900.0,688,4.0,8800.0,36,15.43,RENT,other,1,5,39.1,0
40800.0,666,10.0,12700.0,36,15.74,MORTGAGE,debt_consolidation,0,6,34.8,0
38700.0,663,20.0,9700.0,36,14.98,RENT,small_business,1,7,39.1,0
52500.0,688,20.0,13600.0,36,12.49,MORTGAGE,other,0,5,24.9,0
33900.0,626,15.0,6700.0,60,16.34,RENT,debt_consolidation,0,7,28.0,1
81200.0,688,1.0,12000.0,36,13.57,OWN,other,0,9,14.0,0
49000.0,709,15.0,7900.0,36,10.8,RENT,major_purchase,0,13,25.7,0
48800.0,694,15.0,5100.0,36,11.66,RENT,home_improvement,0,8,18.8,0
42300.0,710,3.0,10100.0,60,18.88,OWN,credit_card,0,10,34.0,0
52600.0,708,4.0,23600.0,36,15.6,RENT,other,0,11,48.9,0
71100.0,565,4.0,5300.0,36,16.1,OWN,debt_consolidation,0,6,10.3,0
33200.0,721,7.0,11600.0,60,16.81,MORTGAGE,credit_card,0,10,47.3,0
36500.0,636,2.0,16300.0,60,18.83,RENT,small_business,2,5,65.0,1
42800.0,609,0.0,34500.0,60,19.79,MORTGAGE,major_purchase,0,6,,1
26800.0,608,1.0,8500.0,36,18.76,RENT,debt_consolidation,1,8,42.8,1
33900.0,708,4.0,8000.0,36,13.1,RENT,debt_consolidation,0,9,42.7,0
39600.0,666,3.0,6100.0,36,13.77,RENT,major_purchase,0,13,25.8,0
72700.0,571,10.0,19300.0,60,21.11,MORTGAGE,credit_card,0,10,45.7,0
55200.0,711,1.0,7100.0,60,14.47,OWN,debt_consolidation,0,8,22.5,0
53500.0,586,15.0,9100.0,60,14.62,RENT,debt_consolidation,0,5,22.7,0
71900.0,689,15.0,4300.0,60,13.4,RENT,home_improvement,0,7,17.6,0
46100.0,696,15.0,17000.0,36,14.64,MORTGAGE,home_improvement,0,8,49.2,0
58400.0,738,10.0,19500.0,60,13.58,RENT,medical,0,8,38.5,0
46800.0,796,1.0,16700.0,60,15.34,MORTGAGE,debt_consolidation,0,11,51.3,0
55200.0,591,4.0,4900.0,60,20.07,RENT,medical,1,13,18.9,0
37700.0,677,1.0,14800.0,60,15.47,OWN,medical,0,3,43.2,0
16400.0,662,20.0,4700.0,36,13.75,MORTGAGE,credit_card,0,11,30.1,0
46100.0,708,3.0,11300.0,36,13.76,RENT,debt_consolidation,0,16,28.5,0
93000.0,694,5.0,12100.0,36,14.45,MORTGAGE,other,0,6,28.5,0
74400.0,657,10.0,12800.0,36,16.25,MORTGAGE,debt_consolidation,1,9,20.7,0
75700.0,651,15.0,14300.0,36,13.85,MORTGAGE,home_improvement,0,7,25.8,0
85500.0,607,10.0,10900.0,60,16.26,RENT,credit_card,0,8,18.3,0
51000.0,744,7.0,4100.0,60,12.77,RENT,major_purchase,1,9,13.3,0
53600.0,710,4.0,14300.0,60,14.64,MORTGAGE,credit_card,0,9,30.6,0
37100.0,740,7.0,11500.0,36,13.71,RENT,credit_card,1,7,48.5,0
42500.0,660,,7000.0,36,14.54,RENT,medical,0,12,27.7,0
64700.0,637,15.0,5000.0,36,14.11,MORTGAGE,other,0,10,13.5,0
84300.0,610,5.0,23600.0,36,17.35,RENT,credit_card,0,6,37.1,1
46000.0,703,0.0,20200.0,36,15.82,RENT,credit_card,0,8,50.9,0
40000.0,612,15.0,15600.0,60,20.96,RENT,major_purchase,0,8,55.0,1
49000.0,800,5.0,7800.0,36,11.22,RENT,major_purchase,1,5,29.4,0
64300.0,595,15.0,3100.0,36,16.01,RENT,debt_consolidation,0,8,12.9,0
25600.0,698,15.0,16000.0,36,15.46,MORTGAGE,home_improvement,0,14,65.0,0
17400.0,782,10.0,13100.0,60,12.83,OWN,debt_consolidation,0,14,65.0,0
38300.0,719,0.0,9100.0,60,15.57,MORTGAGE,home_improvement,2,4,36.3,0
28300.0,691,2.0,19200.0,60,19.64,RENT,major_purchase,1,6,65.0,1
39000.0,617,15.0,16700.0,60,18.74,MORTGAGE,debt_consolidation,0,15,40.7,0
45900.0,590,15.0,11900.0,36,18.15,RENT,debt_consolidation,1,11,33.2,0
40000.0,730,4.0,11100.0,60,16.88,RENT,credit_card,2,4,41.1,0
94200.0,778,4.0,11200.0,36,11.36,RENT,medical,0,8,18.1,0
56800.0,651,1.0,15400.0,36,18.52,MORTGAGE,small_business,0,9,24.7,0
56100.0,606,20.0,7100.0,36,14.26,MORTGAGE,debt_consolidation,0,5,29.4,0
64900.0,520,2.0,13500.0,60,21.68,OWN,debt_consolidation,0,7,25.3,1
29400.0,616,2.0,6900.0,60,19.18,MORTGAGE,small_business,0,8,35.3,0
78200.0,673,7.0,21300.0,36,17.03,MORTGAGE,credit_card,1,10,36.1,0
47400.0,784,2.0,14300.0,36,13.2,RENT,home_improvement,0,10,44.1,0
66300.0,724,15.0,7800.0,60,14.3,MORTGAGE,home_improvement,1,8,31.3,0
30300.0,700,0.0,11400.0,36,16.92,OWN,credit_card,2,8,65.0,1
24400.0,654,0.0,7100.0,60,18.44,RENT,home_improvement,1,10,44.8,0
70800.0,642,5.0,23200.0,36,13.35,RENT,medical,0,8,39.1,0
58100.0,771,5.0,24600.0,36,14.76,RENT,medical,0,11,54.6,0
32700.0,693,1.0,15500.0,36,14.5,MORTGAGE,debt_consolidation,1,7,48.7,0
33100.0,543,5.0,23800.0,36,22.51,MORTGAGE,home_improvement,0,9,65.0,0
81300.0,636,4.0,11800.0,60,14.75,MORTGAGE,credit_card,0,6,23.4,0
28700.0,624,15.0,16000.0,60,18.95,MORTGAGE,debt_consolidation,0,7,54.1,0
102700.0,644,0.0,20200.0,36,16.65,MORTGAGE,home_improvement,0,10,24.6,0
32700.0,717,20.0,10900.0,60,17.0,MORTGAGE,credit_card,0,4,49.9,0
65300.0,673,7.0,11300.0,60,15.27,OWN,major_purchase,0,14,19.6,0
42300.0,675,1.0,17400.0,36,16.65,OWN,debt_consolidation,1,9,51.9,0
64300.0,765,0.0,15100.0,36,12.5,RENT,debt_consolidation,0,11,22.0,0
38400.0,635,5.0,7500.0,36,15.24,MORTGAGE,debt_consolidation,0,10,28.3,0
45600.0,801,2.0,3700.0,36,11.46,MORTGAGE,small_business,0,19,13.1,0
49900.0,636,3.0,10000.0,36,12.36,RENT,other,0,10,8.5,1
31200.0,686,2.0,3800.0,60,12.22,MORTGAGE,home_improvement,0,11,18.3,0
68400.0,662,7.0,6700.0,36,16.73,RENT,home_improvement,0,13,22.2,0
38900.0,688,5.0,7100.0,36,14.88,MORTGAGE,debt_consolidation,0,15,20.4,0
44200.0,709,0.0,8200.0,36,11.01,RENT,credit_card,0,10,,0
31300.0,708,5.0,16500.0,36,16.22,MORTGAGE,credit_card,1,11,65.0,0
15500.0,631,10.0,18400.0,36,19.78,RENT,debt_consolidation,0,6,65.0,1
45000.0,607,1.0,14100.0,36,13.93,RENT,major_purchase,0,13,33.4,0
145200.0,843,15.0,15000.0,36,8.33,RENT,debt_consolidation,0,12,14.7,0
69800.0,649,5.0,15200.0,36,17.62,RENT,small_business,0,8,31.4,0
48600.0,725,20.0,3100.0,36,13.54,OWN,credit_card,1,11,21.6,0
43600.0,576,1.0,11000.0,36,16.9,RENT,other,0,10,,0
49500.0,662,20.0,4500.0,36,15.58,RENT,debt_consolidation,0,3,14.0,0
62700.0,672,7.0,14100.0,36,14.78,MORTGAGE,debt_consolidation,0,8,34.8,0
28800.0,711,5.0,3800.0,36,11.41,RENT,other,0,9,23.7,0
80900.0,503,5.0,10000.0,36,16.62,RENT,debt_consolidation,0,7,19.4,0
67600.0,691,0.0,14400.0,36,11.84,RENT,home_improvement,0,12,17.7,0
67700.0,605,15.0,6300.0,36,14.56,MORTGAGE,credit_card,0,7,22.0,0
59700.0,701,7.0,17700.0,36,18.7,OWN,home_improvement,0,9,37.7,0
49500.0,613,1.0,14100.0,60,16.67,MORTGAGE,home_improvement,0,8,36.2,0
66400.0,624,0.0,13200.0,36,12.71,OWN,small_business,0,8,35.5,0
64000.0,662,0.0,15500.0,36,14.39,MORTGAGE,debt_consolidation,0,7,33.3,0
41800.0,612,7.0,9100.0,36,15.27,OWN,major_purchase,0,9,16.1,0
37900.0,649,7.0,11800.0,60,18.02,RENT,credit_card,0,5,43.6,0
51300.0,602,5.0,11000.0,60,19.07,MORTGAGE,credit_card,0,6,36.4,0
98400.0,561,3.0,10900.0,36,15.49,RENT,credit_card,0,10,16.2,1
28100.0,746,5.0,7800.0,36,14.09,RENT,other,1,9,44.3,0
25300.0,596,5.0,5900.0,36,18.75,MORTGAGE,major_purchase,1,6,48.3,0
52800.0,668,0.0,9200.0,36,15.98,RENT,debt_consolidation,1,9,34.8,0
50200.0,729,3.0,9000.0,36,11.06,MORTGAGE,major_purchase,0,9,19.3,0
53000.0,640,0.0,7600.0,36,20.75,RENT,credit_card,3,11,33.0,1
54700.0,626,15.0,16700.0,36,15.54,RENT,medical,0,12,43.9,0
44300.0,695,10.0,6100.0,36,15.76,RENT,debt_consolidation,0,10,28.5,0
95800.0,753,20.0,10000.0,36,12.74,RENT,credit_card,1,9,20.1,1
23900.0,604,3.0,19600.0,60,18.45,OWN,credit_card,1,6,65.0,1
33800.0,670,15.0,17200.0,36,17.8,MORTGAGE,small_business,1,6,63.2,1
46800.0,567,7.0,20100.0,60,22.98,MORTGAGE,debt_consolidation,1,8,59.8,1
23400.0,654,4.0,8100.0,36,14.0,RENT,debt_consolidation,0,10,40.3,0
45300.0,682,2.0,16200.0,36,21.01,RENT,small_business,2,10,53.7,0
103500.0,624,10.0,6400.0,60,16.64,RENT,debt_consolidation,0,11,18.3,0
49500.0,650,15.0,9500.0,36,17.85,MORTGAGE,debt_consolidation,2,7,25.6,1
54400.0,588,2.0,10000.0,36,17.92,RENT,small_business,0,12,25.2,1
27800.0,685,1.0,8200.0,36,13.64,MORTGAGE,medical,0,6,36.6,0
37100.0,749,7.0,9100.0,36,13.05,MORTGAGE,small_business,0,6,30.3,0
41400.0,609,20.0,8500.0,36,14.91,RENT,credit_card,0,12,21.0,0
42500.0,640,10.0,6700.0,36,15.94,MORTGAGE,debt_consolidation,0,10,33.5,0
87300.0,713,3.0,16800.0,36,12.05,MORTGAGE,major_purchase,0,4,31.6,0
63000.0,759,4.0,10000.0,36,10.43,RENT,debt_consolidation,0,9,18.7,0
29700.0,583,4.0,12100.0,36,18.74,MORTGAGE,credit_card,0,17,45.3,1
54800.0,669,15.0,11900.0,36,13.95,MORTGAGE,debt_consolidation,0,12,41.6,0
61300.0,698,10.0,11200.0,60,16.4,RENT,small_business,2,9,26.9,1
81900.0,673,5.0,11500.0,36,15.6,RENT,credit_card,0,6,23.6,0
99800.0,519,2.0,9400.0,36,21.12,RENT,other,1,10,21.6,1
31000.0,713,15.0,22200.0,60,21.08,OWN,debt_consolidation,2,9,65.0,0
34000.0,779,7.0,16000.0,36,13.76,RENT,major_purchase,0,8,58.1,0
27800.0,688,20.0,11000.0,36,13.0,RENT,credit_card,0,7,41.6,0
44100.0,613,5.0,8700.0,36,13.92,RENT,credit_card,0,12,29.6,1
60500.0,647,10.0,10300.0,36,15.16,RENT,home_improvement,1,12,28.9,0
76400.0,795,10.0,13500.0,36,10.16,RENT,major_purchase,1,8,25.8,0
47400.0,739,3.0,23200.0,36,12.92,MORTGAGE,credit_card,0,7,52.6,0
42400.0,722,20.0,5500.0,36,13.26,RENT,debt_consolidation,0,6,22.2,0
52500.0,703,0.0,15200.0,36,13.41,MORTGAGE,other,1,12,37.5,0
33700.0,637,10.0,19200.0,60,20.65,OWN,debt_consolidation,0,10,65.0,1
125500.0,667,20.0,5200.0,36,12.63,MORTGAGE,other,0,3,13.6,0
23800.0,675,3.0,10000.0,60,20.86,OWN,major_purchase,1,12,55.7,1
53300.0,716,7.0,6400.0,60,20.44,MORTGAGE,small_business,2,13,20.4,0
121900.0,778,5.0,13600.0,36,10.48,MORTGAGE,debt_consolidation,0,10,17.4,0
49200.0,753,10.0,9100.0,36,10.8,RENT,credit_card,0,5,21.0,0
45000.0,588,15.0,10200.0,36,18.66,RENT,credit_card,1,8,28.1,1
41700.0,695,7.0,8900.0,36,14.2,RENT,credit_card,0,3,33.8,0
45200.0,728,10.0,15700.0,60,19.11,RENT,debt_consolidation,3,7,54.1,1
90900.0,720,3.0,12300.0,36,17.03,MORTGAGE,credit_card,1,7,33.0,0
18100.0,639,2.0,12300.0,36,18.48,RENT,debt_consolidation,0,11,65.0,1
97700.0,850,4.0,11900.0,36,8.42,RENT,debt_consolidation,0,11,18.2,0
25800.0,597,7.0,14600.0,36,18.83,OWN,debt_consolidation,0,10,61.8,1
43500.0,610,2.0,9600.0,36,17.11,MORTGAGE,small_business,0,9,39.8,0
40400.0,695,7.0,25600.0,36,16.06,MORTGAGE,home_improvement,0,7,65.0,0
63900.0,818,4.0,5900.0,36,9.53,RENT,other,0,3,14.6,0
23900.0,626,10.0,4600.0,36,14.46,MORTGAGE,credit_card,0,10,35.0,0
60400.0,663,0.0,4400.0,36,11.83,RENT,major_purchase,0,8,25.3,0
121900.0,750,7.0,3900.0,36,11.06,MORTGAGE,home_improvement,0,3,0.0,0
26500.0,679,7.0,15300.0,36,17.68,MORTGAGE,home_improvement,0,16,65.0,1
53400.0,658,20.0,14400.0,36,13.46,RENT,credit_card,0,15,29.1,0
36400.0,717,7.0,20000.0,36,13.54,OWN,major_purchase,1,8,65.0,0
59400.0,698,10.0,6400.0,36,12.76,RENT,debt_consolidation,0,13,23.7,0
49400.0,747,15.0,15900.0,36,13.62,MORTGAGE,debt_consolidation,1,9,,0
36700.0,764,7.0,11300.0,36,12.17,MORTGAGE,debt_consolidation,0,10,34.4,0
61100.0,700,3.0,11900.0,36,15.53,MORTGAGE,debt_consolidation,0,7,24.8,0
110400.0,699,15.0,15000.0,36,12.58,OWN,home_improvement,0,9,22.8,0
45000.0,694,10.0,7500.0,36,11.43,MORTGAGE,home_improvement,1,10,19.8,0
67800.0,712,,39900.0,36,17.79,MORTGAGE,small_business,1,8,65.0,0
27400.0,684,7.0,21300.0,36,17.86,RENT,debt_consolidation,1,10,65.0,0
31900.0,680,15.0,8400.0,36,13.12,MORTGAGE,home_improvement,0,8,31.9,0
60600.0,758,20.0,6300.0,60,15.01,MORTGAGE,debt_consolidation,0,5,18.9,0
95600.0,779,20.0,10500.0,36,11.04,OWN,debt_consolidation,0,11,12.8,0
57500.0,582,3.0,12000.0,36,19.47,OWN,small_business,2,13,34.1,1
42600.0,681,4.0,18600.0,36,17.92,RENT,small_business,0,10,51.4,0
49000.0,635,1.0,6100.0,36,18.63,MORTGAGE,home_improvement,2,13,28.3,0
27900.0,660,2.0,12600.0,36,20.07,OWN,debt_consolidation,0,17,56.5,1
64300.0,706,15.0,5100.0,36,12.4,MORTGAGE,other,1,9,14.8,0
72900.0,724,3.0,13600.0,36,11.64,MORTGAGE,medical,0,12,35.5,0
40000.0,673,7.0,10400.0,60,16.26,RENT,credit_card,1,12,28.0,0
39700.0,556,7.0,28800.0,36,18.41,RENT,other,0,12,65.0,1
55300.0,617,10.0,5000.0,60,12.96,MORTGAGE,debt_consolidation,0,5,6.8,0
40300.0,738,2.0,21700.0,60,16.01,MORTGAGE,credit_card,0,12,65.0,0
47600.0,502,3.0,4700.0,60,24.21,MORTGAGE,other,2,10,21.8,1
126100.0,757,4.0,5600.0,60,14.18,RENT,credit_card,0,8,9.3,0
43900.0,714,3.0,4700.0,36,14.67,MORTGAGE,credit_card,2,9,22.6,0
41700.0,766,20.0,12400.0,36,8.48,OWN,debt_consolidation,0,4,28.9,0
36600.0,667,10.0,6100.0,36,14.16,MORTGAGE,debt_consolidation,0,10,18.2,0
68500.0,546,5.0,5600.0,36,17.57,OWN,debt_consolidation,0,11,25.4,0
45200.0,708,15.0,12100.0,36,18.5,RENT,credit_card,1,9,41.2,0
36600.0,763,3.0,13700.0,60,14.17,OWN,debt_consolidation,0,7,48.0,0
88800.0,740,10.0,11200.0,36,12.67,MORTGAGE,debt_consolidation,0,9,26.6,0
92900.0,637,2.0,10100.0,36,13.24,OWN,credit_card,0,13,18.9,0
37400.0,686,10.0,27300.0,36,16.28,MORTGAGE,home_improvement,0,9,65.0,0
21200.0,645,4.0,11800.0,36,16.8,RENT,small_business,0,12,55.5,0
77100.0,627,1.0,16400.0,36,12.24,OWN,major_purchase,0,6,22.4,0
36000.0,742,2.0,11700.0,36,15.37,MORTGAGE,credit_card,0,11,46.8,0
70000.0,602,4.0,6300.0,60,17.55,RENT,credit_card,0,10,9.3,0
20200.0,622,10.0,14400.0,36,18.28,RENT,small_business,0,11,65.0,1
73300.0,608,0.0,7900.0,36,17.9,RENT,debt_consolidation,2,7,17.2,1
28400.0,583,7.0,10500.0,36,17.8,MORTGAGE,home_improvement,1,11,47.9,1
68100.0,690,7.0,12700.0,60,13.39,MORTGAGE,credit_card,0,8,25.9,0
49300.0,755,7.0,4100.0,36,10.3,MORTGAGE,credit_card,0,5,15.1,0
31900.0,668,10.0,4900.0,60,16.46,RENT,debt_consolidation,0,7,8.4,0
40800.0,582,1.0,17200.0,60,19.39,MORTGAGE,debt_consolidation,0,6,49.4,1
66800.0,735,5.0,7800.0,36,12.58,RENT,credit_card,2,13,27.9,0
51400.0,790,20.0,8000.0,36,11.88,MORTGAGE,debt_consolidation,1,9,29.1,0
63800.0,638,7.0,11900.0,36,13.59,OWN,other,0,10,21.0,0
119300.0,649,7.0,9000.0,36,13.91,OWN,other,0,17,22.4,0
24200.0,714,10.0,13500.0,60,20.95,RENT,home_improvement,2,11,65.0,1
101500.0,785,3.0,10700.0,36,11.54,MORTGAGE,other,0,11,17.0,0
51400.0,646,7.0,12100.0,60,14.4,MORTGAGE,small_business,0,12,37.4,0
32700.0,593,15.0,7700.0,36,20.53,RENT,debt_consolidation,0,15,28.8,0
26900.0,721,0.0,12000.0,36,18.0,OWN,home_improvement,1,13,60.9,0
45000.0,732,15.0,19000.0,36,16.97,MORTGAGE,debt_consolidation,0,8,49.1,0
74200.0,680,2.0,8200.0,36,10.58,MORTGAGE,small_business,0,9,10.5,0
46300.0,644,4.0,17300.0,36,18.44,MORTGAGE,debt_consolidation,0,13,44.7,0
96800.0,745,15.0,10700.0,36,10.86,RENT,major_purchase,0,5,26.6,0
25500.0,714,10.0,15800.0,36,16.7,RENT,home_improvement,0,8,65.0,0
48800.0,630,15.0,11700.0,60,18.91,RENT,debt_consolidation,0,7,31.7,0
27900.0,683,20.0,10800.0,36,13.03,RENT,medical,0,9,46.1,0
57700.0,592,4.0,13000.0,36,15.01,RENT,medical,0,9,24.7,0
73100.0,725,7.0,20100.0,36,9.56,OWN,medical,0,9,29.9,0
40600.0,663,4.0,12300.0,60,19.39,MORTGAGE,major_purchase,2,9,44.1,1
15200.0,652,3.0,13900.0,36,19.39,OWN,home_improvement,0,11,65.0,1
53600.0,678,4.0,9100.0,36,16.22,MORTGAGE,credit_card,1,7,23.3,0
59700.0,683,10.0,24000.0,60,19.81,MORTGAGE,debt_consolidation,0,9,58.5,0
58800.0,738,5.0,15100.0,60,14.6,RENT,debt_consolidation,0,14,35.5,0
85500.0,718,10.0,11400.0,36,12.38,MORTGAGE,debt_consolidation,0,6,15.2,0
30300.0,670,10.0,10300.0,60,16.09,RENT,credit_card,0,10,47.9,0
66600.0,730,0.0,17800.0,36,11.7,RENT,credit_card,0,8,39.6,0
83800.0,706,7.0,8100.0,60,11.51,MORTGAGE,debt_consolidation,0,11,28.8,0
22000.0,652,4.0,4500.0,36,14.76,MORTGAGE,debt_consolidation,0,12,28.3,0
56600.0,672,4.0,11300.0,36,16.65,RENT,small_business,1,6,30.0,0
39100.0,670,10.0,19800.0,60,21.74,RENT,debt_consolidation,2,2,65.0,1
47300.0,713,5.0,24200.0,36,14.4,RENT,debt_consolidation,0,6,60.8,0
57300.0,656,15.0,10400.0,36,16.09,MORTGAGE,credit_card,0,4,24.3,0
39400.0,655,7.0,11200.0,36,14.46,OWN,debt_consolidation,0,9,34.0,0
36200.0,808,5.0,14200.0,36,12.53,MORTGAGE,other,0,12,45.4,0
49800.0,741,10.0,9600.0,36,15.56,MORTGAGE,home_improvement,2,8,34.4,0
30100.0,631,0.0,14200.0,36,18.3,MORTGAGE,credit_card,0,9,54.0,1
30100.0,717,0.0,10500.0,60,16.75,RENT,debt_consolidation,1,12,34.0,0
66600.0,688,1.0,18100.0,36,15.11,MORTGAGE,credit_card,1,13,40.1,1
29200.0,705,4.0,15700.0,60,14.92,RENT,home_improvement,1,10,65.0,1
66200.0,689,2.0,16400.0,36,14.54,RENT,other,0,6,28.4,0
60400.0,757,20.0,9900.0,36,9.76,MORTGAGE,credit_card,0,8,24.6,0
22500.0,702,5.0,28700.0,36,15.72,OWN,small_business,0,10,65.0,1
36100.0,676,7.0,13900.0,60,16.28,MORTGAGE,debt_consolidation,0,7,49.1,0
83900.0,748,2.0,12400.0,36,12.79,OWN,home_improvement,0,3,28.0,0
31500.0,695,3.0,7500.0,36,14.7,MORTGAGE,debt_consolidation,0,12,38.2,0
39800.0,688,3.0,10400.0,36,15.82,RENT,debt_consolidation,1,9,,0
60400.0,700,7.0,11600.0,60,18.39,MORTGAGE,credit_card,1,11,32.3,0
69700.0,674,5.0,7400.0,36,14.42,OWN,debt_consolidation,0,6,29.2,0
43800.0,681,5.0,9500.0,36,14.65,MORTGAGE,small_business,0,7,26.8,0
37500.0,642,7.0,10100.0,60,17.88,MORTGAGE,other,1,10,37.7,1
93000.0,631,10.0,11200.0,36,13.78,MORTGAGE,credit_card,1,11,21.7,0
107200.0,615,1.0,4500.0,60,16.33,MORTGAGE,debt_consolidation,0,9,18.2,0
76200.0,590,10.0,10200.0,60,23.24,RENT,debt_consolidation,2,5,23.8,1
50900.0,623,5.0,9100.0,36,15.38,RENT,credit_card,0,5,42.0,0
34100.0,669,7.0,10800.0,36,15.33,RENT,credit_card,0,8,44.4,0
33700.0,687,3.0,18400.0,36,15.44,MORTGAGE,credit_card,0,13,62.4,1
62000.0,662,4.0,30500.0,60,15.42,MORTGAGE,home_improvement,0,12,65.0,0
59200.0,527,2.0,15400.0,36,19.38,MORTGAGE,home_improvement,0,9,25.7,0
92100.0,782,20.0,5900.0,60,11.32,RENT,debt_consolidation,1,11,10.5,0
65700.0,751,5.0,9200.0,36,10.56,MORTGAGE,small_business,0,6,20.6,0
24900.0,709,20.0,14700.0,36,15.4,RENT,other,1,7,65.0,0
78700.0,804,5.0,13900.0,36,14.66,MORTGAGE,debt_consolidation,0,10,24.6,0
31300.0,616,2.0,17900.0,36,20.41,MORTGAGE,credit_card,0,14,65.0,1
41200.0,803,5.0,10400.0,36,14.0,RENT,home_improvement,1,9,31.4,0
54900.0,617,0.0,9100.0,36,16.97,OWN,small_business,0,9,28.4,0
120300.0,696,15.0,26300.0,36,13.57,OWN,credit_card,0,8,30.8,0
198700.0,597,10.0,11300.0,36,15.49,RENT,major_purchase,0,6,19.0,1
64400.0,681,10.0,6600.0,36,11.91,MORTGAGE,credit_card,0,6,21.4,0
45100.0,705,7.0,22900.0,36,14.3,RENT,credit_card,0,10,53.5,0
62400.0,670,5.0,5200.0,36,13.99,RENT,small_business,0,6,23.5,0
73100.0,726,20.0,1900.0,36,10.53,OWN,other,0,8,11.0,0
42400.0,686,2.0,16100.0,60,17.25,MORTGAGE,major_purchase,1,9,44.9,0
110000.0,646,10.0,17200.0,36,14.51,RENT,other,0,5,31.5,0
54400.0,643,5.0,13500.0,60,14.52,MORTGAGE,debt_consolidation,0,6,23.2,0
61300.0,733,20.0,5700.0,36,10.49,MORTGAGE,debt_consolidation,0,8,7.1,0
66100.0,638,10.0,10600.0,60,18.16,OWN,credit_card,0,8,24.8,0
59300.0,740,20.0,9500.0,36,12.6,RENT,debt_consolidation,0,10,21.6,0
71500.0,759,5.0,8400.0,36,9.78,MORTGAGE,home_improvement,0,5,29.1,0
37100.0,572,2.0,22200.0,36,22.59,MORTGAGE,debt_consolidation,0,16,65.0,0
38100.0,754,5.0,6500.0,36,12.08,MORTGAGE,credit_card,0,9,22.8,0
29900.0,814,7.0,12800.0,36,12.65,MORTGAGE,home_improvement,0,10,50.0,0
59700.0,696,10.0,19900.0,36,15.55,RENT,credit_card,0,4,49.1,1
69600.0,719,0.0,13200.0,36,14.82,RENT,debt_consolidation,0,8,28.2,0
60200.0,747,5.0,20300.0,36,12.06,MORTGAGE,medical,0,7,44.3,0
104100.0,662,2.0,14500.0,60,15.56,OWN,major_purchase,0,8,24.8,0
48900.0,692,15.0,13600.0,36,14.05,MORTGAGE,home_improvement,0,9,45.8,0
66200.0,595,1.0,13100.0,36,18.73,MORTGAGE,small_business,0,8,30.3,0
30000.0,689,7.0,14900.0,36,17.62,MORTGAGE,credit_card,0,13,56.5,0
41200.0,712,2.0,9000.0,36,13.7,MORTGAGE,credit_card,1,10,31.4,0
67000.0,714,3.0,5700.0,36,10.46,MORTGAGE,debt_consolidation,0,6,16.1,0
71800.0,749,20.0,17600.0,36,11.16,RENT,major_purchase,0,9,34.9,0
42900.0,630,2.0,19600.0,36,15.77,RENT,credit_card,0,7,49.3,0
47500.0,645,1.0,12400.0,36,13.99,RENT,small_business,0,5,33.1,0
24800.0,803,0.0,8300.0,36,14.53,RENT,debt_consolidation,0,7,53.4,0
41700.0,670,5.0,5000.0,60,15.1,RENT,major_purchase,0,11,16.1,0
73200.0,693,7.0,11400.0,60,14.04,MORTGAGE,debt_consolidation,0,5,19.2,0
63500.0,676,3.0,5600.0,36,11.47,RENT,home_improvement,0,7,25.1,0
61400.0,627,7.0,5200.0,36,12.7,RENT,major_purchase,0,9,16.2,0
50100.0,786,0.0,10800.0,36,10.91,OWN,home_improvement,1,11,36.1,0
49200.0,646,15.0,7500.0,36,14.33,MORTGAGE,small_business,0,7,36.0,0
36400.0,607,10.0,13000.0,36,18.16,MORTGAGE,credit_card,0,8,42.6,1
67100.0,651,20.0,10100.0,36,14.52,RENT,credit_card,0,10,25.2,0
59200.0,550,15.0,8100.0,36,21.38,MORTGAGE,debt_consolidation,2,9,22.9,0
61200.0,638,3.0,4700.0,60,13.21,MORTGAGE,debt_consolidation,1,10,17.1,1
38700.0,617,4.0,7100.0,60,15.42,MORTGAGE,small_business,0,9,25.9,0
18600.0,720,10.0,7300.0,60,16.86,MORTGAGE,other,0,12,35.9,0
80300.0,636,1.0,5900.0,36,17.69,MORTGAGE,credit_card,0,11,21.5,0
39500.0,738,,9300.0,60,14.07,OWN,small_business,0,14,35.0,0
33200.0,771,1.0,6200.0,36,14.09,RENT,small_business,0,7,28.4,0
67000.0,731,4.0,10100.0,36,11.55,RENT,other,0,9,26.7,0
41100.0,666,5.0,12300.0,60,16.5,MORTGAGE,major_purchase,1,6,29.9,0
79000.0,689,2.0,7200.0,60,15.19,MORTGAGE,home_improvement,1,8,24.3,0
64700.0,581,0.0,13500.0,60,15.88,RENT,debt_consolidation,0,8,21.2,0
66700.0,671,7.0,5500.0,36,13.11,MORTGAGE,credit_card,0,9,12.4,0
26500.0,624,0.0,6300.0,36,16.55,MORTGAGE,debt_consolidation,0,10,35.6,0
84600.0,725,20.0,10300.0,36,9.67,RENT,medical,0,11,12.4,0
55100.0,847,2.0,15400.0,60,11.17,MORTGAGE,credit_card,0,8,37.3,0
41500.0,712,7.0,16900.0,36,14.85,MORTGAGE,credit_card,0,13,60.8,0
52300.0,551,4.0,24500.0,36,21.81,OWN,other,0,7,53.0,1
22000.0,657,0.0,9100.0,36,19.03,RENT,major_purchase,1,12,57.5,1
58900.0,688,5.0,10300.0,36,13.32,RENT,major_purchase,0,13,13.6,0
30800.0,686,5.0,6500.0,60,17.92,RENT,debt_consolidation,0,11,38.1,0
26700.0,632,,5800.0,36,15.76,OWN,debt_consolidation,0,14,28.6,0
24700.0,696,10.0,12300.0,36,15.92,MORTGAGE,debt_consolidation,0,6,55.2,0
80900.0,599,0.0,7400.0,60,20.5,MORTGAGE,small_business,0,10,13.7,0
36900.0,619,2.0,20300.0,36,19.62,OWN,credit_card,2,6,57.5,1
97800.0,722,3.0,5300.0,60,15.31,MORTGAGE,debt_consolidation,0,9,14.2,0
38500.0,614,1.0,13900.0,60,18.46,RENT,small_business,2,4,41.2,1
22700.0,715,4.0,6600.0,36,15.16,RENT,debt_consolidation,0,6,27.6,0
29700.0,591,20.0,7300.0,36,16.49,RENT,home_improvement,0,8,27.4,0
85500.0,795,5.0,14300.0,36,11.17,MORTGAGE,small_business,0,6,27.2,0
45700.0,630,10.0,7800.0,36,18.69,RENT,home_improvement,3,10,24.7,0
38300.0,665,7.0,8500.0,36,15.63,MORTGAGE,other,0,5,24.5,0
52700.0,701,10.0,7300.0,36,13.66,RENT,credit_card,0,13,29.9,0
61400.0,643,2.0,26700.0,36,19.65,RENT,debt_consolidation,1,12,54.0,1
81100.0,689,10.0,8000.0,36,14.46,RENT,debt_consolidation,0,7,23.1,0
94100.0,717,15.0,11200.0,36,14.95,MORTGAGE,credit_card,1,11,23.1,0
41700.0,742,1.0,9900.0,36,12.46,RENT,medical,0,11,35.8,0
27000.0,731,3.0,12200.0,36,13.6,MORTGAGE,other,0,10,55.5,1
40700.0,669,20.0,8000.0,36,14.55,MORTGAGE,other,0,9,30.6,0
55100.0,670,10.0,9900.0,36,14.52,OWN,credit_card,0,7,33.3,0
31800.0,833,3.0,13300.0,60,15.28,OWN,home_improvement,1,11,45.4,0
31900.0,742,5.0,7100.0,36,11.98,MORTGAGE,home_improvement,0,9,35.1,0
57200.0,620,4.0,18900.0,60,19.26,MORTGAGE,credit_card,0,7,42.8,0
48000.0,686,5.0,19800.0,36,14.63,RENT,debt_consolidation,0,8,41.5,0
49700.0,658,3.0,14800.0,36,15.72,MORTGAGE,debt_consolidation,0,10,,0
34800.0,671,2.0,11300.0,60,16.58,RENT,credit_card,0,6,38.5,0
44200.0,600,7.0,2500.0,36,14.04,RENT,debt_consolidation,0,11,8.8,0
32300.0,653,10.0,13500.0,36,15.64,MORTGAGE,medical,0,9,51.1,0
73200.0,798,15.0,9000.0,36,11.81,RENT,major_purchase,2,11,29.7,0
78100.0,718,1.0,9700.0,36,13.65,RENT,home_improvement,0,3,33.8,0
21400.0,518,10.0,4200.0,36,19.96,RENT,debt_consolidation,1,10,30.6,1
32300.0,759,2.0,14000.0,36,16.07,OWN,home_improvement,2,10,50.5,0
25000.0,751,4.0,5300.0,36,15.84,RENT,home_improvement,1,4,35.5,0
36600.0,657,15.0,11600.0,60,19.19,RENT,credit_card,0,9,49.9,0
47200.0,727,4.0,17200.0,60,16.82,OWN,home_improvement,1,7,39.4,0
25500.0,624,2.0,8700.0,36,14.65,RENT,medical,0,8,37.6,0
32400.0,649,1.0,20100.0,60,21.45,OWN,small_business,0,15,64.2,1
31200.0,777,5.0,7500.0,36,14.16,OWN,credit_card,3,9,27.1,0
53800.0,662,10.0,14800.0,36,16.84,RENT,debt_consolidation,0,7,39.0,0
50600.0,558,20.0,5700.0,60,15.76,MORTGAGE,credit_card,0,9,14.7,0
35400.0,676,10.0,18300.0,36,16.16,OWN,other,0,10,59.4,1
53100.0,675,15.0,16900.0,36,14.62,MORTGAGE,major_purchase,0,9,45.0,0
38300.0,758,10.0,13800.0,36,14.54,RENT,debt_consolidation,0,9,37.0,0
43400.0,681,15.0,9000.0,36,19.38,MORTGAGE,major_purchase,2,5,30.9,0
104100.0,653,0.0,5400.0,36,11.56,RENT,debt_consolidation,0,6,8.8,0
89600.0,748,15.0,9000.0,60,15.3,RENT,home_improvement,0,10,4.8,0
27300.0,688,4.0,19100.0,36,14.32,OWN,major_purchase,0,5,65.0,0
71200.0,631,15.0,11700.0,36,15.17,RENT,credit_card,0,14,13.8,0
70600.0,755,0.0,5000.0,36,9.09,MORTGAGE,credit_card,0,4,16.2,0
29200.0,693,7.0,6200.0,60,15.15,MORTGAGE,debt_consolidation,0,8,33.1,0
70900.0,680,10.0,20500.0,36,15.92,MORTGAGE,debt_consolidation,0,6,28.1,0
97900.0,692,20.0,14000.0,36,12.02,RENT,major_purchase,0,9,32.1,0
29600.0,610,10.0,5900.0,60,17.04,RENT,major_purchase,0,12,34.4,0
32400.0,646,4.0,4500.0,36,14.37,RENT,major_purchase,0,7,21.3,0
77500.0,680,5.0,8000.0,36,16.57,RENT,debt_consolidation,2,11,,0
55400.0,667,3.0,4300.0,36,15.58,RENT,major_purchase,0,13,14.8,0
62800.0,763,2.0,10100.0,36,14.4,RENT,debt_consolidation,0,8,35.1,0
57100.0,694,2.0,37300.0,36,15.19,OWN,debt_consolidation,1,10,65.0,0
58400.0,736,2.0,4900.0,36,8.81,MORTGAGE,credit_card,0,10,10.1,0
27000.0,681,5.0,10000.0,36,17.14,MORTGAGE,credit_card,1,9,43.1,0
78500.0,749,15.0,21100.0,60,13.47,MORTGAGE,debt_consolidation,0,11,26.8,0
83000.0,706,15.0,15900.0,36,12.07,OWN,debt_consolidation,0,9,17.4,0
44200.0,681,0.0,10200.0,36,10.79,MORTGAGE,home_improvement,0,6,34.0,0
48100.0,679,0.0,10200.0,60,14.19,MORTGAGE,debt_consolidation,0,8,22.5,0
24600.0,618,2.0,6100.0,36,17.45,RENT,debt_consolidation,0,7,36.3,0
61800.0,713,2.0,9600.0,36,12.4,MORTGAGE,credit_card,0,11,31.5,0
63400.0,677,1.0,12400.0,36,14.35,RENT,debt_consolidation,0,8,44.2,0
47700.0,647,4.0,19000.0,36,16.39,MORTGAGE,home_improvement,0,11,48.6,1
81300.0,752,5.0,8000.0,36,12.28,RENT,other,0,13,0.0,0
42200.0,599,5.0,9900.0,36,17.13,MORTGAGE,debt_consolidation,0,10,38.2,1
63200.0,653,5.0,6800.0,60,16.31,RENT,other,0,11,19.0,0
31000.0,747,3.0,12200.0,36,14.04,RENT,debt_consolidation,0,13,44.6,0
48500.0,701,7.0,16200.0,36,11.74,MORTGAGE,debt_consolidation,0,7,41.9,0
45300.0,677,10.0,15000.0,36,13.28,RENT,small_business,0,6,36.4,0
54300.0,696,3.0,6100.0,60,18.39,RENT,small_business,1,10,29.3,1
41500.0,692,1.0,11800.0,36,13.89,RENT,credit_card,0,10,36.4,0
46200.0,581,3.0,7800.0,60,18.22,MORTGAGE,debt_consolidation,0,10,28.2,0
71100.0,657,1.0,18100.0,36,14.55,MORTGAGE,major_purchase,0,3,32.8,0
40300.0,785,4.0,10100.0,36,11.59,MORTGAGE,other,0,8,36.9,0
23800.0,637,1.0,5100.0,36,16.66,MORTGAGE,other,3,6,38.1,0
107700.0,659,4.0,9800.0,36,16.08,MORTGAGE,home_improvement,0,5,12.8,0
91300.0,645,2.0,13800.0,36,16.54,MORTGAGE,small_business,0,9,27.7,0
27400.0,674,10.0,12400.0,36,21.43,RENT,major_purchase,2,8,65.0,1
66900.0,642,0.0,8500.0,60,16.74,RENT,major_purchase,0,9,20.6,0
39100.0,712,5.0,8200.0,60,16.13,RENT,other,0,9,40.6,0
55200.0,693,1.0,6700.0,36,12.51,MORTGAGE,major_purchase,0,6,28.7,0
56000.0,730,0.0,9000.0,60,13.47,MORTGAGE,home_improvement,0,11,25.6,0
44100.0,612,15.0,7100.0,36,14.38,MORTGAGE,credit_card,0,8,33.5,0
34500.0,658,7.0,17800.0,36,18.08,RENT,home_improvement,0,7,55.0,1
35900.0,665,1.0,7000.0,36,17.26,RENT,medical,0,8,39.5,1
32500.0,710,7.0,11600.0,36,14.7,RENT,debt_consolidation,0,7,39.9,0
33700.0,628,7.0,11200.0,36,16.67,MORTGAGE,debt_consolidation,1,13,25.4,0
47600.0,740,5.0,17600.0,36,13.94,MORTGAGE,debt_consolidation,0,2,45.5,1
35500.0,757,4.0,18900.0,60,18.23,RENT,other,0,10,64.3,0
66600.0,616,15.0,15500.0,36,15.27,MORTGAGE,major_purchase,0,10,32.2,0
95700.0,648,2.0,13000.0,60,14.95,RENT,debt_consolidation,0,9,19.0,0
37800.0,645,4.0,6500.0,36,14.43,MORTGAGE,debt_consolidation,0,8,23.4,0
54600.0,850,3.0,6400.0,36,6.9,MORTGAGE,home_improvement,0,12,12.5,0
61400.0,652,10.0,7200.0,60,14.65,MORTGAGE,home_improvement,0,12,15.6,0
60600.0,789,15.0,15900.0,36,14.11,OWN,debt_consolidation,1,9,45.1,0
50700.0,598,10.0,11300.0,60,18.84,RENT,other,0,11,37.1,1
68500.0,616,10.0,16900.0,36,17.07,RENT,home_improvement,0,9,33.8,1
60900.0,635,20.0,18100.0,60,15.05,MORTGAGE,home_improvement,0,4,32.9,1
28100.0,625,7.0,7600.0,36,15.34,RENT,medical,0,5,31.8,0
72500.0,663,10.0,11100.0,36,12.7,OWN,debt_consolidation,0,13,24.4,0
73100.0,634,20.0,10900.0,36,15.28,RENT,credit_card,0,7,20.5,0
34800.0,627,0.0,9300.0,60,17.43,RENT,home_improvement,0,6,36.3,1
49900.0,755,7.0,8400.0,36,10.67,MORTGAGE,other,0,12,28.1,0
66700.0,760,10.0,19800.0,60,13.96,RENT,debt_consolidation,0,9,40.8,0
44600.0,742,15.0,11200.0,36,11.63,RENT,small_business,0,10,32.1,0
79400.0,714,15.0,11000.0,36,11.74,OWN,home_improvement,1,9,14.8,0
142000.0,686,10.0,7300.0,36,14.81,RENT,medical,0,10,15.1,0
34400.0,648,20.0,15300.0,36,17.34,MORTGAGE,major_purchase,0,10,50.9,0
26300.0,618,5.0,6600.0,36,15.37,RENT,debt_consolidation,1,7,30.4,0
56200.0,704,0.0,13700.0,36,13.72,RENT,debt_consolidation,0,10,31.8,0
67800.0,604,0.0,13900.0,60,20.14,RENT,debt_consolidation,0,10,35.9,0
44200.0,615,5.0,8900.0,36,15.82,RENT,credit_card,0,9,26.4,0
94300.0,755,4.0,12800.0,36,10.36,RENT,other,0,10,19.8,0
26800.0,804,4.0,12000.0,36,11.32,OWN,debt_consolidation,1,5,55.6,0
67000.0,706,4.0,10700.0,60,11.19,MORTGAGE,credit_card,0,5,17.1,0
37300.0,752,,11000.0,36,13.37,MORTGAGE,medical,0,11,41.3,0
106300.0,664,3.0,11300.0,36,14.71,RENT,other,1,13,29.0,0
120200.0,593,15.0,11700.0,36,15.17,RENT,home_improvement,0,7,15.2,0
34700.0,720,15.0,11300.0,60,15.21,MORTGAGE,major_purchase,1,13,43.1,0
38300.0,717,5.0,6300.0,60,14.26,MORTGAGE,debt_consolidation,0,6,16.8,0
72200.0,685,4.0,10100.0,60,16.84,RENT,debt_consolidation,1,8,19.7,0
41200.0,664,10.0,12500.0,60,17.22,RENT,debt_consolidation,0,8,,1
48000.0,743,7.0,11500.0,36,11.05,RENT,credit_card,0,11,23.7,0
49600.0,616,3.0,17600.0,36,17.91,RENT,credit_card,0,9,50.1,1
20700.0,630,,14900.0,36,19.02,MORTGAGE,credit_card,0,10,65.0,1
48700.0,614,2.0,7100.0,36,15.75,RENT,debt_consolidation,0,7,25.3,0
35900.0,686,1.0,10100.0,36,12.8,RENT,debt_consolidation,0,9,28.9,0
39300.0,609,3.0,9400.0,36,14.57,MORTGAGE,debt_consolidation,0,5,25.2,0
93900.0,636,2.0,10900.0,36,12.64,RENT,other,1,8,18.1,0
27800.0,634,7.0,10900.0,36,18.63,MORTGAGE,other,1,10,48.4,0
70700.0,663,20.0,14900.0,36,15.33,OWN,debt_consolidation,0,9,35.5,0
43200.0,583,7.0,12000.0,36,16.89,RENT,debt_consolidation,0,10,45.0,1
43200.0,686,15.0,20200.0,60,16.73,MORTGAGE,medical,0,7,57.0,0
70000.0,761,10.0,12300.0,36,12.01,RENT,debt_consolidation,0,9,20.5,0
57100.0,689,10.0,7200.0,60,15.82,RENT,other,0,7,28.1,0
63400.0,780,4.0,8700.0,36,9.52,MORTGAGE,credit_card,0,9,16.1,0
75800.0,767,3.0,14800.0,36,12.99,MORTGAGE,credit_card,1,4,25.3,0
42200.0,731,10.0,4900.0,36,12.5,MORTGAGE,major_purchase,1,5,20.0,0
37200.0,685,,5600.0,36,17.48,MORTGAGE,debt_consolidation,1,7,30.8,0
30100.0,681,4.0,11000.0,60,14.57,RENT,debt_consolidation,0,6,46.0,0
33800.0,730,0.0,17600.0,36,21.55,MORTGAGE,major_purchase,3,7,65.0,0
184800.0,655,10.0,21000.0,60,14.91,MORTGAGE,other,0,6,3.8,0
85800.0,558,3.0,9800.0,36,16.47,RENT,home_improvement,1,9,22.2,1
26700.0,712,0.0,18600.0,36,18.1,OWN,major_purchase,0,8,65.0,0
27000.0,606,10.0,11300.0,36,19.2,RENT,other,0,10,56.3,0
60900.0,617,5.0,5100.0,36,17.48,MORTGAGE,debt_consolidation,0,11,23.5,0
62700.0,680,7.0,10900.0,36,14.74,MORTGAGE,credit_card,0,10,31.9,0
62800.0,674,15.0,8000.0,36,10.1,MORTGAGE,debt_consolidation,0,6,24.5,0
43700.0,588,5.0,17300.0,60,20.53,RENT,debt_consolidation,0,14,36.9,0
46300.0,691,5.0,10800.0,36,15.5,RENT,small_business,1,9,40.0,0
56800.0,743,3.0,5800.0,36,12.86,RENT,debt_consolidation,1,8,29.6,0
51000.0,607,3.0,5200.0,60,15.77,MORTGAGE,debt_consolidation,0,7,11.0,0
18100.0,763,10.0,10800.0,36,19.16,RENT,credit_card,2,7,65.0,1
44200.0,579,4.0,3300.0,36,17.8,MORTGAGE,debt_consolidation,1,9,16.6,0
33400.0,818,1.0,8400.0,36,12.27,RENT,debt_consolidation,0,11,32.3,0
53000.0,653,1.0,12300.0,60,18.83,RENT,debt_consolidation,0,8,39.4,0
187800.0,689,5.0,6400.0,36,16.65,RENT,medical,3,12,,0
57800.0,557,4.0,18000.0,36,18.6,MORTGAGE,major_purchase,1,11,46.3,1
42600.0,676,7.0,19800.0,60,20.75,MORTGAGE,medical,0,6,60.1,0
74200.0,695,5.0,6600.0,60,13.57,RENT,medical,0,7,16.0,0
60900.0,674,1.0,9400.0,36,12.96,RENT,other,1,8,15.2,0
59200.0,643,5.0,18000.0,60,17.59,OWN,debt_consolidation,0,10,43.5,0
64400.0,618,15.0,10900.0,60,15.91,RENT,other,0,9,26.8,0
123700.0,753,1.0,5400.0,36,12.89,MORTGAGE,credit_card,0,12,17.7,0
29500.0,682,7.0,10200.0,36,13.22,MORTGAGE,debt_consolidation,0,6,50.5,0
60700.0,780,7.0,7100.0,60,12.09,RENT,home_improvement,0,8,8.0,0
32300.0,646,10.0,19000.0,36,17.23,MORTGAGE,debt_consolidation,0,10,65.0,1
62900.0,652,1.0,14800.0,36,17.25,OWN,debt_consolidation,0,6,29.2,1
32400.0,733,20.0,9300.0,60,15.39,OWN,debt_consolidation,0,9,47.3,0
40600.0,575,7.0,11700.0,60,20.88,MORTGAGE,credit_card,0,8,37.1,0
42900.0,601,10.0,5700.0,36,19.88,MORTGAGE,major_purchase,2,3,27.0,0
76000.0,751,2.0,7500.0,36,11.23,RENT,debt_consolidation,0,9,17.4,0
74100.0,604,10.0,23800.0,36,19.35,RENT,major_purchase,1,9,55.4,1
28000.0,562,10.0,11200.0,36,18.88,RENT,debt_consolidation,0,8,50.0,1
50200.0,801,4.0,17400.0,60,12.1,OWN,credit_card,0,11,46.1,0
35600.0,589,4.0,12300.0,36,16.11,RENT,debt_consolidation,0,10,51.3,0
27800.0,692,7.0,21100.0,36,14.5,RENT,medical,0,7,65.0,0
44500.0,684,1.0,4000.0,60,12.46,MORTGAGE,other,0,10,18.5,0
42700.0,497,10.0,10000.0,36,17.01,RENT,debt_consolidation,0,12,37.7,1
146100.0,663,0.0,24900.0,36,10.54,RENT,other,0,9,27.2,0
59600.0,709,2.0,17600.0,36,14.45,RENT,small_business,0,13,42.3,0
26400.0,703,7.0,21200.0,36,20.47,MORTGAGE,debt_consolidation,3,9,65.0,1
38000.0,739,1.0,10900.0,36,11.27,MORTGAGE,credit_card,0,5,49.2,0
77600.0,655,20.0,8400.0,36,13.11,MORTGAGE,major_purchase,0,10,15.0,0
125500.0,726,15.0,6500.0,36,13.56,RENT,credit_card,1,14,12.7,0
24000.0,635,7.0,6300.0,60,16.8,MORTGAGE,credit_card,0,9,30.4,0
21000.0,588,10.0,16400.0,36,17.88,MORTGAGE,credit_card,0,8,65.0,1
113800.0,596,15.0,14100.0,36,16.07,RENT,credit_card,0,7,28.0,0
58400.0,585,2.0,10600.0,36,16.34,RENT,debt_consolidation,0,10,25.3,0
33200.0,746,10.0,14100.0,36,16.83,MORTGAGE,home_improvement,2,6,,1
62400.0,582,2.0,11700.0,36,17.29,MORTGAGE,major_purchase,0,4,22.9,0
15000.0,698,4.0,17700.0,60,15.14,RENT,major_purchase,0,10,65.0,1
49100.0,663,5.0,17600.0,36,19.27,RENT,home_improvement,0,8,51.6,0
56800.0,673,7.0,6400.0,36,15.21,MORTGAGE,debt_consolidation,0,6,12.0,0
74300.0,769,0.0,12500.0,36,10.15,MORTGAGE,debt_consolidation,0,7,22.6,0
31100.0,652,3.0,4700.0,36,17.86,OWN,medical,0,9,28.3,0
50900.0,720,7.0,11700.0,60,13.44,MORTGAGE,credit_card,0,7,24.0,0
32300.0,682,3.0,14800.0,60,18.14,RENT,home_improvement,0,8,47.3,0
55000.0,670,10.0,5700.0,36,14.35,MORTGAGE,debt_consolidation,0,5,32.4,0
32800.0,829,7.0,8900.0,60,13.92,RENT,debt_consolidation,0,11,33.2,0
40800.0,586,2.0,11000.0,36,19.9,RENT,debt_consolidation,0,9,49.1,0
31300.0,764,1.0,12300.0,36,13.23,RENT,major_purchase,0,9,,0
65700.0,723,7.0,9500.0,60,11.64,RENT,home_improvement,0,7,23.9,0
72100.0,649,4.0,6100.0,36,14.12,MORTGAGE,home_improvement,0,4,30.6,0
44100.0,786,1.0,10600.0,36,7.03,MORTGAGE,other,0,8,28.7,0
49900.0,560,3.0,4800.0,36,14.85,RENT,debt_consolidation,0,4,,0
25500.0,646,3.0,9700.0,36,17.96,MORTGAGE,debt_consolidation,1,9,47.7,1
42800.0,601,1.0,8800.0,36,19.34,MORTGAGE,debt_consolidation,3,13,41.9,0
47900.0,707,5.0,10200.0,60,15.41,OWN,credit_card,0,10,32.2,0
159400.0,608,10.0,8300.0,36,17.66,MORTGAGE,medical,0,8,15.8,0
29700.0,708,5.0,5100.0,36,12.65,RENT,medical,0,10,24.8,0
94700.0,668,10.0,9100.0,36,11.23,OWN,home_improvement,0,11,35.3,0
76800.0,649,1.0,17400.0,36,18.87,RENT,home_improvement,0,10,40.2,0
55600.0,705,4.0,20600.0,60,15.84,RENT,medical,0,8,41.6,0
108200.0,663,7.0,37000.0,60,18.7,RENT,home_improvement,2,18,51.2,1
58000.0,609,7.0,25500.0,60,19.16,RENT,debt_consolidation,0,8,54.9,1
58400.0,850,7.0,6000.0,36,5.92,MORTGAGE,small_business,0,13,15.6,0
47900.0,648,10.0,8900.0,60,21.82,MORTGAGE,major_purchase,2,7,42.6,1
85000.0,536,7.0,10800.0,36,23.4,MORTGAGE,home_improvement,0,9,28.8,1
80300.0,625,1.0,10500.0,36,13.35,OWN,debt_consolidation,0,13,24.6,0
37000.0,598,7.0,11300.0,60,19.4,RENT,credit_card,0,11,39.9,1
27100.0,734,10.0,36500.0,36,14.17,RENT,credit_card,0,10,65.0,0
44700.0,701,20.0,6400.0,36,13.45,MORTGAGE,debt_consolidation,0,8,16.4,0
34200.0,706,7.0,7700.0,60,14.08,OWN,credit_card,0,13,34.2,0
47600.0,656,7.0,24900.0,60,18.81,OWN,debt_consolidation,0,14,57.1,1
85500.0,662,5.0,8000.0,36,12.96,RENT,credit_card,0,12,21.2,0
39900.0,656,15.0,13300.0,60,15.1,MORTGAGE,debt_consolidation,0,8,35.5,0
48100.0,675,20.0,18300.0,60,17.5,MORTGAGE,other,0,10,31.3,0
50300.0,734,10.0,14000.0,60,16.36,RENT,debt_consolidation,0,7,30.1,1
71800.0,702,,12000.0,36,11.23,MORTGAGE,credit_card,0,18,11.7,0
17800.0,713,0.0,17500.0,60,16.5,RENT,debt_consolidation,0,9,65.0,1
37300.0,712,10.0,7000.0,60,21.56,MORTGAGE,debt_consolidation,3,12,50.8,1
53900.0,737,7.0,8500.0,36,9.98,OWN,small_business,0,11,17.8,0
84100.0,699,10.0,14300.0,36,16.69,MORTGAGE,debt_consolidation,0,11,16.0,0
39300.0,703,1.0,3900.0,36,14.0,MORTGAGE,home_improvement,0,13,10.9,0
21100.0,757,7.0,22200.0,36,19.84,MORTGAGE,debt_consolidation,3,9,65.0,1
64800.0,637,3.0,12700.0,60,15.78,RENT,credit_card,0,12,34.8,0
36800.0,624,10.0,11800.0,36,12.93,RENT,small_business,0,12,33.5,1
28700.0,603,2.0,4800.0,36,13.85,RENT,other,1,9,30.6,0
37000.0,692,7.0,5700.0,60,13.45,MORTGAGE,credit_card,0,6,23.0,0
45100.0,560,3.0,9000.0,36,17.8,OWN,medical,1,8,39.6,0
37300.0,710,0.0,16400.0,36,14.31,MORTGAGE,major_purchase,0,11,57.1,1
18200.0,673,7.0,3900.0,36,16.08,OWN,debt_consolidation,1,11,37.1,0
73400.0,754,1.0,16200.0,36,11.95,MORTGAGE,medical,0,16,27.8,0
87000.0,636,7.0,9100.0,60,16.85,MORTGAGE,home_improvement,0,10,18.3,0
65700.0,667,15.0,9800.0,60,15.1,MORTGAGE,debt_consolidation,0,6,24.8,0
29400.0,753,20.0,12400.0,36,15.64,MORTGAGE,other,1,13,58.6,0
44800.0,770,2.0,12500.0,60,13.03,RENT,debt_consolidation,0,8,34.5,0
48900.0,636,10.0,7700.0,36,14.47,RENT,credit_card,0,5,25.6,0
64200.0,692,3.0,14900.0,36,14.27,RENT,credit_card,0,13,33.0,0
66200.0,699,15.0,3400.0,36,14.09,OWN,home_improvement,1,8,16.9,0
35200.0,704,10.0,8700.0,60,16.58,OWN,home_improvement,0,15,26.8,0
50900.0,663,0.0,11800.0,36,16.96,RENT,debt_consolidation,0,12,41.8,0
60200.0,763,4.0,9200.0,36,10.1,OWN,credit_card,0,9,22.7,0
94400.0,557,3.0,4400.0,36,15.08,MORTGAGE,debt_consolidation,0,6,14.6,0
67300.0,653,10.0,16000.0,36,11.36,MORTGAGE,debt_consolidation,0,6,23.6,0
69900.0,709,4.0,5900.0,60,10.74,MORTGAGE,major_purchase,0,15,10.3,0
50900.0,710,7.0,10600.0,36,17.17,MORTGAGE,small_business,1,10,31.7,0
92500.0,768,7.0,11800.0,60,12.7,MORTGAGE,credit_card,0,10,20.3,0
58900.0,758,20.0,11000.0,36,12.21,RENT,debt_consolidation,1,2,20.9,0
33300.0,661,15.0,19600.0,60,19.97,RENT,credit_card,0,6,61.6,0
92200.0,764,4.0,10700.0,60,12.57,MORTGAGE,debt_consolidation,0,11,24.4,0
67100.0,634,10.0,13500.0,36,18.96,RENT,major_purchase,0,5,27.7,0
40200.0,741,10.0,10600.0,36,16.34,MORTGAGE,debt_consolidation,1,10,43.3,1
39500.0,798,15.0,14900.0,60,12.55,MORTGAGE,credit_card,0,13,41.4,0
56000.0,759,0.0,22000.0,60,13.36,MORTGAGE,home_improvement,0,7,40.7,0
60400.0,687,3.0,11700.0,36,16.38,MORTGAGE,other,2,9,25.2,0
53600.0,658,3.0,16200.0,36,14.32,OWN,debt_consolidation,0,8,27.9,1
56400.0,581,4.0,22600.0,60,21.39,RENT,debt_consolidation,0,11,45.5,0
105300.0,700,1.0,21600.0,36,13.88,MORTGAGE,other,0,9,27.5,0
79400.0,608,5.0,9000.0,36,18.57,MORTGAGE,credit_card,0,18,15.4,0
53400.0,628,7.0,18400.0,60,18.54,RENT,small_business,0,12,45.5,1
74900.0,603,5.0,12400.0,60,18.39,RENT,major_purchase,0,5,20.6,0
30800.0,650,7.0,19100.0,60,16.02,MORTGAGE,debt_consolidation,0,13,65.0,1
58600.0,678,0.0,14500.0,36,15.11,MORTGAGE,debt_consolidation,1,8,30.0,0
110700.0,698,15.0,12600.0,60,15.17,RENT,debt_consolidation,0,15,22.1,0
44400.0,641,15.0,13600.0,36,14.79,RENT,major_purchase,0,11,37.0,0
33500.0,750,7.0,12400.0,36,16.43,MORTGAGE,medical,0,12,46.0,0
36600.0,666,15.0,12700.0,36,16.34,MORTGAGE,small_business,0,6,50.5,0
30000.0,629,1.0,10100.0,60,19.87,MORTGAGE,credit_card,0,12,55.1,0
34400.0,695,10.0,9600.0,36,12.42,MORTGAGE,debt_consolidation,0,3,21.0,0
41500.0,808,1.0,26400.0,60,14.22,MORTGAGE,credit_card,0,3,65.0,0
26000.0,702,4.0,13900.0,60,17.65,MORTGAGE,other,0,9,,0
49400.0,656,3.0,8200.0,36,12.88,MORTGAGE,medical,0,8,23.9,0
73600.0,581,5.0,9500.0,60,14.76,MORTGAGE,debt_consolidation,0,13,12.6,0
32600.0,666,3.0,18500.0,60,17.58,OWN,debt_consolidation,0,12,55.4,0
97100.0,695,7.0,7600.0,36,11.05,MORTGAGE,major_purchase,0,8,8.5,0
61700.0,655,3.0,5200.0,36,13.77,MORTGAGE,credit_card,0,18,,0
77900.0,572,15.0,5400.0,36,14.39,RENT,home_improvement,0,11,2.3,0
36500.0,625,7.0,4600.0,36,12.88,MORTGAGE,credit_card,0,10,15.7,0
72000.0,775,2.0,5700.0,60,11.69,MORTGAGE,debt_consolidation,1,8,14.0,0
30000.0,773,3.0,6100.0,36,12.69,MORTGAGE,debt_consolidation,0,8,32.0,0
73200.0,622,10.0,21900.0,60,16.66,MORTGAGE,debt_consolidation,0,13,31.4,0
53000.0,724,4.0,10700.0,60,13.33,RENT,debt_consolidation,0,10,26.8,0
62900.0,603,5.0,9100.0,36,13.42,RENT,debt_consolidation,0,8,5.3,1
28900.0,771,7.0,5300.0,36,10.81,RENT,debt_consolidation,0,7,27.1,0
32800.0,696,3.0,10200.0,36,15.06,RENT,debt_consolidation,0,13,41.7,0
64100.0,742,3.0,4600.0,36,5.65,RENT,debt_consolidation,0,7,14.5,0
32000.0,569,5.0,9100.0,36,18.02,RENT,debt_consolidation,0,11,30.7,0
60400.0,724,2.0,30700.0,36,13.89,RENT,credit_card,0,7,63.0,0
26500.0,680,3.0,15200.0,36,17.75,MORTGAGE,other,0,7,65.0,1
71800.0,735,0.0,9800.0,36,10.61,MORTGAGE,debt_consolidation,0,6,26.6,1
28200.0,739,3.0,15500.0,60,17.05,RENT,debt_consolidation,0,7,64.5,0
62900.0,684,3.0,8400.0,36,12.52,MORTGAGE,credit_card,0,4,7.7,0
65000.0,641,20.0,7300.0,36,17.06,MORTGAGE,major_purchase,0,9,23.0,0
35800.0,731,5.0,25600.0,36,16.18,RENT,debt_consolidation,0,9,65.0,1
63700.0,676,10.0,6200.0,36,13.01,RENT,debt_consolidation,0,6,17.6,0
55100.0,623,0.0,9200.0,36,13.42,RENT,other,0,8,22.0,0
38500.0,620,1.0,12700.0,36,14.67,OWN,debt_consolidation,0,5,32.4,0
31100.0,584,10.0,6800.0,36,16.32,MORTGAGE,other,0,5,24.1,0
20300.0,647,7.0,15100.0,36,20.21,RENT,major_purchase,0,10,65.0,0
57400.0,752,2.0,9400.0,36,13.37,MORTGAGE,small_business,2,8,,0
24200.0,692,4.0,15200.0,36,15.89,MORTGAGE,home_improvement,1,11,65.0,0
51200.0,646,5.0,14700.0,36,16.63,RENT,debt_consolidation,0,8,39.8,1
43500.0,732,10.0,9700.0,60,15.94,MORTGAGE,small_business,0,9,38.1,0
66500.0,626,0.0,25700.0,36,19.21,RENT,debt_consolidation,1,3,44.1,1
42800.0,686,7.0,7800.0,36,10.97,MORTGAGE,credit_card,0,7,26.2,0
42300.0,668,7.0,21500.0,60,19.83,MORTGAGE,debt_consolidation,0,10,61.2,1
68100.0,731,20.0,19700.0,60,13.99,MORTGAGE,debt_consolidation,0,11,,0
57000.0,577,10.0,26500.0,60,21.3,MORTGAGE,credit_card,0,9,49.5,0
56500.0,625,2.0,11900.0,36,18.13,MORTGAGE,credit_card,0,8,37.4,0
60500.0,574,7.0,7400.0,36,17.19,RENT,debt_consolidation,0,6,16.4,0
24600.0,663,10.0,30900.0,36,16.7,RENT,credit_card,0,10,65.0,1
68900.0,759,10.0,9300.0,60,13.23,OWN,small_business,0,12,16.1,0
64600.0,647,10.0,7300.0,60,18.15,MORTGAGE,credit_card,0,8,23.1,0
31000.0,647,15.0,9900.0,36,14.47,MORTGAGE,credit_card,0,11,39.5,0
43900.0,737,1.0,6700.0,36,11.5,MORTGAGE,small_business,1,11,22.0,0
48200.0,749,1.0,14200.0,36,13.04,MORTGAGE,medical,0,12,35.3,0
46100.0,674,10.0,8100.0,36,14.46,MORTGAGE,credit_card,0,10,31.4,0
57000.0,725,2.0,9500.0,60,13.69,RENT,other,0,9,29.3,0
93400.0,610,0.0,17700.0,36,16.54,MORTGAGE,credit_card,0,4,28.8,0
79800.0,770,4.0,14900.0,36,11.84,MORTGAGE,debt_consolidation,0,13,27.7,0
27200.0,820,10.0,11000.0,60,13.04,OWN,small_business,0,19,58.8,0
64900.0,714,1.0,11900.0,36,13.62,MORTGAGE,debt_consolidation,0,9,,0
89100.0,545,7.0,11000.0,36,18.91,RENT,medical,0,10,19.0,1
58300.0,644,0.0,8800.0,36,13.14,MORTGAGE,credit_card,0,7,25.6,0
80100.0,720,1.0,10900.0,36,13.52,MORTGAGE,small_business,1,13,15.1,0
121200.0,653,3.0,14000.0,36,12.59,OWN,home_improvement,0,9,16.8,0
77700.0,763,1.0,10300.0,36,13.14,MORTGAGE,debt_consolidation,0,4,24.7,0
54800.0,718,10.0,13500.0,36,11.55,OWN,small_business,0,11,41.1,0
78500.0,634,15.0,7200.0,36,20.86,RENT,major_purchase,3,8,24.8,0
52300.0,682,10.0,8100.0,36,14.06,MORTGAGE,other,0,8,35.8,0
49600.0,622,2.0,7600.0,60,17.71,RENT,credit_card,2,10,11.7,0
41900.0,668,5.0,8200.0,36,14.14,MORTGAGE,credit_card,0,4,13.1,0
99100.0,644,2.0,20800.0,36,16.79,MORTGAGE,medical,0,11,18.0,0
33900.0,756,3.0,15700.0,36,17.01,RENT,debt_consolidation,1,14,63.7,1
97700.0,818,5.0,6400.0,36,10.66,MORTGAGE,debt_consolidation,0,10,24.8,0
61400.0,587,10.0,13600.0,36,17.2,RENT,debt_consolidation,0,7,31.1,0
26100.0,555,1.0,9000.0,60,21.14,RENT,other,0,4,42.5,0
57800.0,664,3.0,7800.0,36,14.56,RENT,debt_consolidation,0,4,33.6,0
19100.0,581,15.0,5200.0,36,13.59,MORTGAGE,small_business,0,5,36.5,0
65000.0,683,4.0,17800.0,36,14.91,RENT,credit_card,0,7,32.9,0
73000.0,729,15.0,5500.0,60,14.48,RENT,debt_consolidation,1,9,21.2,0
37600.0,777,20.0,10700.0,60,11.87,RENT,other,0,6,38.8,0
51800.0,693,5.0,6800.0,36,11.68,RENT,credit_card,0,13,21.4,0
118100.0,667,3.0,16100.0,36,13.99,RENT,credit_card,1,13,26.8,0
39000.0,551,10.0,9300.0,36,18.07,MORTGAGE,debt_consolidation,0,11,34.4,1
30400.0,682,1.0,10200.0,60,15.39,MORTGAGE,debt_consolidation,0,6,44.1,1
95500.0,685,2.0,10400.0,36,13.04,OWN,small_business,0,13,25.3,0
118600.0,722,10.0,12700.0,36,11.43,RENT,debt_consolidation,0,12,22.8,0
49100.0,634,4.0,11000.0,36,12.92,OWN,credit_card,0,10,30.8,0
77300.0,652,2.0,10700.0,36,16.95,RENT,debt_consolidation,2,7,21.0,1
89600.0,584,7.0,8400.0,36,15.96,RENT,medical,0,6,18.4,0
35100.0,531,10.0,5000.0,36,16.11,RENT,small_business,0,6,31.5,0
39400.0,608,1.0,6300.0,60,21.54,RENT,major_purchase,1,5,,1
85300.0,578,2.0,15700.0,36,17.18,MORTGAGE,debt_consolidation,0,7,23.1,0
104600.0,702,2.0,9400.0,36,13.18,MORTGAGE,credit_card,0,11,27.9,0
63200.0,646,3.0,7800.0,36,12.84,OWN,debt_consolidation,0,10,22.6,0
33000.0,645,10.0,5400.0,36,13.1,OWN,debt_consolidation,0,6,13.8,0
119900.0,616,7.0,4600.0,36,15.04,MORTGAGE,debt_consolidation,2,8,8.0,0
38600.0,470,7.0,7700.0,60,20.22,MORTGAGE,other,0,8,,1
42200.0,778,0.0,17100.0,36,16.02,MORTGAGE,other,1,10,48.7,0
57200.0,615,1.0,8300.0,60,19.77,OWN,home_improvement,3,9,,1
98700.0,653,2.0,13400.0,36,15.92,MORTGAGE,credit_card,0,10,17.4,0
72000.0,585,2.0,8100.0,36,17.17,RENT,credit_card,1,9,31.0,0
59100.0,743,1.0,15100.0,36,13.74,MORTGAGE,debt_consolidation,0,8,28.7,0
60400.0,689,4.0,9200.0,60,19.36,MORTGAGE,major_purchase,2,6,27.9,0
50000.0,626,0.0,5900.0,36,15.91,MORTGAGE,home_improvement,0,12,20.5,0
63000.0,655,10.0,9600.0,36,14.26,OWN,home_improvement,0,7,27.3,0
15700.0,789,10.0,27400.0,36,11.92,MORTGAGE,major_purchase,0,12,65.0,1
42900.0,675,5.0,26800.0,36,14.51,OWN,other,0,9,62.9,1
54600.0,668,1.0,14000.0,36,16.73,OWN,credit_card,0,11,39.8,0
29200.0,619,15.0,10200.0,36,18.13,RENT,credit_card,0,5,44.5,0
58300.0,557,20.0,12700.0,60,19.76,RENT,other,0,9,,1
44700.0,670,2.0,12800.0,36,13.8,RENT,home_improvement,0,16,35.5,0
108000.0,701,7.0,10700.0,36,14.84,OWN,medical,0,5,8.2,0
99500.0,751,10.0,13600.0,60,11.88,RENT,debt_consolidation,0,7,15.9,0
39800.0,534,5.0,12100.0,36,19.48,MORTGAGE,debt_consolidation,0,8,33.5,1
45800.0,607,3.0,9300.0,36,13.42,MORTGAGE,credit_card,0,9,20.1,0
47400.0,642,5.0,6000.0,60,14.69,MORTGAGE,debt_consolidation,0,14,19.5,0
40000.0,680,5.0,8700.0,36,14.4,RENT,medical,0,9,32.1,0
53500.0,671,4.0,16300.0,36,12.01,RENT,credit_card,0,8,42.4,0
34800.0,672,15.0,10800.0,36,12.99,RENT,other,0,7,44.0,0
29500.0,707,10.0,12700.0,36,19.29,MORTGAGE,debt_consolidation,1,5,61.8,1
64900.0,621,2.0,9500.0,36,15.28,RENT,debt_consolidation,1,3,10.4,0
65100.0,741,5.0,6400.0,36,15.97,MORTGAGE,debt_consolidation,2,13,39.6,0
34100.0,708,7.0,9700.0,36,11.9,RENT,debt_consolidation,0,12,27.7,0
73300.0,659,1.0,6600.0,36,13.95,MORTGAGE,home_improvement,0,12,0.0,0
36900.0,784,3.0,6400.0,60,15.28,OWN,debt_consolidation,2,7,34.2,1
54900.0,781,15.0,20000.0,36,13.33,MORTGAGE,credit_card,0,9,47.6,0
70900.0,741,5.0,8900.0,60,11.89,RENT,major_purchase,0,6,27.4,0
48300.0,484,2.0,7500.0,36,23.57,MORTGAGE,debt_consolidation,1,15,33.4,1
60200.0,783,1.0,24600.0,36,12.72,RENT,debt_consolidation,0,13,36.9,0
38900.0,732,5.0,16400.0,36,15.42,RENT,credit_card,0,10,52.7,0
44900.0,810,5.0,9100.0,36,12.95,RENT,small_business,0,12,31.9,0
44700.0,760,3.0,13500.0,36,11.72,RENT,other,0,10,42.1,0
35000.0,783,7.0,9700.0,60,14.69,MORTGAGE,home_improvement,0,7,40.8,0
45300.0,737,0.0,7700.0,36,11.42,MORTGAGE,other,0,5,20.8,0
24400.0,768,1.0,13900.0,36,15.87,RENT,debt_consolidation,1,5,65.0,1
39300.0,810,5.0,9300.0,36,13.62,RENT,debt_consolidation,0,5,,0
43100.0,694,0.0,11400.0,36,13.1,MORTGAGE,major_purchase,0,11,32.0,0
43700.0,578,15.0,18200.0,36,16.92,RENT,major_purchase,0,8,50.6,1
44000.0,660,1.0,17300.0,60,17.17,RENT,home_improvement,0,7,51.4,1
47700.0,705,7.0,8300.0,36,13.66,RENT,credit_card,0,6,32.2,0
60800.0,685,4.0,13900.0,36,13.31,MORTGAGE,debt_consolidation,0,10,24.4,0
72700.0,599,4.0,6200.0,36,18.14,MORTGAGE,debt_consolidation,1,7,20.7,0
36600.0,574,10.0,13700.0,60,23.02,RENT,debt_consolidation,2,8,53.6,1
28500.0,632,5.0,11800.0,36,15.78,OWN,debt_consolidation,0,3,48.4,0
30700.0,733,10.0,13200.0,36,16.8,RENT,major_purchase,1,7,55.6,0
39400.0,783,5.0,9400.0,36,12.26,MORTGAGE,debt_consolidation,0,9,,0
41800.0,740,7.0,31000.0,36,15.1,RENT,credit_card,1,13,65.0,0
34700.0,749,10.0,7000.0,60,13.62,MORTGAGE,other,0,12,20.1,0
27400.0,675,7.0,17800.0,36,16.94,MORTGAGE,credit_card,0,6,65.0,0
39900.0,567,7.0,6500.0,60,16.13,MORTGAGE,debt_consolidation,0,9,19.7,0
53200.0,650,,14100.0,36,15.48,RENT,small_business,0,11,41.8,0
64100.0,663,20.0,14600.0,36,13.95,MORTGAGE,major_purchase,0,7,32.5,0
38100.0,648,3.0,11200.0,36,15.53,MORTGAGE,debt_consolidation,0,8,40.3,0
40700.0,684,5.0,8500.0,60,15.69,MORTGAGE,major_purchase,0,13,27.9,0
32300.0,709,1.0,11700.0,36,13.35,RENT,debt_consolidation,0,6,31.6,0
48300.0,735,3.0,12500.0,36,11.55,RENT,small_business,0,7,34.6,0
33500.0,662,4.0,26800.0,60,22.3,RENT,debt_consolidation,1,10,65.0,1
63400.0,556,10.0,7100.0,36,17.16,RENT,credit_card,1,4,17.0,0
21900.0,649,5.0,8300.0,36,16.53,RENT,credit_card,0,11,40.1,0
41700.0,683,10.0,12600.0,60,19.93,RENT,small_business,2,11,31.0,0
56100.0,759,0.0,9600.0,36,11.76,MORTGAGE,home_improvement,0,16,27.8,0
53200.0,643,4.0,10400.0,60,16.31,MORTGAGE,medical,0,12,,0
164700.0,713,15.0,18700.0,36,12.54,MORTGAGE,debt_consolidation,0,7,20.5,0
57400.0,699,2.0,2700.0,36,16.59,MORTGAGE,home_improvement,3,6,18.3,0
31200.0,683,0.0,8100.0,36,15.45,MORTGAGE,debt_consolidation,0,8,32.8,0
47000.0,740,4.0,4600.0,36,13.08,MORTGAGE,credit_card,0,7,9.2,0
22000.0,637,7.0,6000.0,36,15.56,OWN,credit_card,0,10,38.3,0
47300.0,643,4.0,36400.0,36,13.93,MORTGAGE,debt_consolidation,0,7,65.0,0
33700.0,679,4.0,14800.0,60,21.57,MORTGAGE,debt_consolidation,2,5,56.1,1
74000.0,638,7.0,17600.0,60,14.81,OWN,major_purchase,0,6,29.7,0
38300.0,713,2.0,10500.0,36,15.99,RENT,debt_consolidation,0,16,30.3,0
46500.0,634,10.0,16000.0,36,19.05,MORTGAGE,debt_consolidation,1,11,41.2,1
36800.0,695,1.0,4500.0,36,11.06,RENT,home_improvement,0,8,19.2,0
107200.0,673,4.0,18400.0,36,13.82,MORTGAGE,debt_consolidation,0,7,33.4,0
42400.0,694,7.0,7300.0,60,15.17,MORTGAGE,debt_consolidation,0,4,22.7,0
111800.0,650,10.0,8400.0,36,17.41,MORTGAGE,credit_card,1,8,14.7,0
70700.0,658,10.0,14100.0,36,14.58,MORTGAGE,debt_consolidation,0,5,31.4,0
60900.0,686,10.0,12800.0,36,13.98,MORTGAGE,other,1,12,27.2,0
57900.0,693,3.0,11400.0,36,13.5,MORTGAGE,other,0,10,33.2,0
58500.0,680,1.0,5500.0,36,10.19,OWN,credit_card,0,9,,0
20600.0,791,2.0,11500.0,36,15.67,MORTGAGE,debt_consolidation,0,7,65.0,0
43200.0,616,15.0,17700.0,36,19.09,OWN,credit_card,0,15,47.5,0
71700.0,676,15.0,8400.0,36,12.84,MORTGAGE,debt_consolidation,0,12,17.2,0
48000.0,578,20.0,21100.0,36,21.3,MORTGAGE,credit_card,0,9,56.8,1
26000.0,704,0.0,7100.0,60,13.72,RENT,debt_consolidation,0,13,48.4,0
47900.0,608,5.0,11000.0,36,15.52,RENT,small_business,0,9,17.9,0
105500.0,662,7.0,23600.0,36,15.75,OWN,debt_consolidation,0,7,29.3,0
85900.0,656,7.0,7800.0,36,14.94,MORTGAGE,credit_card,0,11,17.8,0
47700.0,698,7.0,18500.0,36,16.77,MORTGAGE,debt_consolidation,0,9,45.5,0
75200.0,644,10.0,29400.0,60,16.21,MORTGAGE,credit_card,0,13,42.6,0
41600.0,641,3.0,11900.0,60,16.71,RENT,debt_consolidation,0,9,36.3,0
22800.0,773,1.0,8400.0,60,16.78,MORTGAGE,other,0,8,49.7,0
32300.0,698,2.0,7400.0,60,12.65,RENT,credit_card,0,13,29.6,0
99000.0,644,0.0,21000.0,60,17.17,OWN,debt_consolidation,0,12,25.7,0
43300.0,664,3.0,20700.0,36,19.36,MORTGAGE,debt_consolidation,2,13,59.5,0
43900.0,787,1.0,22600.0,36,14.68,MORTGAGE,debt_consolidation,0,3,54.5,0
42800.0,665,3.0,10800.0,36,15.79,MORTGAGE,credit_card,0,9,48.4,0
115500.0,635,7.0,18400.0,60,15.71,RENT,debt_consolidation,0,7,18.6,0
101900.0,635,15.0,10700.0,36,16.81,OWN,credit_card,0,8,27.1,0
133000.0,644,10.0,7000.0,36,14.97,RENT,debt_consolidation,0,8,18.0,0
45600.0,641,2.0,19200.0,60,14.85,MORTGAGE,major_purchase,0,7,45.2,1
56000.0,597,1.0,24800.0,36,18.53,RENT,credit_card,0,7,60.0,1
24800.0,607,2.0,6600.0,36,19.01,MORTGAGE,medical,0,10,34.5,0
95300.0,626,20.0,6500.0,60,17.58,RENT,other,1,8,8.4,0
29000.0,718,5.0,11200.0,60,14.91,MORTGAGE,other,0,6,40.3,0
54000.0,655,2.0,17600.0,60,20.12,OWN,debt_consolidation,0,5,51.8,0
29900.0,667,10.0,6200.0,60,17.96,MORTGAGE,major_purchase,0,10,27.7,0
37600.0,763,4.0,12300.0,36,10.39,RENT,credit_card,0,8,45.1,0
33600.0,764,15.0,8100.0,36,13.29,MORTGAGE,credit_card,0,5,28.5,0
37300.0,662,2.0,15500.0,36,14.7,OWN,medical,0,5,46.8,0
38500.0,639,4.0,7300.0,60,19.08,RENT,debt_consolidation,0,9,30.9,0
38300.0,624,5.0,16100.0,36,15.07,RENT,credit_card,0,5,52.7,1
71300.0,725,15.0,10100.0,36,14.74,RENT,home_improvement,3,7,30.6,0
29800.0,667,15.0,6800.0,36,12.73,MORTGAGE,debt_consolidation,0,7,22.9,0
54100.0,655,5.0,11300.0,36,13.15,MORTGAGE,medical,0,12,40.2,0
84800.0,627,2.0,4200.0,36,20.23,MORTGAGE,debt_consolidation,3,13,15.7,1
38900.0,630,4.0,8300.0,60,22.55,MORTGAGE,home_improvement,2,11,45.1,1
35500.0,701,20.0,12900.0,36,13.4,MORTGAGE,other,0,5,46.6,0
44200.0,594,7.0,4500.0,36,16.61,MORTGAGE,small_business,0,13,15.2,0
83400.0,745,10.0,3000.0,36,9.31,MORTGAGE,medical,0,11,12.5,0
53500.0,645,4.0,3400.0,36,13.16,RENT,debt_consolidation,0,4,22.4,0
38600.0,670,5.0,21200.0,36,12.89,RENT,credit_card,0,5,65.0,1
60900.0,593,4.0,10500.0,36,14.61,RENT,credit_card,0,7,19.1,0
29900.0,679,7.0,8400.0,60,17.91,MORTGAGE,small_business,0,10,32.8,0
66600.0,659,15.0,17500.0,60,17.44,MORTGAGE,debt_consolidation,0,13,30.2,0
58900.0,677,5.0,8900.0,60,16.51,RENT,home_improvement,1,10,30.1,0
42700.0,776,,12500.0,36,14.49,RENT,debt_consolidation,0,8,43.2,0
33600.0,692,3.0,11100.0,60,17.86,MORTGAGE,debt_consolidation,3,13,42.4,1
32900.0,628,1.0,8600.0,60,18.21,RENT,credit_card,0,9,35.1,0
62400.0,634,15.0,12700.0,60,16.62,RENT,home_improvement,0,15,35.7,0
85200.0,719,3.0,16100.0,36,14.73,RENT,other,0,4,31.6,0
36800.0,764,10.0,10000.0,36,11.02,RENT,small_business,0,10,41.0,0
60300.0,698,7.0,8700.0,36,12.52,MORTGAGE,home_improvement,0,6,17.9,0
19200.0,725,10.0,9200.0,60,13.43,RENT,debt_consolidation,1,10,65.0,0
37700.0,720,15.0,3500.0,36,9.68,MORTGAGE,debt_consolidation,0,13,15.0,0
48300.0,772,7.0,12600.0,36,10.91,OWN,home_improvement,1,8,44.1,0
32600.0,553,15.0,6000.0,36,14.57,RENT,debt_consolidation,0,7,20.3,0
32200.0,723,1.0,15000.0,60,14.77,RENT,small_business,0,7,45.0,0
36300.0,744,,10500.0,60,13.39,RENT,debt_consolidation,0,7,49.7,1
55900.0,593,10.0,11500.0,60,17.66,MORTGAGE,debt_consolidation,0,18,,0
45100.0,622,2.0,15500.0,60,18.3,MORTGAGE,major_purchase,0,9,39.4,0
17900.0,625,10.0,6900.0,36,15.24,RENT,major_purchase,0,7,30.6,0
18900.0,633,10.0,13200.0,36,20.31,RENT,debt_consolidation,0,9,65.0,1
37300.0,649,10.0,12500.0,60,17.37,MORTGAGE,debt_consolidation,0,12,36.3,0
60200.0,696,3.0,10000.0,60,13.11,MORTGAGE,other,0,7,15.4,0
15000.0,736,7.0,6900.0,36,16.2,RENT,major_purchase,1,6,55.3,1
39100.0,750,3.0,14700.0,36,14.66,RENT,major_purchase,0,9,46.7,0
38700.0,626,10.0,15500.0,36,15.93,MORTGAGE,debt_consolidation,0,14,42.6,0
91600.0,625,4.0,11600.0,36,15.72,RENT,credit_card,0,12,13.0,0
41200.0,766,7.0,6400.0,36,7.9,RENT,debt_consolidation,0,9,,0
58200.0,722,4.0,8400.0,36,10.25,MORTGAGE,debt_consolidation,0,10,18.3,0
52200.0,685,1.0,10600.0,60,20.8,RENT,debt_consolidation,1,10,33.0,0
18800.0,711,1.0,15400.0,36,15.56,MORTGAGE,debt_consolidation,1,12,65.0,1
69300.0,678,0.0,5000.0,36,11.77,MORTGAGE,other,1,10,13.8,0
54000.0,714,7.0,8300.0,36,13.87,RENT,credit_card,0,11,22.3,0
61600.0,658,10.0,8900.0,60,21.85,MORTGAGE,small_business,3,6,36.1,1
286900.0,697,0.0,10500.0,36,13.12,MORTGAGE,other,0,7,26.1,0
19200.0,582,0.0,5700.0,36,16.9,RENT,debt_consolidation,1,9,32.8,1
106500.0,635,4.0,9800.0,36,13.82,RENT,debt_consolidation,0,12,16.2,0
43100.0,636,10.0,9400.0,36,16.03,MORTGAGE,debt_consolidation,0,14,30.5,0
55800.0,656,1.0,6500.0,36,13.73,MORTGAGE,medical,0,10,29.3,1
48000.0,620,2.0,10300.0,36,16.37,MORTGAGE,home_improvement,0,18,26.6,0
40500.0,645,2.0,8300.0,36,14.47,RENT,credit_card,0,14,31.5,0
37900.0,582,4.0,14000.0,36,18.44,OWN,major_purchase,0,11,54.7,0
56900.0,716,2.0,7000.0,36,12.59,MORTGAGE,debt_consolidation,0,6,19.9,0
24800.0,675,3.0,11400.0,60,12.24,MORTGAGE,debt_consolidation,0,6,45.2,0
68700.0,569,10.0,7300.0,60,18.66,MORTGAGE,credit_card,0,9,29.8,0
40600.0,626,7.0,8100.0,36,14.62,RENT,major_purchase,0,9,23.9,0
29500.0,702,1.0,12700.0,36,15.78,OWN,debt_consolidation,0,11,57.9,0
40000.0,645,7.0,12300.0,36,12.32,RENT,debt_consolidation,0,14,43.8,0
86300.0,635,5.0,8900.0,36,12.37,MORTGAGE,credit_card,0,11,9.0,0
38500.0,675,15.0,9600.0,60,21.26,MORTGAGE,debt_consolidation,3,8,40.1,1
57600.0,702,3.0,5300.0,36,11.02,OWN,small_business,0,8,20.1,0
35300.0,587,10.0,22100.0,60,20.8,MORTGAGE,home_improvement,0,8,65.0,1
68900.0,716,10.0,15400.0,60,10.74,MORTGAGE,credit_card,0,10,,0
66700.0,628,2.0,15100.0,36,16.69,OWN,medical,1,8,39.8,0
112600.0,679,15.0,4900.0,36,11.98,OWN,small_business,0,10,12.9,0
45300.0,678,5.0,8100.0,36,13.37,RENT,debt_consolidation,0,7,36.9,0
66200.0,646,7.0,9300.0,36,15.11,RENT,credit_card,0,9,29.1,0
51200.0,613,1.0,4200.0,60,15.85,MORTGAGE,debt_consolidation,0,9,14.9,0
87800.0,661,2.0,17100.0,36,12.97,OWN,major_purchase,0,10,14.5,0
35500.0,786,5.0,22600.0,36,11.29,MORTGAGE,small_business,0,12,65.0,1
68500.0,591,3.0,30700.0,60,19.68,RENT,credit_card,0,3,49.2,1
44900.0,790,5.0,6500.0,60,13.46,MORTGAGE,major_purchase,0,9,25.4,0
47600.0,663,3.0,11600.0,36,14.79,RENT,credit_card,1,11,40.1,1
51100.0,682,7.0,21200.0,60,17.66,MORTGAGE,major_purchase,0,8,58.2,0
54900.0,609,5.0,9600.0,36,18.02,RENT,debt_consolidation,0,6,26.6,0
46500.0,630,0.0,8200.0,60,17.21,MORTGAGE,debt_consolidation,0,9,25.6,0
54000.0,647,7.0,4300.0,36,13.22,OWN,small_business,0,7,13.6,0
99700.0,612,4.0,19300.0,60,18.18,MORTGAGE,debt_consolidation,0,6,20.7,0
76400.0,666,3.0,10800.0,36,16.21,RENT,small_business,0,16,29.2,0
72500.0,654,1.0,7600.0,36,15.0,MORTGAGE,small_business,0,3,17.4,0
39900.0,800,2.0,12600.0,36,11.38,RENT,home_improvement,0,9,32.4,0
32900.0,604,2.0,11800.0,36,17.28,MORTGAGE,major_purchase,0,8,37.4,1
75300.0,687,15.0,11900.0,36,11.45,MORTGAGE,credit_card,0,8,22.6,0
72700.0,696,4.0,9800.0,60,12.92,MORTGAGE,medical,0,6,24.6,0
95100.0,610,0.0,24600.0,60,24.23,OWN,credit_card,0,8,40.5,1
37400.0,725,1.0,10200.0,60,16.84,RENT,credit_card,1,11,48.7,0
44200.0,654,0.0,24600.0,60,18.61,OWN,credit_card,0,15,,1
23400.0,518,5.0,14500.0,60,21.43,RENT,other,1,5,65.0,1
41100.0,723,2.0,13000.0,60,15.93,MORTGAGE,debt_consolidation,0,5,43.7,0
76800.0,607,5.0,10300.0,36,11.94,RENT,small_business,0,7,19.3,0
39700.0,612,3.0,17800.0,60,21.48,RENT,debt_consolidation,0,9,54.6,1
65400.0,725,10.0,11600.0,36,11.14,MORTGAGE,debt_consolidation,0,12,24.7,0
45000.0,657,3.0,6900.0,60,19.66,RENT,other,0,9,22.2,0
56700.0,740,4.0,6700.0,36,10.11,RENT,debt_consolidation,0,4,3.2,0
29200.0,759,10.0,13500.0,36,14.92,RENT,small_business,0,8,56.7,1
50900.0,638,,6900.0,36,11.57,MORTGAGE,credit_card,0,10,13.4,0
15000.0,732,10.0,10600.0,36,14.93,RENT,major_purchase,0,7,65.0,0
45100.0,631,7.0,18600.0,36,15.94,MORTGAGE,major_purchase,2,7,36.2,1
23500.0,825,4.0,12700.0,60,13.26,MORTGAGE,debt_consolidation,0,7,48.7,0
84300.0,635,5.0,7600.0,36,14.79,RENT,credit_card,0,11,21.0,0
69600.0,747,20.0,22100.0,36,9.64,RENT,debt_consolidation,0,10,39.7,0
60500.0,735,7.0,14400.0,36,10.74,MORTGAGE,credit_card,0,6,27.5,0
97200.0,701,,18200.0,36,14.78,MORTGAGE,small_business,1,9,28.3,0
32000.0,636,1.0,3500.0,36,13.44,MORTGAGE,debt_consolidation,0,10,10.7,0
107600.0,670,5.0,12900.0,36,14.54,MORTGAGE,major_purchase,0,10,22.0,0
74600.0,540,15.0,16700.0,36,15.92,RENT,debt_consolidation,0,11,32.8,0
44100.0,695,3.0,25600.0,36,14.93,MORTGAGE,debt_consolidation,0,16,65.0,0
81700.0,703,20.0,5300.0,36,11.2,RENT,debt_consolidation,0,5,16.3,0
29800.0,689,1.0,20000.0,60,16.89,RENT,debt_consolidation,0,9,61.1,0
33800.0,487,15.0,24900.0,36,22.64,RENT,credit_card,1,10,65.0,1
37300.0,598,4.0,4000.0,36,16.91,MORTGAGE,debt_consolidation,1,10,25.6,0
38600.0,631,0.0,13900.0,36,20.37,MORTGAGE,other,1,3,54.1,1
30500.0,699,15.0,14900.0,36,17.06,OWN,other,0,8,65.0,0
85000.0,699,2.0,9300.0,36,13.88,OWN,credit_card,0,9,27.2,0
43600.0,669,0.0,8600.0,36,12.72,OWN,credit_card,0,6,18.0,0
57400.0,721,1.0,15300.0,60,14.9,RENT,other,0,13,38.0,0
37900.0,613,7.0,8000.0,36,14.03,MORTGAGE,major_purchase,0,8,18.7,0
21600.0,720,20.0,9800.0,36,15.67,RENT,debt_consolidation,0,10,55.0,0
55400.0,711,1.0,16400.0,36,15.04,MORTGAGE,major_purchase,0,8,37.9,0
20700.0,705,4.0,26300.0,36,19.7,RENT,debt_consolidation,1,12,65.0,1
47500.0,668,2.0,14300.0,36,13.35,RENT,credit_card,0,15,31.5,0
26500.0,799,10.0,11700.0,36,12.05,MORTGAGE,credit_card,0,13,47.9,0
119900.0,712,1.0,8400.0,60,16.09,OWN,small_business,0,5,17.6,0
73900.0,617,2.0,6600.0,36,14.29,MORTGAGE,debt_consolidation,0,8,23.1,1
51400.0,696,2.0,19000.0,36,14.51,RENT,debt_consolidation,0,15,46.1,0
86600.0,729,5.0,10100.0,60,12.13,OWN,medical,0,10,33.4,0
33500.0,642,15.0,19400.0,36,15.72,RENT,major_purchase,0,7,55.0,1
62600.0,751,5.0,9300.0,36,16.76,OWN,credit_card,3,9,42.3,0
53600.0,705,0.0,7900.0,36,11.56,MORTGAGE,home_improvement,0,9,28.4,0
55200.0,528,5.0,13500.0,36,18.36,MORTGAGE,small_business,0,10,33.2,0
86900.0,699,10.0,10500.0,60,13.68,MORTGAGE,credit_card,0,8,,0
68200.0,654,1.0,6000.0,36,14.47,MORTGAGE,debt_consolidation,1,10,12.3,0
55800.0,715,0.0,27100.0,36,16.51,MORTGAGE,credit_card,1,8,50.6,1
23300.0,741,2.0,8000.0,60,16.19,RENT,other,0,9,49.0,0
31800.0,693,10.0,17400.0,36,15.81,MORTGAGE,major_purchase,0,5,58.6,1
46400.0,788,7.0,16700.0,36,16.73,RENT,credit_card,2,11,44.2,0
51100.0,668,5.0,5800.0,36,13.15,MORTGAGE,debt_consolidation,0,20,18.9,0
29500.0,721,2.0,6600.0,60,16.69,MORTGAGE,medical,0,8,25.2,0
145100.0,732,3.0,9400.0,60,11.75,RENT,home_improvement,0,10,10.9,0
97000.0,674,20.0,7100.0,36,13.25,MORTGAGE,credit_card,0,5,13.8,0
64300.0,731,2.0,25900.0,60,16.3,RENT,debt_consolidation,0,14,44.9,0
50600.0,641,15.0,9900.0,60,19.11,MORTGAGE,small_business,2,10,32.9,1
44600.0,653,5.0,17100.0,60,16.98,RENT,debt_consolidation,0,8,44.3,0
31900.0,595,1.0,14100.0,36,19.47,RENT,home_improvement,1,5,53.8,1
50800.0,696,4.0,12500.0,60,15.36,RENT,credit_card,0,7,32.4,0
55000.0,701,20.0,11200.0,36,12.63,RENT,small_business,0,10,25.7,0
28000.0,757,4.0,20300.0,60,21.13,RENT,credit_card,2,10,65.0,1
57000.0,731,15.0,7200.0,36,10.76,RENT,home_improvement,0,8,15.5,0
45700.0,661,2.0,25900.0,36,15.77,MORTGAGE,debt_consolidation,0,13,65.0,1
20800.0,603,5.0,5700.0,60,18.5,MORTGAGE,home_improvement,0,9,35.6,0
33300.0,708,10.0,16200.0,60,14.13,MORTGAGE,debt_consolidation,0,8,49.9,0
40700.0,752,15.0,5400.0,36,13.19,MORTGAGE,credit_card,0,9,22.1,0
114600.0,729,5.0,9300.0,36,11.73,OWN,credit_card,0,7,19.9,0
63000.0,750,7.0,11500.0,36,12.27,RENT,small_business,0,16,25.1,0
26900.0,666,0.0,8600.0,36,12.31,MORTGAGE,small_business,0,10,29.9,0
61000.0,650,2.0,10000.0,36,14.84,OWN,small_business,1,6,28.1,0
24400.0,632,2.0,5500.0,36,15.76,RENT,debt_consolidation,0,12,33.4,0
79800.0,676,1.0,6700.0,36,14.64,MORTGAGE,credit_card,0,9,16.2,0
39700.0,675,2.0,14000.0,36,15.5,MORTGAGE,debt_consolidation,1,4,35.4,0
47000.0,693,3.0,11100.0,36,14.46,RENT,credit_card,0,10,30.3,0
89000.0,672,20.0,7700.0,60,11.71,RENT,home_improvement,0,12,14.2,0
27500.0,671,7.0,21200.0,36,18.91,MORTGAGE,debt_consolidation,0,9,65.0,0
26100.0,630,,5900.0,36,17.28,MORTGAGE,credit_card,1,6,39.1,1
37700.0,741,20.0,9100.0,60,14.21,RENT,medical,0,6,39.6,0
78200.0,685,1.0,8500.0,36,13.62,MORTGAGE,small_business,0,9,12.3,0
24700.0,669,5.0,14900.0,36,16.8,MORTGAGE,small_business,0,7,65.0,0
15000.0,631,7.0,11200.0,36,19.43,RENT,medical,0,7,65.0,0
40000.0,593,0.0,10400.0,36,18.58,MORTGAGE,credit_card,1,6,34.2,1
62800.0,765,7.0,4300.0,36,16.02,MORTGAGE,small_business,2,13,27.5,0
84100.0,716,1.0,16900.0,36,13.4,RENT,debt_consolidation,0,12,26.5,0
39800.0,574,1.0,9800.0,60,20.34,MORTGAGE,debt_consolidation,0,10,31.2,1
40700.0,730,1.0,11600.0,36,13.33,RENT,debt_consolidation,0,5,31.4,0
82400.0,740,15.0,7500.0,60,19.02,RENT,debt_consolidation,3,12,23.8,0
21100.0,688,7.0,7000.0,36,18.02,RENT,credit_card,2,9,47.9,1
41200.0,784,7.0,23100.0,36,17.11,OWN,debt_consolidation,3,4,65.0,1
53400.0,694,5.0,4500.0,36,14.02,MORTGAGE,other,0,9,15.3,0
60000.0,588,3.0,6500.0,36,16.45,MORTGAGE,medical,0,7,15.3,0
39000.0,704,7.0,22900.0,60,19.31,MORTGAGE,other,1,11,65.0,0
49800.0,696,4.0,15100.0,36,14.55,RENT,major_purchase,1,9,38.3,0
16000.0,641,1.0,9300.0,36,17.0,MORTGAGE,other,0,9,65.0,1
36500.0,717,7.0,20400.0,36,17.34,RENT,credit_card,0,5,60.0,1
60100.0,572,1.0,13700.0,36,17.89,MORTGAGE,credit_card,1,11,24.1,0
31500.0,744,2.0,12300.0,60,16.4,MORTGAGE,debt_consolidation,1,7,41.7,0
50300.0,623,10.0,12200.0,60,18.24,RENT,home_improvement,0,7,41.2,0
59900.0,616,7.0,13800.0,60,17.08,MORTGAGE,major_purchase,0,9,36.0,0
42000.0,673,7.0,14100.0,36,12.4,MORTGAGE,credit_card,0,7,36.7,0
52900.0,708,4.0,32800.0,36,14.5,RENT,debt_consolidation,0,10,65.0,1
31800.0,691,4.0,9900.0,36,12.59,MORTGAGE,credit_card,0,4,33.7,0
44700.0,632,7.0,10100.0,36,16.86,MORTGAGE,debt_consolidation,0,7,28.9,0
64500.0,647,10.0,5900.0,36,13.6,MORTGAGE,small_business,0,11,26.9,0
52600.0,606,5.0,10700.0,60,19.31,RENT,credit_card,0,5,35.1,0
37600.0,665,20.0,27800.0,60,21.88,MORTGAGE,medical,0,13,65.0,1
54200.0,750,20.0,17900.0,60,14.48,OWN,other,0,13,25.6,0
67600.0,680,4.0,8300.0,36,11.84,MORTGAGE,debt_consolidation,0,8,21.2,0
19500.0,736,10.0,11100.0,36,14.35,MORTGAGE,other,0,11,65.0,0
82600.0,775,5.0,5700.0,60,12.66,RENT,other,1,13,17.1,0
42100.0,642,5.0,6700.0,60,18.5,RENT,home_improvement,0,11,18.1,0
59400.0,668,0.0,11800.0,60,15.0,OWN,major_purchase,0,9,34.6,0
84000.0,821,5.0,8500.0,36,9.05,RENT,debt_consolidation,0,10,14.4,0
26400.0,774,15.0,6500.0,60,10.82,OWN,other,0,9,36.5,0
35600.0,571,10.0,14000.0,36,19.44,RENT,credit_card,0,11,49.9,1
43100.0,705,10.0,10500.0,36,13.87,RENT,other,1,8,33.2,0
34500.0,680,1.0,5000.0,60,17.26,RENT,credit_card,0,7,28.1,0
107000.0,734,3.0,3900.0,36,9.03,MORTGAGE,major_purchase,0,10,6.0,0
33300.0,632,2.0,8200.0,36,13.78,MORTGAGE,credit_card,0,9,33.1,0
38200.0,625,3.0,4900.0,36,13.94,OWN,credit_card,0,7,31.6,0
53700.0,636,5.0,4300.0,36,15.12,RENT,other,0,16,9.4,0
28500.0,643,,19200.0,36,18.31,RENT,small_business,0,5,65.0,1
41000.0,733,5.0,10400.0,36,15.31,MORTGAGE,medical,0,7,35.4,0
56500.0,603,4.0,9600.0,36,14.26,MORTGAGE,credit_card,0,7,26.6,0
42200.0,640,3.0,10000.0,36,17.03,RENT,other,2,5,39.8,1
47000.0,564,1.0,6200.0,60,15.76,RENT,small_business,0,11,15.5,1
38600.0,745,15.0,13400.0,36,11.65,RENT,debt_consolidation,0,5,43.0,0
24800.0,763,0.0,10200.0,60,16.59,MORTGAGE,major_purchase,0,7,45.7,0
56700.0,659,0.0,7500.0,36,15.46,MORTGAGE,debt_consolidation,0,9,32.5,0
108000.0,661,10.0,8100.0,36,17.27,MORTGAGE,major_purchase,2,9,21.0,0
49400.0,709,20.0,5900.0,36,13.42,RENT,debt_consolidation,2,14,14.8,0
54300.0,776,10.0,8900.0,36,11.09,MORTGAGE,home_improvement,0,6,26.5,0
67000.0,707,0.0,9700.0,60,14.65,RENT,small_business,0,3,29.7,0
27700.0,635,2.0,8800.0,36,17.01,RENT,home_improvement,1,7,43.8,0
105500.0,575,20.0,11200.0,60,16.98,MORTGAGE,home_improvement,0,12,14.6,0
53700.0,608,10.0,10500.0,36,14.51,MORTGAGE,medical,0,10,23.7,0
102200.0,685,5.0,12300.0,60,14.78,RENT,credit_card,0,7,21.1,0
35200.0,637,2.0,17500.0,36,19.91,OWN,credit_card,0,4,64.3,0
111100.0,693,0.0,14700.0,36,16.76,MORTGAGE,debt_consolidation,1,12,29.5,0
69500.0,644,0.0,17600.0,36,17.86,RENT,credit_card,2,10,39.8,1
62900.0,611,7.0,7200.0,36,15.44,MORTGAGE,debt_consolidation,1,11,16.6,0
54500.0,603,0.0,8500.0,36,16.18,MORTGAGE,home_improvement,0,10,23.2,0
43800.0,782,20.0,15200.0,36,14.43,MORTGAGE,debt_consolidation,0,15,43.6,0
84100.0,738,2.0,15300.0,36,14.4,OWN,medical,2,9,29.6,0
52200.0,792,7.0,7800.0,60,14.98,MORTGAGE,debt_consolidation,0,13,12.7,0
20200.0,715,1.0,14900.0,60,18.17,RENT,debt_consolidation,0,4,65.0,1
29700.0,652,5.0,6800.0,36,15.55,MORTGAGE,credit_card,0,11,37.1,0
45100.0,766,1.0,13900.0,36,15.35,MORTGAGE,debt_consolidation,0,10,50.8,0
56400.0,678,10.0,10800.0,36,14.06,MORTGAGE,debt_consolidation,1,12,25.9,0
47800.0,694,5.0,5500.0,60,15.09,RENT,major_purchase,0,10,13.8,0
84800.0,677,1.0,8800.0,36,13.58,OWN,credit_card,0,11,18.6,0
20400.0,488,10.0,32600.0,36,19.9,MORTGAGE,debt_consolidation,0,11,65.0,1
52300.0,784,5.0,12100.0,36,8.96,MORTGAGE,debt_consolidation,0,8,28.6,0
21600.0,712,15.0,34600.0,36,15.53,RENT,credit_card,0,7,65.0,1
69000.0,701,15.0,5300.0,36,12.17,MORTGAGE,small_business,0,8,27.6,0
47000.0,676,15.0,15900.0,36,16.25,RENT,credit_card,3,8,40.5,0
59200.0,691,,3100.0,36,13.22,MORTGAGE,debt_consolidation,1,6,12.8,0
33200.0,641,1.0,10900.0,36,16.34,RENT,credit_card,0,11,33.9,0
87200.0,720,20.0,15000.0,36,11.22,MORTGAGE,other,0,6,23.7,0
78300.0,595,5.0,16600.0,36,17.52,MORTGAGE,credit_card,1,11,22.3,0
63700.0,692,2.0,7300.0,36,14.07,MORTGAGE,debt_consolidation,0,10,32.8,0
46200.0,717,10.0,18400.0,36,15.37,MORTGAGE,credit_card,0,12,45.0,0
63600.0,667,2.0,8400.0,36,14.62,RENT,major_purchase,1,10,28.4,0
35700.0,704,10.0,10100.0,36,15.6,MORTGAGE,debt_consolidation,0,8,48.1,0
72000.0,616,10.0,8800.0,36,15.77,OWN,credit_card,0,9,24.2,0
103000.0,617,10.0,6200.0,36,12.15,MORTGAGE,major_purchase,0,9,13.6,0
79400.0,695,2.0,24000.0,60,15.56,RENT,debt_consolidation,0,18,39.1,0
35300.0,724,4.0,11200.0,36,15.25,OWN,other,1,8,38.6,0
57700.0,558,4.0,18800.0,36,21.04,MORTGAGE,home_improvement,1,12,41.1,1
27400.0,714,5.0,18400.0,36,20.58,RENT,credit_card,1,15,65.0,0
63400.0,645,1.0,6700.0,36,13.85,MORTGAGE,other,0,15,22.1,0
60000.0,667,4.0,20100.0,60,19.0,MORTGAGE,debt_consolidation,2,11,44.1,1
21100.0,593,5.0,14100.0,60,20.37,RENT,small_business,0,12,65.0,1
29100.0,625,5.0,6500.0,36,15.1,MORTGAGE,major_purchase,1,12,32.1,0
43200.0,743,10.0,13700.0,36,14.18,RENT,credit_card,0,11,46.8,0
42800.0,682,5.0,6600.0,60,15.53,MORTGAGE,debt_consolidation,0,8,27.6,0
28400.0,655,,24400.0,60,18.0,MORTGAGE,credit_card,0,3,65.0,1
58400.0,672,7.0,16400.0,36,15.48,OWN,debt_consolidation,0,12,32.4,0
54900.0,712,10.0,10600.0,36,11.04,RENT,credit_card,0,10,31.3,0
44900.0,709,3.0,20600.0,60,15.27,RENT,small_business,0,5,64.9,0
34900.0,675,,5000.0,60,15.99,MORTGAGE,credit_card,0,9,20.7,0
78600.0,751,1.0,7500.0,36,11.96,MORTGAGE,home_improvement,0,6,22.3,0
103300.0,743,3.0,9600.0,36,12.3,OWN,debt_consolidation,0,9,11.7,0
39400.0,707,15.0,33500.0,36,17.48,RENT,debt_consolidation,0,10,65.0,1
37200.0,684,15.0,6400.0,36,14.22,MORTGAGE,medical,0,10,28.8,1
61100.0,723,5.0,4700.0,36,14.76,RENT,debt_consolidation,1,8,17.2,0
41700.0,700,7.0,5300.0,36,16.06,MORTGAGE,debt_consolidation,0,11,16.7,0
46000.0,749,15.0,17200.0,60,13.91,RENT,other,0,9,49.2,0
68400.0,738,20.0,8100.0,36,11.49,OWN,credit_card,0,1,25.8,0
20800.0,614,5.0,10100.0,36,18.97,RENT,home_improvement,0,6,58.9,0
88700.0,609,5.0,16000.0,60,18.1,MORTGAGE,debt_consolidation,0,8,29.9,0
50700.0,634,4.0,10100.0,36,17.42,RENT,debt_consolidation,0,6,39.1,0
40700.0,743,0.0,12100.0,60,14.54,MORTGAGE,credit_card,0,8,44.3,0
47100.0,578,4.0,14300.0,60,19.19,MORTGAGE,home_improvement,0,8,31.6,0
48200.0,706,10.0,8800.0,36,13.4,RENT,other,0,11,26.0,0
22500.0,704,10.0,10100.0,36,16.19,RENT,home_improvement,0,7,50.3,0
96100.0,756,15.0,12300.0,60,10.67,RENT,debt_consolidation,0,7,18.9,0
49900.0,692,0.0,16900.0,36,14.96,RENT,credit_card,0,11,40.4,0
59800.0,593,5.0,7400.0,36,16.71,RENT,debt_consolidation,0,4,29.2,1
75200.0,618,1.0,2400.0,60,14.43,MORTGAGE,debt_consolidation,0,7,2.7,0
31000.0,603,2.0,15400.0,36,19.88,MORTGAGE,credit_card,1,9,56.7,1
60700.0,645,15.0,17400.0,36,18.53,MORTGAGE,debt_consolidation,2,12,41.3,1
43500.0,668,5.0,12100.0,36,14.97,RENT,debt_consolidation,1,6,32.4,0
71800.0,604,10.0,12500.0,36,16.47,RENT,other,0,6,19.4,0
18800.0,776,0.0,8200.0,36,12.18,MORTGAGE,home_improvement,0,6,47.9,0
46900.0,594,4.0,14000.0,36,14.33,MORTGAGE,debt_consolidation,0,6,41.0,0
37400.0,767,7.0,16800.0,36,13.8,RENT,debt_consolidation,1,7,53.8,0
59500.0,757,1.0,11300.0,36,13.53,RENT,major_purchase,0,8,31.9,0
60600.0,738,3.0,38000.0,60,17.19,RENT,medical,0,10,65.0,0
35700.0,635,0.0,5000.0,36,14.81,RENT,home_improvement,0,13,23.5,0
35600.0,702,7.0,11900.0,36,15.63,MORTGAGE,credit_card,0,13,46.9,0
46600.0,597,20.0,6100.0,36,14.71,RENT,major_purchase,1,11,27.4,0
32700.0,739,10.0,17000.0,60,14.94,OWN,other,0,8,57.4,0
71600.0,675,20.0,5000.0,36,15.34,OWN,debt_consolidation,0,10,15.1,0
41500.0,653,10.0,5600.0,36,14.29,MORTGAGE,medical,0,5,24.6,0
15000.0,600,15.0,8000.0,60,20.93,RENT,medical,0,9,63.0,1
41400.0,519,5.0,12500.0,60,20.27,RENT,credit_card,0,8,43.7,1
30700.0,612,5.0,8100.0,36,17.41,MORTGAGE,debt_consolidation,0,7,31.4,0
23500.0,752,4.0,8200.0,60,18.44,RENT,credit_card,1,8,49.4,1
28100.0,654,10.0,10000.0,60,17.82,OWN,debt_consolidation,0,8,46.9,1
51500.0,669,2.0,9700.0,60,12.68,RENT,debt_consolidation,0,12,23.8,0
89100.0,723,0.0,23000.0,36,14.79,MORTGAGE,other,1,4,40.1,0
56400.0,797,20.0,15400.0,36,13.5,MORTGAGE,credit_card,0,7,37.3,0
37300.0,766,0.0,9300.0,36,9.96,MORTGAGE,credit_card,0,12,33.4,0
60200.0,617,20.0,31200.0,36,15.66,MORTGAGE,debt_consolidation,0,13,58.1,1
39900.0,554,10.0,14000.0,36,18.4,MORTGAGE,credit_card,0,9,31.5,0
35900.0,833,3.0,6700.0,36,8.3,OWN,small_business,0,8,22.3,0
29200.0,827,7.0,12400.0,36,7.76,RENT,debt_consolidation,0,7,47.9,0
22300.0,692,10.0,14300.0,36,15.64,RENT,credit_card,0,7,65.0,1
41100.0,597,2.0,7800.0,36,18.66,RENT,debt_consolidation,0,7,18.8,0
52600.0,743,10.0,6500.0,36,11.87,MORTGAGE,credit_card,0,7,16.6,0
46900.0,673,10.0,11400.0,36,16.2,RENT,medical,0,8,32.7,0
40700.0,673,2.0,9100.0,36,12.78,RENT,debt_consolidation,0,10,31.9,1
32000.0,738,0.0,22900.0,60,17.11,RENT,debt_consolidation,0,8,65.0,1
64500.0,702,2.0,15800.0,60,18.82,MORTGAGE,credit_card,2,8,54.0,1
27100.0,603,2.0,7900.0,36,16.28,MORTGAGE,home_improvement,0,9,47.9,0
69500.0,659,0.0,13500.0,36,13.38,MORTGAGE,debt_consolidation,0,7,26.1,0
31200.0,723,10.0,20600.0,36,16.64,RENT,home_improvement,0,9,65.0,0
34900.0,713,3.0,5400.0,36,15.68,MORTGAGE,debt_consolidation,0,9,24.7,0
25300.0,697,15.0,6600.0,36,16.0,MORTGAGE,debt_consolidation,1,9,26.8,0
39100.0,741,2.0,10900.0,36,10.8,MORTGAGE,debt_consolidation,0,13,37.0,0
76000.0,656,4.0,11100.0,36,13.63,RENT,debt_consolidation,0,7,24.6,0
61800.0,692,7.0,10700.0,36,10.88,RENT,credit_card,0,13,27.3,0
76100.0,461,15.0,9400.0,36,17.31,OWN,credit_card,0,11,24.6,0
62000.0,651,5.0,9300.0,60,15.86,MORTGAGE,debt_consolidation,0,10,16.7,0
29800.0,730,3.0,13300.0,60,14.62,RENT,debt_consolidation,1,6,46.8,0
42200.0,655,15.0,19300.0,36,17.65,OWN,home_improvement,0,9,55.4,0
34500.0,650,3.0,8600.0,60,17.63,RENT,credit_card,0,6,39.1,0
89200.0,612,0.0,37000.0,60,19.31,MORTGAGE,debt_consolidation,1,8,46.9,1
28600.0,745,4.0,29200.0,60,14.89,MORTGAGE,debt_consolidation,0,5,65.0,0
73300.0,716,10.0,21300.0,60,16.8,RENT,small_business,0,7,39.7,0
73300.0,734,0.0,14900.0,60,12.75,RENT,debt_consolidation,0,10,28.6,0
111700.0,568,5.0,29900.0,36,18.58,RENT,credit_card,0,4,37.4,1
40800.0,670,7.0,9500.0,36,12.06,MORTGAGE,credit_card,0,7,26.2,1
67500.0,662,15.0,7200.0,60,14.31,RENT,major_purchase,0,14,12.8,0
136900.0,662,3.0,8400.0,36,18.3,RENT,major_purchase,1,6,17.2,0
37100.0,640,2.0,6600.0,60,16.46,OWN,small_business,0,10,43.5,0
24600.0,658,4.0,11600.0,60,16.86,RENT,credit_card,0,12,56.3,0
21000.0,735,3.0,12700.0,36,12.65,RENT,home_improvement,0,6,65.0,1
67600.0,556,10.0,12100.0,36,17.63,MORTGAGE,home_improvement,0,9,20.5,1
21000.0,796,7.0,10900.0,36,16.24,RENT,debt_consolidation,0,6,55.6,0
41500.0,711,10.0,11700.0,36,11.7,RENT,medical,0,4,31.7,0
59700.0,677,10.0,26100.0,36,14.41,OWN,other,0,10,49.1,0
53300.0,739,15.0,14900.0,36,13.36,OWN,debt_consolidation,0,6,27.5,0
59400.0,586,4.0,17300.0,36,17.76,RENT,major_purchase,0,10,40.6,0
54200.0,637,20.0,12000.0,36,17.95,OWN,credit_card,1,4,37.2,0
87200.0,672,2.0,4900.0,36,11.3,OWN,credit_card,0,14,12.6,0
31900.0,769,7.0,4400.0,60,10.88,MORTGAGE,credit_card,0,12,22.1,0
36100.0,677,5.0,31000.0,60,17.89,MORTGAGE,debt_consolidation,0,13,65.0,0
34600.0,709,10.0,8400.0,36,12.86,RENT,other,0,3,34.2,0
71200.0,642,5.0,8000.0,36,16.05,RENT,small_business,0,11,11.7,0
73500.0,712,10.0,12400.0,60,13.65,MORTGAGE,credit_card,0,6,22.2,0
60100.0,789,15.0,14400.0,36,12.39,MORTGAGE,small_business,0,17,33.9,0
83500.0,745,10.0,15300.0,36,12.13,MORTGAGE,small_business,1,4,30.8,0
28900.0,675,10.0,26600.0,36,18.16,RENT,debt_consolidation,0,10,65.0,1
103800.0,724,0.0,23200.0,36,14.82,RENT,debt_consolidation,0,13,25.4,0
97300.0,718,2.0,7300.0,36,16.56,MORTGAGE,major_purchase,2,8,21.1,0
68300.0,713,20.0,17800.0,36,15.81,MORTGAGE,major_purchase,0,7,33.4,0
109300.0,752,7.0,9000.0,36,10.65,RENT,other,1,6,11.2,0
23300.0,752,5.0,10200.0,36,13.01,MORTGAGE,debt_consolidation,0,9,58.9,1
38700.0,672,3.0,6300.0,36,12.7,MORTGAGE,credit_card,0,8,44.6,0
35200.0,722,0.0,4700.0,36,11.52,RENT,small_business,0,7,10.2,0
67800.0,655,3.0,10800.0,36,12.94,RENT,home_improvement,0,9,25.3,0
30600.0,620,5.0,6800.0,36,13.94,RENT,small_business,0,9,21.1,0
68900.0,662,2.0,17400.0,60,15.54,OWN,debt_consolidation,0,6,41.1,0
90800.0,675,1.0,9500.0,36,13.97,RENT,debt_consolidation,0,10,6.9,0
67000.0,572,5.0,12800.0,36,20.78,MORTGAGE,debt_consolidation,2,11,31.8,1
55700.0,736,5.0,21700.0,36,15.06,MORTGAGE,credit_card,0,12,50.0,0
31400.0,500,2.0,5200.0,60,17.79,RENT,debt_consolidation,0,8,32.2,0
33500.0,850,5.0,7600.0,60,11.3,RENT,medical,0,11,29.4,0
86000.0,778,15.0,12000.0,36,15.0,MORTGAGE,debt_consolidation,1,5,20.7,0
69600.0,663,5.0,12800.0,36,15.07,MORTGAGE,credit_card,1,5,26.4,0
48200.0,681,15.0,19000.0,36,13.8,RENT,other,0,7,42.5,0
40600.0,700,15.0,16900.0,36,12.51,RENT,credit_card,0,10,52.8,0
19700.0,642,1.0,11500.0,60,19.57,MORTGAGE,debt_consolidation,1,7,65.0,1
30300.0,693,1.0,12700.0,36,13.57,MORTGAGE,debt_consolidation,0,9,45.0,0
115900.0,671,5.0,12900.0,36,13.06,RENT,home_improvement,0,3,11.8,0
27600.0,674,5.0,5200.0,36,13.8,MORTGAGE,debt_consolidation,0,5,25.2,0
53400.0,692,4.0,10100.0,36,13.48,OWN,other,0,7,26.4,0
77100.0,595,3.0,12400.0,36,13.45,RENT,credit_card,0,9,15.1,0
27900.0,683,7.0,13800.0,36,15.76,MORTGAGE,small_business,0,9,53.5,0
53300.0,691,0.0,6900.0,36,12.91,MORTGAGE,credit_card,0,11,12.3,0
74800.0,688,20.0,5800.0,36,13.75,RENT,other,0,12,17.4,0
49300.0,666,,9700.0,36,14.11,MORTGAGE,home_improvement,0,5,32.5,0
178200.0,754,15.0,29300.0,36,13.1,OWN,home_improvement,0,12,30.0,0
23100.0,657,1.0,7300.0,36,15.67,MORTGAGE,medical,0,10,38.3,0
78900.0,695,2.0,19700.0,36,14.05,RENT,medical,0,12,30.6,0
45400.0,764,2.0,24200.0,60,15.51,MORTGAGE,debt_consolidation,0,8,54.0,1
69400.0,675,20.0,11200.0,36,12.48,RENT,debt_consolidation,0,8,21.6,0
59800.0,694,0.0,7800.0,36,14.01,RENT,debt_consolidation,0,13,29.8,0
35200.0,674,7.0,14100.0,60,17.47,RENT,debt_consolidation,0,10,45.7,0
54300.0,760,15.0,12100.0,60,15.0,OWN,medical,1,9,35.5,0
21200.0,663,7.0,7100.0,60,20.28,MORTGAGE,debt_consolidation,0,10,48.6,0
64300.0,763,3.0,7900.0,36,12.47,OWN,debt_consolidation,1,13,33.7,0
56100.0,673,20.0,13700.0,36,14.85,RENT,debt_consolidation,0,4,35.0,0
65300.0,624,15.0,17400.0,36,16.04,MORTGAGE,other,0,8,33.1,0
78900.0,724,4.0,9300.0,36,11.35,RENT,major_purchase,0,10,24.8,0
57800.0,660,5.0,10600.0,36,17.57,RENT,home_improvement,2,14,38.2,0
52400.0,720,20.0,15300.0,60,12.84,OWN,major_purchase,0,8,29.8,0
33000.0,503,20.0,10000.0,36,18.8,RENT,major_purchase,0,15,36.4,0
35600.0,680,4.0,9400.0,36,10.96,MORTGAGE,home_improvement,0,8,29.5,0
83600.0,650,10.0,7500.0,36,14.19,OWN,debt_consolidation,0,7,10.9,0
93600.0,611,3.0,7400.0,36,15.69,MORTGAGE,small_business,0,11,29.6,0
44000.0,644,3.0,40000.0,60,19.74,MORTGAGE,credit_card,0,7,65.0,1
50000.0,643,1.0,9900.0,36,16.29,MORTGAGE,small_business,0,9,24.4,0
32600.0,677,2.0,21600.0,36,16.39,MORTGAGE,credit_card,1,11,65.0,0
83100.0,591,7.0,25400.0,36,16.61,RENT,other,0,10,42.5,1
66100.0,701,5.0,10000.0,60,12.88,RENT,home_improvement,0,6,24.1,0
117400.0,769,2.0,13200.0,60,19.56,RENT,home_improvement,3,6,28.8,0
33000.0,698,4.0,11500.0,36,14.41,RENT,medical,0,10,34.6,0
41400.0,733,3.0,4900.0,36,9.45,RENT,credit_card,0,11,14.2,0
54400.0,751,20.0,5000.0,36,12.28,RENT,debt_consolidation,0,10,19.3,0
65600.0,760,15.0,11200.0,60,13.18,RENT,credit_card,0,11,29.8,0
44500.0,802,4.0,8800.0,36,13.29,RENT,home_improvement,0,7,29.0,0
33100.0,648,15.0,28200.0,36,19.2,MORTGAGE,debt_consolidation,0,10,,1
72900.0,633,3.0,9700.0,36,13.58,RENT,small_business,0,8,33.4,0
67800.0,731,7.0,29000.0,60,17.1,MORTGAGE,major_purchase,0,10,48.0,0
32500.0,726,20.0,8600.0,60,15.23,OWN,home_improvement,0,8,36.3,0
90200.0,730,4.0,28500.0,36,16.49,RENT,credit_card,1,15,46.0,0
83000.0,803,7.0,14100.0,36,12.32,RENT,debt_consolidation,2,6,34.0,0
52100.0,681,3.0,14500.0,36,16.1,MORTGAGE,other,1,11,38.4,0
50800.0,708,2.0,8500.0,36,12.91,OWN,small_business,0,6,30.3,0
62900.0,616,5.0,14600.0,36,19.1,RENT,credit_card,0,8,35.1,1
33300.0,819,20.0,25500.0,60,15.98,RENT,home_improvement,0,8,65.0,0
49700.0,658,4.0,10200.0,60,15.71,RENT,debt_consolidation,0,11,22.4,0
18600.0,660,15.0,9200.0,60,17.97,MORTGAGE,debt_consolidation,0,10,60.0,1
72700.0,657,15.0,9700.0,36,17.34,OWN,debt_consolidation,0,5,28.0,0
24300.0,638,2.0,24600.0,36,17.23,MORTGAGE,debt_consolidation,0,6,65.0,1
96400.0,633,4.0,16800.0,60,16.95,MORTGAGE,credit_card,0,11,14.4,0
42300.0,646,7.0,22600.0,36,18.09,MORTGAGE,home_improvement,0,7,65.0,0
44600.0,591,5.0,12800.0,36,18.55,RENT,credit_card,0,5,,0
37000.0,629,1.0,11200.0,36,16.53,MORTGAGE,credit_card,0,11,36.5,0
43100.0,807,20.0,13500.0,60,14.7,RENT,debt_consolidation,0,7,46.2,0
92800.0,728,10.0,18700.0,60,18.38,RENT,major_purchase,3,9,30.7,0
16000.0,740,4.0,9700.0,36,17.15,RENT,debt_consolidation,1,9,65.0,0
87100.0,757,7.0,21700.0,36,13.23,MORTGAGE,home_improvement,0,14,29.0,0
57100.0,799,1.0,13100.0,60,13.57,MORTGAGE,credit_card,1,10,33.8,0
28500.0,565,5.0,3300.0,60,17.52,MORTGAGE,debt_consolidation,0,12,18.4,1
30200.0,600,15.0,17000.0,36,19.66,RENT,credit_card,0,5,65.0,0
104200.0,628,15.0,5800.0,36,13.99,RENT,major_purchase,0,11,16.6,0
32000.0,649,3.0,16800.0,36,17.35,RENT,credit_card,0,11,64.4,0
29200.0,660,5.0,17200.0,36,17.67,RENT,credit_card,0,11,59.4,0
81800.0,651,7.0,12900.0,60,15.58,RENT,debt_consolidation,0,11,23.1,0
57100.0,694,3.0,14400.0,36,10.15,RENT,home_improvement,0,10,32.1,0
32100.0,682,0.0,18900.0,36,16.99,MORTGAGE,major_purchase,0,8,65.0,0
54000.0,633,5.0,8500.0,36,14.26,MORTGAGE,credit_card,0,10,20.5,0
30900.0,539,7.0,16300.0,36,23.74,RENT,debt_consolidation,1,3,60.1,1
80400.0,615,0.0,19600.0,36,17.19,MORTGAGE,home_improvement,0,6,27.5,0
79000.0,644,1.0,26400.0,60,21.1,RENT,debt_consolidation,3,12,41.2,1
62300.0,664,2.0,6300.0,36,18.89,RENT,major_purchase,3,9,26.8,1
57700.0,607,3.0,13400.0,36,16.78,MORTGAGE,other,0,7,27.0,0
108300.0,648,5.0,6800.0,36,12.58,MORTGAGE,home_improvement,0,12,20.3,0
49000.0,606,3.0,6600.0,60,17.37,RENT,medical,0,7,19.8,0
28800.0,672,2.0,13100.0,60,17.54,MORTGAGE,debt_consolidation,0,10,46.5,0
60000.0,610,15.0,11400.0,36,14.02,MORTGAGE,debt_consolidation,0,8,15.0,0
125300.0,625,1.0,19400.0,36,15.14,MORTGAGE,debt_consolidation,0,7,30.7,0
31100.0,595,5.0,9200.0,36,19.72,MORTGAGE,major_purchase,0,9,40.9,1
41700.0,670,20.0,10200.0,36,15.96,RENT,credit_card,0,5,36.1,0
59100.0,624,7.0,12200.0,36,15.44,MORTGAGE,debt_consolidation,0,7,33.5,1
47800.0,739,7.0,7100.0,60,11.8,MORTGAGE,debt_consolidation,0,9,27.2,0
31500.0,706,4.0,7600.0,36,15.14,OWN,major_purchase,2,4,38.0,0
81200.0,675,0.0,19100.0,60,14.05,RENT,debt_consolidation,0,10,22.6,0
139200.0,628,7.0,8300.0,36,13.91,RENT,debt_consolidation,0,10,1.6,0
53500.0,705,7.0,19800.0,36,16.05,OWN,debt_consolidation,0,15,42.5,0
32600.0,725,1.0,14800.0,36,15.95,RENT,debt_consolidation,0,15,58.9,1
24400.0,689,4.0,5000.0,36,11.53,MORTGAGE,debt_consolidation,0,7,20.5,0
55100.0,784,15.0,14300.0,36,13.14,RENT,credit_card,0,13,30.9,0
80600.0,710,2.0,14200.0,60,13.24,RENT,credit_card,0,16,25.8,0
60700.0,739,4.0,13500.0,36,16.48,RENT,credit_card,1,6,30.4,0
49000.0,689,4.0,10200.0,36,16.39,MORTGAGE,small_business,0,6,,0
37600.0,724,10.0,6800.0,60,13.95,RENT,medical,0,10,28.1,0
30000.0,628,10.0,21400.0,60,17.71,RENT,debt_consolidation,0,7,65.0,0
71400.0,650,10.0,10400.0,36,17.64,RENT,debt_consolidation,1,8,32.4,0
74000.0,703,3.0,7000.0,60,17.56,RENT,debt_consolidation,2,8,22.9,0
24500.0,702,0.0,13700.0,36,15.48,MORTGAGE,credit_card,0,8,62.6,0
100300.0,713,3.0,7500.0,36,11.48,RENT,debt_consolidation,0,4,15.1,0
63500.0,752,7.0,6800.0,36,12.73,RENT,small_business,0,8,17.8,0
92000.0,587,7.0,9100.0,60,17.44,RENT,credit_card,0,8,22.7,0
26800.0,617,20.0,7800.0,36,17.92,MORTGAGE,small_business,0,3,36.1,1
26500.0,695,4.0,6900.0,36,14.85,RENT,credit_card,1,6,36.2,0
45800.0,633,7.0,16400.0,36,17.49,MORTGAGE,credit_card,0,8,50.6,0
61500.0,850,5.0,10300.0,36,8.27,RENT,major_purchase,0,13,24.9,0
110000.0,714,1.0,20500.0,36,15.48,RENT,debt_consolidation,0,10,32.5,0
67400.0,675,4.0,7100.0,36,18.42,MORTGAGE,credit_card,0,8,26.9,0
43900.0,646,5.0,4600.0,36,14.72,OWN,debt_consolidation,0,9,25.9,0
30900.0,649,20.0,11800.0,36,15.59,RENT,credit_card,0,13,51.8,1
85300.0,682,3.0,27700.0,36,15.04,MORTGAGE,medical,0,8,37.3,0
31800.0,687,,14300.0,36,17.18,MORTGAGE,debt_consolidation,0,10,55.8,0
102000.0,650,5.0,40000.0,36,18.39,MORTGAGE,home_improvement,3,7,47.1,0
43100.0,662,2.0,12900.0,36,17.86,OWN,medical,3,9,27.7,1
100300.0,767,2.0,12300.0,60,9.54,MORTGAGE,credit_card,0,9,23.4,0
66500.0,770,1.0,3700.0,36,11.26,OWN,debt_consolidation,0,5,4.8,0
46100.0,696,4.0,13500.0,36,16.54,OWN,other,1,14,33.4,0
38800.0,593,0.0,11900.0,60,16.04,MORTGAGE,debt_consolidation,0,18,41.8,1
42000.0,715,4.0,8900.0,36,13.69,MORTGAGE,debt_consolidation,0,4,16.9,0
59400.0,781,20.0,10200.0,36,9.51,MORTGAGE,medical,0,7,22.2,0
50800.0,769,7.0,10600.0,60,14.51,RENT,debt_consolidation,0,7,24.7,0
37500.0,728,10.0,10000.0,36,15.38,MORTGAGE,major_purchase,1,3,40.6,0
45500.0,772,1.0,31100.0,36,12.56,MORTGAGE,debt_consolidation,0,9,65.0,0
50800.0,683,5.0,9100.0,60,15.62,RENT,major_purchase,1,13,31.2,0
18800.0,721,3.0,11900.0,36,18.08,MORTGAGE,small_business,0,12,65.0,0
60200.0,636,15.0,8900.0,36,16.2,OWN,credit_card,0,15,27.5,0
31500.0,699,2.0,16200.0,36,13.93,RENT,credit_card,0,5,52.0,0
29200.0,766,4.0,11900.0,36,14.38,MORTGAGE,debt_consolidation,1,9,48.3,0
22900.0,642,5.0,9500.0,36,16.63,RENT,debt_consolidation,0,4,55.8,0
21900.0,624,5.0,4200.0,36,14.63,MORTGAGE,small_business,0,13,33.3,0
26600.0,686,10.0,12400.0,60,16.8,MORTGAGE,medical,0,9,,0
35600.0,665,2.0,9400.0,60,17.99,MORTGAGE,small_business,0,10,36.8,0
118100.0,722,3.0,10600.0,36,8.7,MORTGAGE,other,0,8,14.9,0
38700.0,651,10.0,6100.0,60,17.75,MORTGAGE,medical,1,6,27.8,0
53100.0,792,5.0,22400.0,36,12.95,MORTGAGE,major_purchase,0,9,54.2,0
58700.0,596,4.0,16800.0,36,19.31,RENT,medical,1,8,40.3,0
52000.0,761,0.0,22400.0,60,14.14,MORTGAGE,debt_consolidation,0,7,51.6,0
47300.0,630,10.0,19400.0,36,16.64,OWN,small_business,0,8,45.7,0
28600.0,563,20.0,14700.0,36,18.19,RENT,small_business,0,11,57.3,1
94200.0,695,7.0,6200.0,36,13.32,RENT,debt_consolidation,0,10,17.6,0
110600.0,663,15.0,27500.0,36,13.95,OWN,other,0,12,27.9,0
23000.0,608,5.0,6900.0,36,18.36,MORTGAGE,debt_consolidation,0,5,28.7,0
30900.0,571,2.0,9600.0,36,17.7,OWN,credit_card,0,15,40.7,0
43200.0,679,0.0,15600.0,60,16.22,RENT,debt_consolidation,0,8,49.8,0
31800.0,743,7.0,16000.0,36,10.77,OWN,credit_card,0,4,65.0,1
61600.0,718,5.0,14600.0,36,13.57,MORTGAGE,credit_card,0,7,30.1,0
35300.0,684,10.0,9000.0,36,11.92,MORTGAGE,home_improvement,0,12,33.2,0
129900.0,711,7.0,8100.0,36,13.0,MORTGAGE,major_purchase,0,6,11.2,0
83800.0,678,20.0,38800.0,60,18.1,RENT,major_purchase,0,10,57.9,0
53900.0,587,5.0,10700.0,60,16.38,MORTGAGE,small_business,0,4,27.7,0
77800.0,588,4.0,10100.0,60,17.65,RENT,debt_consolidation,0,12,,0
80600.0,667,3.0,7700.0,36,11.96,MORTGAGE,credit_card,0,8,22.7,0
38000.0,670,5.0,12400.0,60,15.77,MORTGAGE,major_purchase,0,7,44.8,0
34000.0,735,15.0,12100.0,36,13.21,MORTGAGE,home_improvement,0,13,32.8,0
50800.0,729,0.0,10800.0,36,11.77,RENT,small_business,0,18,33.9,1
72200.0,719,,13200.0,36,14.76,MORTGAGE,debt_consolidation,2,11,32.2,0
52200.0,662,20.0,26400.0,60,18.5,RENT,debt_consolidation,1,10,55.4,1
24100.0,590,7.0,8100.0,36,17.41,RENT,other,1,10,46.2,1
34200.0,707,3.0,11200.0,36,12.99,RENT,medical,0,10,41.1,0
47400.0,714,2.0,7900.0,36,11.8,MORTGAGE,debt_consolidation,0,8,19.7,0
47400.0,525,2.0,12700.0,36,18.64,MORTGAGE,credit_card,0,12,34.1,1
119100.0,626,0.0,8200.0,60,19.25,MORTGAGE,credit_card,0,7,21.3,0
26300.0,635,5.0,8400.0,36,15.46,OWN,credit_card,0,9,45.9,0
61500.0,688,0.0,5300.0,36,12.23,RENT,credit_card,0,5,17.2,1
95800.0,628,7.0,11500.0,36,14.29,OWN,home_improvement,0,10,21.7,0
136200.0,678,3.0,13600.0,60,17.17,OWN,other,1,8,21.6,0
40900.0,666,2.0,27700.0,36,16.45,MORTGAGE,medical,0,5,65.0,1
61200.0,670,5.0,13800.0,36,15.84,RENT,medical,1,11,31.3,0
63300.0,633,20.0,8700.0,36,21.05,MORTGAGE,small_business,2,5,40.9,1
53500.0,638,7.0,5500.0,36,15.85,RENT,debt_consolidation,0,11,20.7,0
46900.0,610,5.0,5900.0,60,18.78,MORTGAGE,credit_card,0,11,27.8,0
59600.0,705,10.0,5700.0,60,11.94,RENT,credit_card,0,6,0.0,0
15700.0,717,10.0,28000.0,36,15.79,MORTGAGE,medical,0,14,65.0,0
66600.0,630,15.0,12600.0,36,16.76,RENT,other,0,11,29.1,0
51900.0,779,2.0,8200.0,36,12.96,RENT,credit_card,0,8,18.0,0
44400.0,660,15.0,6800.0,36,17.17,RENT,debt_consolidation,0,12,25.7,0
123100.0,779,3.0,7100.0,36,10.96,RENT,debt_consolidation,1,4,12.7,0
36200.0,638,20.0,8100.0,36,11.99,MORTGAGE,home_improvement,0,14,26.6,0
40900.0,548,3.0,21100.0,60,22.88,RENT,debt_consolidation,0,7,60.8,1
120100.0,706,15.0,10800.0,60,15.05,MORTGAGE,other,0,5,20.3,0
33700.0,696,20.0,5300.0,60,15.49,MORTGAGE,credit_card,0,14,19.7,0
38300.0,682,1.0,34700.0,36,17.53,RENT,other,0,7,65.0,1
45900.0,638,20.0,6200.0,60,20.32,RENT,debt_consolidation,0,15,26.4,0
71600.0,678,1.0,8100.0,36,15.67,MORTGAGE,debt_consolidation,1,6,11.9,0
53800.0,647,2.0,21100.0,36,18.52,OWN,credit_card,0,7,45.0,0
27400.0,660,4.0,13500.0,60,17.45,RENT,medical,0,12,56.6,0
38600.0,735,20.0,8600.0,60,13.31,MORTGAGE,credit_card,0,9,29.2,0
37300.0,692,5.0,5900.0,60,12.57,MORTGAGE,major_purchase,0,16,11.0,0
47300.0,720,5.0,6700.0,60,11.72,MORTGAGE,credit_card,0,6,20.6,0
59400.0,665,7.0,7000.0,60,15.01,OWN,medical,0,12,32.5,0
59200.0,658,20.0,11000.0,36,14.74,MORTGAGE,debt_consolidation,0,13,25.0,0
22000.0,605,10.0,12000.0,60,21.98,RENT,credit_card,3,7,65.0,1
79100.0,656,2.0,10200.0,36,10.57,MORTGAGE,debt_consolidation,0,6,9.3,0
54900.0,464,3.0,10700.0,36,20.32,RENT,debt_consolidation,0,11,23.9,0
91400.0,642,1.0,6500.0,60,16.07,RENT,credit_card,0,8,17.6,0
59900.0,675,7.0,12700.0,60,17.04,MORTGAGE,debt_consolidation,0,5,33.0,0
80500.0,717,2.0,20700.0,36,13.83,MORTGAGE,major_purchase,0,8,35.2,0
60500.0,663,2.0,10100.0,60,17.46,MORTGAGE,small_business,0,8,22.8,0
89800.0,703,15.0,10000.0,36,11.66,RENT,credit_card,0,8,20.3,0
62000.0,538,3.0,11400.0,60,22.13,OWN,other,1,3,20.9,1
46900.0,676,5.0,19100.0,36,16.63,RENT,other,0,7,53.1,1
136300.0,571,4.0,7000.0,36,15.4,RENT,other,1,9,15.8,0
73100.0,601,0.0,22600.0,60,20.61,MORTGAGE,home_improvement,0,9,41.4,1
63500.0,668,3.0,13500.0,60,16.22,OWN,credit_card,0,10,27.0,0
27600.0,763,4.0,11100.0,60,14.31,MORTGAGE,debt_consolidation,0,9,42.2,0
27500.0,704,15.0,20100.0,60,20.87,MORTGAGE,debt_consolidation,1,8,65.0,1
55900.0,681,3.0,6100.0,36,14.45,MORTGAGE,home_improvement,0,7,15.6,0
52300.0,679,3.0,14200.0,36,14.3,RENT,credit_card,0,9,27.1,0
37200.0,634,10.0,13600.0,60,17.57,MORTGAGE,home_improvement,1,11,52.6,1
52200.0,645,10.0,6900.0,60,21.19,RENT,home_improvement,3,9,27.4,0
100200.0,708,10.0,13800.0,36,13.01,OWN,debt_consolidation,1,8,27.1,0
67000.0,590,20.0,12600.0,36,17.43,RENT,small_business,0,7,25.9,0
29300.0,719,10.0,10000.0,36,14.93,RENT,credit_card,0,11,41.5,0
46600.0,655,4.0,16800.0,36,15.91,MORTGAGE,credit_card,0,13,40.8,0
34100.0,734,10.0,8200.0,60,14.56,MORTGAGE,credit_card,0,5,32.7,0
41200.0,742,5.0,12500.0,36,13.48,RENT,debt_consolidation,0,7,32.6,0
40700.0,571,2.0,10200.0,36,19.98,RENT,medical,0,12,37.0,0
39500.0,642,3.0,8000.0,60,19.44,RENT,debt_consolidation,0,16,35.3,0
27900.0,624,2.0,14100.0,36,17.47,MORTGAGE,home_improvement,0,13,65.0,1
46300.0,562,1.0,9900.0,60,20.44,MORTGAGE,medical,0,13,43.1,1
38100.0,613,2.0,5200.0,36,16.83,MORTGAGE,debt_consolidation,0,12,31.8,0
15000.0,839,0.0,4400.0,36,8.4,MORTGAGE,credit_card,0,11,35.1,0
123500.0,720,15.0,16200.0,36,12.67,MORTGAGE,credit_card,0,7,20.2,0
80000.0,805,15.0,5900.0,36,10.09,MORTGAGE,debt_consolidation,1,11,13.5,0
41400.0,734,5.0,12600.0,36,12.44,MORTGAGE,credit_card,0,8,41.5,0
49400.0,632,10.0,11200.0,60,17.13,RENT,credit_card,1,8,28.7,1
28900.0,655,2.0,9100.0,36,12.62,MORTGAGE,debt_consolidation,0,13,42.7,0
105100.0,718,15.0,29100.0,36,12.43,RENT,credit_card,0,6,32.0,0
115100.0,708,5.0,12000.0,60,11.12,MORTGAGE,debt_consolidation,0,10,19.5,0
52600.0,642,0.0,16000.0,36,15.53,MORTGAGE,medical,0,9,43.9,0
77700.0,582,1.0,12600.0,60,14.65,RENT,home_improvement,0,7,25.4,0
53000.0,850,3.0,9700.0,36,10.54,MORTGAGE,debt_consolidation,0,9,31.3,0
26900.0,671,,10800.0,36,16.55,RENT,major_purchase,0,11,50.8,0
40700.0,659,3.0,22700.0,36,20.58,OWN,credit_card,1,11,65.0,1
52000.0,687,0.0,18800.0,36,14.73,RENT,debt_consolidation,1,13,38.6,0
40000.0,664,2.0,29000.0,36,21.03,OWN,debt_consolidation,3,15,65.0,1
44400.0,688,2.0,12200.0,36,13.81,MORTGAGE,home_improvement,0,9,39.8,0
47000.0,764,20.0,7100.0,36,10.18,RENT,debt_consolidation,0,11,16.7,0
47300.0,672,2.0,8800.0,60,17.06,RENT,debt_consolidation,0,8,39.5,0
50200.0,604,2.0,6000.0,60,17.85,RENT,home_improvement,0,6,24.2,1
30400.0,669,7.0,16100.0,36,17.01,RENT,other,0,7,61.5,1
35500.0,650,15.0,8200.0,36,12.84,RENT,credit_card,0,10,21.5,0
27500.0,773,4.0,2400.0,36,12.14,RENT,credit_card,0,9,16.4,0
76100.0,756,15.0,37500.0,36,14.44,RENT,other,0,9,50.3,0
19000.0,687,3.0,8200.0,60,19.89,MORTGAGE,debt_consolidation,1,11,55.3,0
82400.0,597,2.0,8200.0,36,16.65,RENT,debt_consolidation,0,7,21.0,0
91500.0,600,3.0,25200.0,36,18.05,MORTGAGE,other,0,7,44.5,1
42800.0,681,7.0,6000.0,36,15.01,RENT,home_improvement,0,10,30.9,0
15200.0,702,3.0,19300.0,36,15.83,OWN,debt_consolidation,0,7,65.0,0
41700.0,656,,8200.0,60,14.64,MORTGAGE,home_improvement,0,12,23.4,0
47600.0,649,2.0,5600.0,36,14.34,MORTGAGE,major_purchase,1,13,25.4,0
31100.0,641,7.0,25700.0,60,21.63,RENT,debt_consolidation,0,9,65.0,1
38900.0,678,3.0,17400.0,36,14.35,MORTGAGE,credit_card,0,8,50.8,0
97600.0,525,4.0,17300.0,36,17.24,RENT,debt_consolidation,0,10,19.5,1
66100.0,608,5.0,13100.0,36,16.09,OWN,home_improvement,0,7,35.1,0
32300.0,639,7.0,14800.0,60,16.68,OWN,home_improvement,1,7,50.7,0
23900.0,758,2.0,5900.0,36,11.09,MORTGAGE,debt_consolidation,0,14,,0
42300.0,627,10.0,11600.0,36,14.12,MORTGAGE,home_improvement,0,10,14.8,0
44500.0,692,10.0,6900.0,36,13.72,MORTGAGE,home_improvement,1,10,27.5,0
61300.0,695,2.0,5500.0,36,13.12,RENT,debt_consolidation,0,5,,0
38500.0,764,20.0,13400.0,60,14.64,MORTGAGE,credit_card,1,5,53.4,0
61700.0,762,7.0,19500.0,36,10.35,RENT,home_improvement,0,8,31.3,1
117100.0,676,4.0,9000.0,36,11.06,MORTGAGE,credit_card,0,10,13.9,0
70800.0,649,1.0,9800.0,36,12.09,RENT,other,0,9,26.5,0
48000.0,637,5.0,6200.0,36,14.86,RENT,debt_consolidation,0,16,28.2,0
45100.0,664,1.0,11000.0,60,17.08,MORTGAGE,debt_consolidation,0,10,32.1,0
41800.0,652,4.0,16000.0,36,15.11,RENT,home_improvement,0,11,41.6,0
83400.0,716,4.0,16200.0,36,13.39,MORTGAGE,home_improvement,0,10,32.2,0
37000.0,707,7.0,14400.0,60,14.05,MORTGAGE,other,0,5,48.0,0
50000.0,718,2.0,8000.0,36,11.87,OWN,debt_consolidation,0,7,21.7,0
50200.0,762,10.0,7900.0,60,17.13,RENT,credit_card,1,6,31.9,0
39100.0,801,3.0,16300.0,60,13.93,MORTGAGE,credit_card,0,8,48.2,0
26400.0,688,4.0,16400.0,36,18.11,MORTGAGE,medical,0,8,65.0,0
56700.0,751,10.0,10000.0,36,12.45,RENT,credit_card,1,6,26.4,0
47700.0,657,7.0,8800.0,36,13.47,MORTGAGE,major_purchase,0,8,29.7,0
61400.0,757,3.0,19600.0,36,13.31,RENT,debt_consolidation,0,5,55.0,0
38600.0,749,4.0,9100.0,36,13.16,RENT,credit_card,0,8,27.4,0
84900.0,746,3.0,15900.0,60,11.23,RENT,debt_consolidation,0,7,9.9,0
33000.0,686,7.0,10200.0,60,21.75,MORTGAGE,other,3,11,46.7,1
105900.0,637,3.0,6500.0,36,13.37,RENT,debt_consolidation,0,8,21.8,0
22300.0,589,10.0,24500.0,60,23.35,RENT,credit_card,0,16,65.0,1
59600.0,677,5.0,11600.0,36,14.93,MORTGAGE,debt_consolidation,0,6,21.8,0
60700.0,780,1.0,7700.0,36,13.93,RENT,other,0,8,43.5,0
34300.0,660,3.0,5500.0,36,12.89,MORTGAGE,home_improvement,0,14,19.5,0
59300.0,731,2.0,5700.0,36,12.79,RENT,other,0,5,17.2,0
87200.0,735,4.0,9100.0,60,11.86,RENT,debt_consolidation,0,6,8.2,0
18100.0,662,5.0,28600.0,36,17.67,RENT,debt_consolidation,0,7,65.0,1
61500.0,766,5.0,8200.0,36,10.96,MORTGAGE,credit_card,0,10,13.9,0
16000.0,491,10.0,22600.0,36,21.68,MORTGAGE,home_improvement,0,6,65.0,1
31700.0,601,2.0,10200.0,36,17.38,MORTGAGE,debt_consolidation,0,25,34.2,1
102000.0,620,20.0,6100.0,60,17.03,OWN,small_business,1,6,18.1,1
37700.0,627,3.0,8600.0,60,15.41,RENT,debt_consolidation,1,11,35.2,1
28900.0,702,3.0,5800.0,36,13.94,MORTGAGE,home_improvement,0,8,29.4,0
44800.0,699,7.0,7100.0,36,12.67,MORTGAGE,credit_card,0,7,28.6,0
124300.0,706,10.0,7000.0,36,12.29,MORTGAGE,credit_card,0,10,18.2,0
21500.0,719,3.0,4200.0,36,11.63,OWN,credit_card,0,5,27.3,0
30500.0,618,10.0,23300.0,36,18.03,MORTGAGE,debt_consolidation,0,11,65.0,0
96200.0,601,15.0,12200.0,36,14.72,RENT,other,0,6,15.0,0
113100.0,706,10.0,7800.0,60,12.33,MORTGAGE,major_purchase,0,9,13.8,0
46800.0,639,0.0,12200.0,36,17.71,RENT,credit_card,1,16,38.0,0
28100.0,578,10.0,7200.0,36,19.4,RENT,credit_card,2,6,33.6,1
125900.0,743,10.0,2900.0,36,10.58,MORTGAGE,debt_consolidation,0,8,2.6,0
100500.0,771,7.0,40000.0,36,16.97,RENT,credit_card,0,4,65.0,1
66500.0,781,10.0,12000.0,36,13.44,RENT,credit_card,0,13,22.9,0
34000.0,692,20.0,8100.0,36,16.25,OWN,credit_card,1,10,34.8,0
48000.0,721,4.0,4200.0,36,13.0,RENT,major_purchase,0,12,22.5,0
45600.0,769,0.0,5200.0,36,13.58,MORTGAGE,debt_consolidation,0,5,22.0,0
56900.0,638,4.0,25000.0,36,17.54,RENT,debt_consolidation,0,10,48.2,0
94200.0,752,0.0,23200.0,36,13.62,RENT,credit_card,0,6,36.6,0
72800.0,698,3.0,15900.0,60,17.0,RENT,small_business,2,14,43.3,1
30200.0,739,,6300.0,60,13.82,MORTGAGE,debt_consolidation,0,11,25.4,0
91100.0,692,3.0,23300.0,60,16.2,RENT,credit_card,0,11,40.7,0
56400.0,764,7.0,13700.0,36,10.72,MORTGAGE,debt_consolidation,0,12,36.2,0
66800.0,695,10.0,15200.0,36,16.37,MORTGAGE,small_business,0,14,29.2,0
94800.0,584,4.0,13700.0,36,15.34,MORTGAGE,credit_card,0,5,20.4,0
29700.0,774,15.0,5100.0,36,10.36,RENT,major_purchase,0,13,38.8,0
48200.0,618,0.0,6000.0,60,20.24,RENT,credit_card,0,6,25.9,0
38600.0,761,10.0,8500.0,36,10.66,MORTGAGE,major_purchase,0,10,26.7,0
24200.0,674,10.0,15100.0,60,17.12,MORTGAGE,small_business,0,11,65.0,0
57300.0,756,3.0,5500.0,60,11.92,MORTGAGE,major_purchase,0,9,8.6,0
151800.0,754,3.0,10000.0,60,13.5,MORTGAGE,major_purchase,1,8,10.9,0
21400.0,708,3.0,10000.0,60,16.65,OWN,credit_card,0,10,58.4,0
48300.0,713,10.0,16300.0,36,15.26,RENT,credit_card,0,11,44.2,0
65400.0,707,10.0,15300.0,36,11.68,RENT,major_purchase,0,9,27.9,0
51800.0,549,3.0,6600.0,36,18.55,MORTGAGE,credit_card,2,9,28.3,0
46600.0,688,7.0,22500.0,36,18.08,RENT,debt_consolidation,0,7,42.9,0
27300.0,607,1.0,6100.0,36,17.01,OWN,medical,0,11,36.1,0
54400.0,691,4.0,18900.0,36,17.47,MORTGAGE,credit_card,2,7,58.4,0
34900.0,606,20.0,8300.0,60,18.7,RENT,debt_consolidation,0,13,36.5,0
18300.0,603,1.0,11900.0,36,17.83,RENT,home_improvement,0,8,65.0,1
83900.0,784,20.0,12200.0,60,10.46,MORTGAGE,medical,0,10,26.3,0
75500.0,750,10.0,12100.0,36,11.4,MORTGAGE,medical,1,5,11.9,0
50200.0,680,20.0,15300.0,60,14.85,OWN,credit_card,0,12,41.6,0
54300.0,692,1.0,13300.0,36,17.89,MORTGAGE,debt_consolidation,3,9,35.9,1
79500.0,664,2.0,16200.0,36,15.22,MORTGAGE,small_business,0,8,35.9,0
54200.0,717,0.0,13800.0,36,12.79,RENT,home_improvement,0,19,39.5,0
73600.0,636,10.0,5800.0,60,16.28,RENT,debt_consolidation,0,6,21.2,0
42900.0,745,7.0,12500.0,36,14.3,MORTGAGE,other,1,14,36.7,0
88500.0,664,1.0,8300.0,60,13.62,OWN,debt_consolidation,0,7,11.9,0
56600.0,653,10.0,6300.0,36,13.95,MORTGAGE,credit_card,1,11,26.2,0
53500.0,681,3.0,9500.0,36,11.82,MORTGAGE,debt_consolidation,0,4,22.2,0
27700.0,642,1.0,12000.0,36,18.15,MORTGAGE,other,0,9,45.9,0
55800.0,701,4.0,12400.0,60,12.27,MORTGAGE,debt_consolidation,0,12,22.0,0
33700.0,645,1.0,18500.0,36,19.05,RENT,credit_card,1,8,65.0,1
36800.0,710,2.0,21000.0,60,21.26,MORTGAGE,medical,3,16,65.0,1
34000.0,759,3.0,12900.0,36,14.81,MORTGAGE,debt_consolidation,1,8,53.8,0
30300.0,633,15.0,14200.0,36,17.73,RENT,debt_consolidation,0,4,52.6,1
127500.0,672,10.0,11500.0,36,15.18,MORTGAGE,debt_consolidation,2,8,20.5,0
89200.0,710,4.0,16100.0,36,12.79,RENT,credit_card,0,10,33.5,0
116300.0,652,10.0,14000.0,36,12.14,MORTGAGE,credit_card,0,12,22.1,0
28300.0,710,5.0,10600.0,60,16.41,MORTGAGE,small_business,0,11,48.3,0
50600.0,716,3.0,32100.0,60,21.36,RENT,debt_consolidation,3,10,65.0,1
27400.0,750,10.0,8300.0,36,12.81,MORTGAGE,small_business,0,9,42.9,0
35800.0,641,7.0,22600.0,36,19.93,MORTGAGE,other,0,9,65.0,1
32400.0,619,7.0,5600.0,36,13.77,OWN,medical,0,15,23.4,0
85600.0,660,7.0,16400.0,60,16.06,MORTGAGE,home_improvement,0,10,33.5,0
41000.0,617,7.0,22400.0,60,20.63,MORTGAGE,other,0,8,65.0,0
79300.0,717,4.0,4200.0,36,14.6,RENT,other,0,4,11.5,0
64300.0,604,15.0,11700.0,36,16.23,MORTGAGE,home_improvement,0,13,38.7,0
138200.0,832,1.0,15600.0,60,11.17,RENT,debt_consolidation,0,11,19.6,0
25200.0,764,15.0,12400.0,36,12.0,MORTGAGE,other,0,12,56.8,0
86400.0,681,3.0,13200.0,60,14.07,RENT,medical,0,6,32.1,0
82100.0,736,1.0,11700.0,36,14.14,MORTGAGE,debt_consolidation,0,10,,0
31600.0,574,7.0,6300.0,36,18.04,RENT,other,0,4,34.1,0
77100.0,844,3.0,35700.0,36,11.45,RENT,credit_card,0,5,61.4,0
57000.0,642,10.0,8500.0,36,16.75,OWN,debt_consolidation,0,10,31.1,0
44300.0,672,4.0,13600.0,60,17.1,MORTGAGE,debt_consolidation,0,7,36.0,0
33800.0,559,7.0,7900.0,36,17.38,MORTGAGE,debt_consolidation,0,9,34.2,1
35500.0,712,3.0,3500.0,36,11.36,MORTGAGE,credit_card,0,12,25.4,0
123300.0,608,2.0,6900.0,60,14.84,RENT,home_improvement,0,8,13.8,0
49000.0,687,4.0,5300.0,36,13.53,MORTGAGE,credit_card,0,8,21.4,0
69700.0,645,7.0,18900.0,36,16.68,RENT,credit_card,0,8,28.5,0
34300.0,610,7.0,8100.0,36,18.15,MORTGAGE,small_business,0,7,29.0,1
34500.0,628,5.0,8500.0,36,13.0,MORTGAGE,debt_consolidation,0,8,25.3,0
79800.0,695,20.0,6400.0,36,12.14,RENT,other,0,8,16.6,0
26700.0,597,7.0,11500.0,36,19.74,RENT,small_business,0,7,53.7,1
40700.0,631,15.0,7600.0,36,14.42,MORTGAGE,small_business,0,10,43.8,1
49800.0,723,1.0,18000.0,36,13.62,MORTGAGE,credit_card,0,7,31.3,0
51500.0,849,0.0,12700.0,36,11.02,MORTGAGE,other,1,15,35.9,0
45200.0,711,3.0,8200.0,36,12.88,RENT,debt_consolidation,0,9,25.0,0
58600.0,620,1.0,16700.0,36,18.43,MORTGAGE,debt_consolidation,0,14,24.4,0
67000.0,656,5.0,11000.0,36,15.57,RENT,major_purchase,1,15,24.7,0
68200.0,682,5.0,11100.0,36,12.8,MORTGAGE,small_business,0,11,18.4,0
31500.0,657,5.0,5300.0,36,17.31,RENT,debt_consolidation,0,11,26.6,0
43100.0,739,10.0,10600.0,36,14.08,RENT,home_improvement,0,8,31.7,0
83900.0,694,20.0,12800.0,60,16.32,MORTGAGE,credit_card,1,10,19.2,0
73300.0,739,15.0,21300.0,36,9.51,RENT,credit_card,0,5,38.2,0
26400.0,660,1.0,7500.0,36,17.77,OWN,home_improvement,0,11,52.5,0
57400.0,766,3.0,34200.0,60,15.24,MORTGAGE,other,0,5,64.5,0
20100.0,669,2.0,14400.0,60,19.66,OWN,other,0,9,,1
50100.0,617,1.0,5100.0,60,16.18,RENT,other,0,11,25.6,0
115200.0,822,5.0,7200.0,36,8.34,RENT,credit_card,1,11,16.5,0
32000.0,561,5.0,22300.0,36,20.47,MORTGAGE,debt_consolidation,0,8,65.0,1
33700.0,632,2.0,20400.0,36,18.73,RENT,credit_card,0,8,65.0,1
69100.0,639,7.0,11000.0,36,14.51,MORTGAGE,home_improvement,0,10,36.5,0
24500.0,843,10.0,11800.0,36,13.11,MORTGAGE,debt_consolidation,0,11,65.0,0
36900.0,797,0.0,6100.0,60,12.26,MORTGAGE,home_improvement,0,6,20.2,0
64100.0,777,4.0,21200.0,36,9.55,RENT,home_improvement,0,10,35.3,0
36800.0,659,15.0,6700.0,36,15.72,MORTGAGE,other,2,10,22.7,0
44100.0,838,5.0,16700.0,36,9.16,MORTGAGE,debt_consolidation,0,6,39.2,0
68500.0,704,3.0,21500.0,60,14.16,MORTGAGE,small_business,0,6,29.0,0
59300.0,744,2.0,11200.0,36,11.84,RENT,credit_card,0,5,30.3,0
55300.0,692,2.0,17700.0,60,14.08,MORTGAGE,debt_consolidation,0,14,32.6,0
42100.0,677,1.0,27600.0,60,21.25,MORTGAGE,debt_consolidation,0,8,65.0,0
57900.0,664,10.0,12500.0,60,17.36,MORTGAGE,debt_consolidation,1,7,25.6,0
46400.0,666,1.0,10000.0,60,15.86,RENT,debt_consolidation,1,11,30.6,0
60200.0,720,3.0,10600.0,36,13.13,MORTGAGE,debt_consolidation,0,9,40.3,0
39200.0,704,0.0,7500.0,60,14.63,RENT,other,0,9,28.3,0
45200.0,678,10.0,7500.0,36,11.57,MORTGAGE,debt_consolidation,0,11,11.5,0
31400.0,778,0.0,13600.0,36,8.99,MORTGAGE,major_purchase,0,3,49.2,0
48300.0,487,3.0,10100.0,36,17.18,MORTGAGE,other,0,14,20.4,1
34000.0,713,5.0,12900.0,36,15.84,MORTGAGE,credit_card,0,12,38.3,1
29700.0,727,4.0,5200.0,36,16.25,RENT,debt_consolidation,0,7,22.0,0
55100.0,755,3.0,10400.0,36,13.17,MORTGAGE,home_improvement,0,15,29.9,0
53900.0,676,2.0,18300.0,36,17.53,RENT,debt_consolidation,1,9,48.9,0
69700.0,694,10.0,6300.0,60,13.94,RENT,debt_consolidation,0,10,22.1,0
40400.0,744,20.0,11000.0,36,13.32,RENT,credit_card,0,10,29.1,0
58900.0,777,3.0,4300.0,36,11.19,MORTGAGE,credit_card,0,10,20.6,0
62800.0,660,0.0,5700.0,36,13.44,RENT,small_business,0,10,13.8,0
59900.0,697,0.0,16400.0,36,17.42,OWN,home_improvement,0,12,40.0,1
33800.0,789,10.0,9400.0,36,14.29,RENT,major_purchase,1,6,39.6,0
52400.0,542,5.0,27200.0,60,23.0,OWN,debt_consolidation,1,12,65.0,1
57700.0,635,10.0,13600.0,36,16.75,OWN,debt_consolidation,1,5,30.4,0
49200.0,775,7.0,14300.0,36,13.01,RENT,credit_card,0,15,36.3,0
19200.0,751,15.0,6400.0,60,14.87,OWN,medical,1,11,52.4,0
52700.0,714,15.0,9000.0,36,12.23,OWN,major_purchase,0,8,25.4,0
132700.0,651,10.0,7600.0,36,11.69,RENT,home_improvement,0,10,9.8,0
41700.0,623,5.0,6400.0,60,13.12,OWN,home_improvement,0,13,22.3,0
35300.0,642,3.0,15200.0,36,17.3,RENT,home_improvement,0,8,61.6,1
58000.0,781,5.0,16900.0,36,12.66,RENT,debt_consolidation,0,11,28.4,0
56400.0,639,5.0,13400.0,36,15.68,MORTGAGE,home_improvement,0,2,30.2,0
83800.0,687,7.0,7200.0,36,15.72,RENT,credit_card,0,5,22.0,0
27800.0,631,2.0,12900.0,36,20.49,RENT,credit_card,0,5,54.4,0
68100.0,735,7.0,4200.0,60,14.39,OWN,medical,0,10,23.6,0
63900.0,645,4.0,21200.0,36,15.64,OWN,major_purchase,0,12,38.2,0
46000.0,674,7.0,5700.0,36,15.37,MORTGAGE,debt_consolidation,0,3,22.8,0
57100.0,571,2.0,6200.0,36,16.4,MORTGAGE,other,0,8,27.5,0
77900.0,575,4.0,11600.0,60,17.69,OWN,debt_consolidation,0,6,29.6,0
72600.0,680,2.0,12100.0,60,13.61,RENT,debt_consolidation,1,8,18.6,0
29300.0,594,15.0,10500.0,60,20.98,OWN,other,0,9,51.5,0
70900.0,817,5.0,6300.0,36,9.94,RENT,credit_card,0,7,17.2,0
47600.0,546,2.0,19300.0,60,21.31,OWN,major_purchase,0,12,43.7,1
50700.0,628,0.0,4700.0,60,16.08,MORTGAGE,debt_consolidation,0,6,13.6,1
50700.0,681,7.0,5200.0,36,13.09,OWN,medical,0,4,13.7,0
45800.0,656,2.0,10400.0,60,15.08,OWN,major_purchase,1,3,28.2,0
83800.0,608,20.0,5800.0,60,18.61,OWN,credit_card,0,9,22.1,0
47200.0,618,5.0,20200.0,60,19.84,MORTGAGE,small_business,0,3,62.8,0
29600.0,616,3.0,6100.0,60,19.01,MORTGAGE,other,1,8,32.0,0
41100.0,661,7.0,23800.0,60,17.4,MORTGAGE,credit_card,0,16,65.0,0
53100.0,807,2.0,18400.0,60,15.19,RENT,credit_card,2,9,56.0,0
85200.0,685,10.0,20300.0,36,14.22,MORTGAGE,small_business,0,10,25.3,0
64300.0,757,3.0,28100.0,60,15.95,RENT,credit_card,0,10,50.4,0
33400.0,713,20.0,11400.0,36,16.73,OWN,other,0,10,49.1,0
150000.0,752,7.0,6600.0,60,11.93,RENT,debt_consolidation,0,19,19.1,0
55200.0,498,10.0,10400.0,60,17.91,OWN,credit_card,0,9,21.2,1
87000.0,660,0.0,8200.0,60,18.07,RENT,small_business,0,9,9.5,0
45800.0,765,3.0,7700.0,60,15.39,RENT,credit_card,0,5,29.3,0
62300.0,643,10.0,11800.0,36,14.64,OWN,debt_consolidation,0,12,22.9,0
71500.0,795,7.0,9400.0,36,10.49,RENT,credit_card,0,20,21.1,0
84800.0,776,2.0,7500.0,36,9.1,MORTGAGE,medical,0,8,13.9,0
78900.0,650,3.0,9700.0,36,13.09,MORTGAGE,credit_card,1,8,19.6,0
72600.0,647,2.0,14400.0,36,16.79,RENT,debt_consolidation,0,10,27.6,0
42500.0,614,7.0,17600.0,36,19.62,MORTGAGE,home_improvement,0,7,52.7,1
37900.0,639,3.0,4900.0,36,13.84,MORTGAGE,home_improvement,0,6,34.4,0
56900.0,600,3.0,9400.0,36,15.37,OWN,credit_card,0,6,18.8,0
74600.0,708,2.0,10200.0,36,12.01,RENT,credit_card,0,7,17.7,0
44300.0,585,4.0,6100.0,60,14.29,RENT,debt_consolidation,0,10,18.4,0
79200.0,719,2.0,10300.0,36,12.08,MORTGAGE,home_improvement,0,14,23.4,0
94200.0,721,20.0,11800.0,36,12.74,RENT,credit_card,0,8,15.1,0
32500.0,572,1.0,14200.0,60,18.74,RENT,credit_card,0,12,54.1,1
33600.0,781,15.0,11400.0,36,11.44,RENT,debt_consolidation,1,5,32.5,0
46000.0,713,4.0,7000.0,36,11.54,MORTGAGE,debt_consolidation,0,5,16.3,0
56300.0,729,3.0,29900.0,36,15.71,OWN,major_purchase,0,11,60.1,0
38700.0,631,2.0,16600.0,60,18.25,RENT,credit_card,0,8,46.1,0
90100.0,720,7.0,14400.0,36,14.3,RENT,debt_consolidation,0,5,29.0,1
59300.0,753,7.0,18100.0,60,13.38,MORTGAGE,debt_consolidation,0,6,37.2,0
49900.0,674,4.0,12400.0,36,15.64,RENT,debt_consolidation,0,11,28.3,0
25700.0,810,0.0,20800.0,36,12.22,MORTGAGE,credit_card,0,12,65.0,0
27100.0,683,15.0,11300.0,36,15.26,RENT,home_improvement,0,9,52.8,0
55600.0,754,20.0,10900.0,36,12.26,RENT,debt_consolidation,1,5,37.5,0
18800.0,699,4.0,15000.0,60,18.41,RENT,credit_card,0,9,65.0,0
77300.0,718,7.0,24100.0,36,13.16,RENT,debt_consolidation,0,14,42.4,0
45700.0,571,4.0,23300.0,60,21.6,MORTGAGE,debt_consolidation,0,6,65.0,1
211000.0,704,3.0,14700.0,36,10.63,OWN,medical,0,8,5.6,0
138500.0,632,0.0,14200.0,36,14.95,MORTGAGE,home_improvement,0,9,19.0,0
45200.0,625,4.0,15500.0,36,14.94,MORTGAGE,major_purchase,0,10,41.4,0
46700.0,793,10.0,17900.0,60,13.42,RENT,debt_consolidation,0,12,47.8,0
76700.0,666,0.0,20900.0,36,17.17,MORTGAGE,debt_consolidation,1,8,35.7,0
105500.0,615,5.0,9700.0,36,14.68,MORTGAGE,credit_card,0,6,16.4,0
23500.0,657,15.0,21100.0,36,19.17,RENT,home_improvement,0,10,65.0,0
21900.0,595,2.0,13000.0,36,18.06,RENT,credit_card,0,13,65.0,1
37100.0,773,2.0,15100.0,36,12.38,RENT,credit_card,0,8,47.3,0
63700.0,635,10.0,21800.0,36,15.82,RENT,debt_consolidation,1,13,37.2,0
61300.0,714,2.0,15900.0,60,14.18,MORTGAGE,credit_card,0,11,41.2,0
79300.0,768,2.0,17300.0,36,10.43,OWN,major_purchase,0,8,26.0,0
28600.0,647,3.0,9000.0,60,17.97,MORTGAGE,credit_card,0,8,31.9,0
17300.0,715,4.0,23100.0,36,16.06,MORTGAGE,debt_consolidation,1,14,65.0,0
72100.0,613,15.0,15500.0,36,18.4,RENT,credit_card,0,5,31.8,0
33800.0,839,7.0,11600.0,60,13.37,RENT,small_business,0,9,50.6,0
19800.0,741,4.0,19000.0,36,12.18,MORTGAGE,debt_consolidation,0,5,65.0,0
52300.0,667,,39900.0,36,18.67,RENT,home_improvement,2,4,65.0,1
70000.0,630,20.0,6100.0,36,16.85,RENT,other,1,12,22.0,0
46400.0,673,1.0,7300.0,60,17.94,MORTGAGE,credit_card,1,7,24.6,1
39900.0,658,2.0,40000.0,36,19.46,RENT,debt_consolidation,0,10,65.0,1
45600.0,807,20.0,13500.0,60,13.21,RENT,home_improvement,0,11,45.1,0
41500.0,600,20.0,12000.0,36,15.96,RENT,debt_consolidation,0,7,33.9,1
26700.0,689,1.0,10300.0,36,19.0,RENT,debt_consolidation,1,8,46.1,0
35500.0,679,1.0,20000.0,36,18.45,MORTGAGE,debt_consolidation,1,12,65.0,1
62000.0,672,4.0,40000.0,60,19.22,RENT,debt_consolidation,0,6,64.2,1
56700.0,673,0.0,7800.0,60,18.47,RENT,medical,0,2,26.0,0
52900.0,672,7.0,10400.0,36,15.58,RENT,small_business,0,7,34.2,0
31300.0,737,0.0,9200.0,36,10.12,RENT,debt_consolidation,0,14,29.8,0
45200.0,720,0.0,15800.0,36,11.99,OWN,medical,0,9,38.9,1
18400.0,707,5.0,20200.0,36,16.66,RENT,home_improvement,0,10,65.0,0
53100.0,483,20.0,24600.0,36,19.47,RENT,credit_card,0,9,63.3,1
93200.0,699,4.0,16000.0,60,17.3,MORTGAGE,debt_consolidation,0,8,28.7,0
25300.0,572,3.0,38500.0,36,22.35,RENT,small_business,2,9,65.0,1
37700.0,722,20.0,8200.0,60,17.17,MORTGAGE,credit_card,0,5,35.8,0
56800.0,776,5.0,7200.0,36,12.6,RENT,debt_consolidation,1,9,20.5,0
86100.0,620,3.0,22800.0,36,16.74,OWN,debt_consolidation,0,10,43.6,1
40100.0,663,4.0,11600.0,60,14.43,OWN,debt_consolidation,0,11,,0
35900.0,641,2.0,5500.0,36,13.64,MORTGAGE,small_business,1,11,25.9,0
20200.0,760,5.0,9300.0,36,14.14,MORTGAGE,debt_consolidation,1,12,56.3,0
51400.0,686,4.0,12400.0,60,17.72,MORTGAGE,credit_card,1,9,35.8,0
122900.0,792,2.0,7900.0,36,11.1,OWN,debt_consolidation,0,9,,0
55500.0,707,1.0,6600.0,36,14.62,MORTGAGE,home_improvement,0,7,14.6,0
48500.0,696,3.0,9900.0,36,13.52,RENT,credit_card,1,9,31.5,0
56700.0,684,5.0,6400.0,36,13.58,RENT,home_improvement,0,11,20.5,0
48800.0,733,0.0,15000.0,36,11.32,RENT,debt_consolidation,0,13,38.5,0
34000.0,567,1.0,4100.0,36,18.54,MORTGAGE,debt_consolidation,0,10,20.5,0
71000.0,686,20.0,11400.0,36,11.29,RENT,debt_consolidation,1,13,13.6,0
54300.0,675,5.0,14200.0,36,14.44,MORTGAGE,home_improvement,0,13,34.3,0
49400.0,727,0.0,10500.0,60,14.05,RENT,debt_consolidation,0,7,31.8,0
31600.0,668,7.0,18900.0,36,17.85,OWN,home_improvement,0,7,65.0,0
88100.0,612,0.0,5500.0,36,14.86,MORTGAGE,debt_consolidation,0,13,16.7,0
66100.0,680,10.0,7700.0,36,14.51,MORTGAGE,other,1,10,20.9,0
38200.0,610,10.0,9300.0,60,19.32,MORTGAGE,credit_card,1,15,31.0,1
76900.0,555,7.0,15600.0,36,17.76,OWN,debt_consolidation,1,6,29.4,1
39200.0,727,10.0,12200.0,36,12.49,RENT,debt_consolidation,0,11,43.7,0
34500.0,718,1.0,31900.0,36,13.97,RENT,debt_consolidation,0,9,65.0,0
34800.0,710,10.0,7300.0,60,14.16,MORTGAGE,medical,0,12,35.1,0
22100.0,765,1.0,5400.0,36,13.73,MORTGAGE,debt_consolidation,0,7,41.3,0
60600.0,637,3.0,26800.0,36,16.82,MORTGAGE,major_purchase,0,7,51.7,0
21500.0,587,20.0,5300.0,36,14.85,RENT,credit_card,0,9,22.1,1
28200.0,675,5.0,15400.0,36,18.09,RENT,major_purchase,0,13,65.0,1
19300.0,657,20.0,6700.0,60,18.31,RENT,medical,0,9,54.7,0
47200.0,625,1.0,3900.0,60,16.85,OWN,other,1,10,21.2,0
45800.0,675,5.0,9100.0,36,14.37,RENT,debt_consolidation,0,10,37.8,0
42300.0,640,0.0,17100.0,60,17.32,MORTGAGE,major_purchase,0,5,45.5,0
30700.0,561,7.0,5900.0,36,17.33,MORTGAGE,debt_consolidation,0,10,29.7,0
28900.0,651,0.0,14600.0,60,17.36,RENT,debt_consolidation,0,8,53.5,0
60400.0,606,1.0,16000.0,36,18.12,RENT,home_improvement,1,10,43.1,1
38300.0,695,2.0,5800.0,36,12.95,RENT,credit_card,0,9,25.2,0
56500.0,637,10.0,9800.0,60,15.23,MORTGAGE,credit_card,0,6,18.8,0
32900.0,752,1.0,24100.0,60,16.35,RENT,other,0,7,65.0,0
53200.0,784,10.0,15100.0,60,10.84,RENT,major_purchase,0,12,30.4,0
88100.0,724,1.0,9600.0,60,13.82,RENT,credit_card,0,10,22.5,0
63800.0,579,0.0,13500.0,36,14.59,RENT,home_improvement,0,10,30.0,1
40700.0,778,4.0,7800.0,36,12.24,RENT,debt_consolidation,0,6,29.0,0
55000.0,782,20.0,19100.0,36,14.77,RENT,credit_card,1,9,48.4,0
44000.0,681,1.0,19100.0,36,17.29,RENT,home_improvement,0,16,52.8,1
49200.0,766,1.0,11600.0,36,15.12,MORTGAGE,small_business,0,15,35.3,0
42300.0,644,10.0,12300.0,36,16.96,RENT,other,0,7,37.6,0
45500.0,559,3.0,6600.0,36,17.49,MORTGAGE,debt_consolidation,0,8,17.4,0
53900.0,631,7.0,5600.0,36,10.86,MORTGAGE,other,0,9,10.3,0
31400.0,792,2.0,9100.0,36,13.99,OWN,home_improvement,0,9,39.8,0
31000.0,583,4.0,10500.0,36,20.79,RENT,debt_consolidation,1,7,52.9,1
26200.0,680,2.0,18600.0,36,18.06,RENT,credit_card,0,14,65.0,1
23900.0,682,4.0,17300.0,60,20.02,OWN,credit_card,0,11,65.0,0
28300.0,647,10.0,12000.0,36,15.35,MORTGAGE,credit_card,0,7,48.9,0
52700.0,651,10.0,19800.0,36,20.62,RENT,debt_consolidation,1,13,62.9,1
32800.0,685,5.0,6800.0,36,12.7,RENT,credit_card,0,14,28.5,0
61800.0,643,15.0,18700.0,60,20.27,MORTGAGE,debt_consolidation,1,13,48.4,1
49800.0,588,2.0,7400.0,36,17.08,RENT,other,1,10,23.3,0
20200.0,694,2.0,20300.0,60,17.9,OWN,medical,0,12,65.0,1
65800.0,750,7.0,10900.0,36,13.78,OWN,credit_card,1,14,29.2,0
70600.0,737,7.0,4000.0,36,12.51,RENT,debt_consolidation,0,11,17.3,0
31300.0,627,0.0,15800.0,36,17.4,MORTGAGE,credit_card,0,6,58.1,1
59200.0,599,7.0,16400.0,60,18.37,MORTGAGE,home_improvement,0,8,27.8,0
33300.0,662,3.0,8700.0,36,16.78,MORTGAGE,medical,1,8,40.2,0
51200.0,782,10.0,9100.0,36,13.52,RENT,debt_consolidation,0,9,39.2,0
27700.0,722,10.0,10100.0,36,14.2,RENT,small_business,0,9,44.5,0
21900.0,726,5.0,4200.0,36,16.28,MORTGAGE,credit_card,1,7,32.0,0
41300.0,738,0.0,3400.0,60,13.49,RENT,debt_consolidation,1,10,9.3,0
46400.0,707,7.0,21000.0,36,15.24,OWN,debt_consolidation,0,12,61.9,1
41000.0,688,10.0,7200.0,36,15.92,RENT,small_business,0,10,27.9,0
28800.0,723,2.0,27700.0,36,18.12,RENT,debt_consolidation,1,11,65.0,1
40900.0,644,4.0,21700.0,36,19.01,RENT,other,1,10,61.8,1
55300.0,588,20.0,23900.0,36,18.73,OWN,medical,0,4,52.6,1
48000.0,727,3.0,7900.0,36,12.89,RENT,credit_card,0,7,22.0,0
53200.0,760,2.0,4900.0,36,10.94,MORTGAGE,home_improvement,0,11,3.9,0
36300.0,607,2.0,6400.0,60,19.92,RENT,debt_consolidation,0,10,25.7,0
83100.0,733,5.0,8700.0,36,12.21,MORTGAGE,medical,0,12,18.5,0
28900.0,789,20.0,3300.0,60,10.65,OWN,credit_card,0,10,24.4,0
61000.0,680,7.0,8600.0,60,13.82,RENT,credit_card,0,6,14.0,0
83400.0,627,3.0,9900.0,36,15.83,RENT,medical,0,6,18.6,0
60900.0,688,7.0,5700.0,36,12.26,OWN,debt_consolidation,0,6,14.0,0
44800.0,644,7.0,6500.0,60,13.68,MORTGAGE,credit_card,0,11,7.7,0
38600.0,640,7.0,9800.0,60,18.09,MORTGAGE,home_improvement,0,10,31.5,0
78100.0,708,,13100.0,36,11.43,MORTGAGE,debt_consolidation,0,7,30.4,0
25800.0,576,7.0,7000.0,36,17.02,MORTGAGE,debt_consolidation,0,10,30.9,1
31700.0,586,4.0,12700.0,36,16.46,MORTGAGE,credit_card,0,6,49.1,0
41000.0,681,0.0,11700.0,36,12.39,MORTGAGE,credit_card,0,7,38.5,0
85600.0,679,5.0,11200.0,60,17.59,MORTGAGE,debt_consolidation,0,11,,0
58200.0,702,20.0,7900.0,36,11.47,RENT,medical,0,10,18.4,0
31700.0,802,3.0,5600.0,60,15.56,OWN,debt_consolidation,2,9,33.9,0
42600.0,687,20.0,25500.0,36,19.74,MORTGAGE,credit_card,0,8,65.0,0
37200.0,719,1.0,15000.0,36,12.71,RENT,debt_consolidation,0,10,42.1,0
35600.0,617,10.0,18100.0,36,16.26,MORTGAGE,debt_consolidation,0,7,61.2,1
76200.0,730,1.0,10500.0,36,16.69,RENT,credit_card,2,5,33.4,0
26400.0,646,,10100.0,60,14.53,MORTGAGE,credit_card,0,8,41.9,0
101100.0,685,5.0,14000.0,36,16.78,OWN,major_purchase,0,10,25.4,0
71200.0,673,7.0,4400.0,60,16.0,RENT,credit_card,0,14,26.6,0
80100.0,747,10.0,6300.0,60,14.14,OWN,debt_consolidation,1,2,25.6,0
39800.0,595,7.0,7300.0,36,15.17,RENT,home_improvement,1,10,32.9,0
45800.0,532,7.0,8700.0,36,17.9,MORTGAGE,credit_card,0,7,29.5,0
25700.0,666,15.0,7000.0,60,16.46,MORTGAGE,debt_consolidation,0,9,31.4,0
38700.0,710,4.0,12900.0,36,12.61,RENT,other,0,5,37.8,0
61200.0,690,2.0,11400.0,60,15.02,MORTGAGE,credit_card,0,7,29.2,0
87800.0,760,1.0,21900.0,36,12.67,MORTGAGE,debt_consolidation,0,5,33.2,0
29800.0,708,4.0,37700.0,36,14.66,RENT,home_improvement,0,9,,0
41600.0,643,7.0,5800.0,60,14.24,RENT,major_purchase,0,12,14.8,0
45800.0,529,0.0,11800.0,60,23.72,MORTGAGE,small_business,0,10,28.0,1
26200.0,665,1.0,11800.0,60,17.19,MORTGAGE,home_improvement,0,12,44.5,0
64000.0,747,1.0,10900.0,36,13.23,OWN,credit_card,0,8,34.2,0
35400.0,655,5.0,6400.0,60,17.07,RENT,major_purchase,3,10,25.1,0
44900.0,682,2.0,6900.0,36,13.5,OWN,small_business,0,4,22.0,0
40000.0,707,1.0,12300.0,36,17.78,MORTGAGE,home_improvement,1,4,38.3,1
34400.0,614,7.0,6800.0,60,16.14,RENT,home_improvement,0,4,13.5,0
48900.0,721,10.0,11800.0,36,13.44,OWN,debt_consolidation,0,9,23.7,0
44500.0,786,3.0,9700.0,36,11.67,RENT,debt_consolidation,0,9,27.7,0
41500.0,669,5.0,11700.0,36,14.93,MORTGAGE,other,0,10,35.1,0
35300.0,607,1.0,6800.0,36,11.13,MORTGAGE,other,0,4,31.3,0
56600.0,676,15.0,11800.0,60,15.4,MORTGAGE,major_purchase,0,8,28.3,0
103200.0,535,3.0,7000.0,36,15.82,MORTGAGE,credit_card,0,15,11.4,0
52200.0,702,20.0,11900.0,60,16.03,MORTGAGE,debt_consolidation,0,10,35.5,0
76700.0,709,20.0,21400.0,60,17.76,RENT,credit_card,0,7,45.1,0
26200.0,789,10.0,12500.0,36,14.31,MORTGAGE,small_business,0,9,47.6,0
52600.0,667,0.0,12800.0,36,16.05,OWN,debt_consolidation,0,7,30.4,0
29900.0,707,5.0,16500.0,36,14.75,MORTGAGE,major_purchase,0,8,65.0,0
25200.0,624,1.0,5400.0,60,19.0,OWN,home_improvement,0,8,26.0,0
35100.0,657,15.0,25800.0,36,20.15,MORTGAGE,home_improvement,1,2,65.0,1
83800.0,581,10.0,6500.0,60,24.83,MORTGAGE,other,2,18,39.0,1
75200.0,667,20.0,17000.0,36,16.13,MORTGAGE,medical,0,6,32.9,0
54700.0,660,7.0,15900.0,36,14.05,RENT,small_business,0,17,36.6,0
24600.0,699,5.0,7000.0,36,14.53,OWN,debt_consolidation,0,10,43.8,0
44900.0,639,5.0,18100.0,36,18.35,MORTGAGE,other,0,8,53.4,0
56100.0,685,4.0,14000.0,60,14.64,OWN,debt_consolidation,0,9,49.8,0
53100.0,658,4.0,28100.0,60,19.2,MORTGAGE,credit_card,2,10,65.0,1
21400.0,658,7.0,12000.0,36,13.81,OWN,major_purchase,0,4,58.3,0
32800.0,685,15.0,10400.0,36,14.52,MORTGAGE,debt_consolidation,0,9,35.4,0
47600.0,683,7.0,8500.0,36,16.72,MORTGAGE,home_improvement,2,9,35.5,1
62400.0,729,15.0,4600.0,36,15.03,OWN,credit_card,1,7,24.9,0
18200.0,672,15.0,9300.0,36,18.78,MORTGAGE,home_improvement,0,9,65.0,0
45600.0,657,5.0,9500.0,36,13.83,MORTGAGE,other,0,10,33.5,0
52300.0,668,3.0,12500.0,36,15.15,RENT,major_purchase,0,10,32.1,0
71800.0,634,,5400.0,36,16.49,OWN,debt_consolidation,1,8,23.7,0
67000.0,657,4.0,9700.0,60,16.77,RENT,debt_consolidation,1,10,38.3,0
63700.0,812,1.0,14600.0,36,8.58,RENT,other,0,8,33.3,0
34200.0,621,3.0,15300.0,36,16.62,RENT,home_improvement,0,10,55.9,0
20800.0,662,20.0,4300.0,36,14.72,MORTGAGE,debt_consolidation,0,10,30.3,0
41100.0,655,0.0,15600.0,60,17.18,RENT,home_improvement,0,10,44.5,1
76900.0,664,7.0,9700.0,36,16.36,MORTGAGE,debt_consolidation,0,7,23.6,0
91800.0,658,10.0,10000.0,36,16.02,RENT,debt_consolidation,1,9,28.5,0
67500.0,698,7.0,3400.0,60,14.13,MORTGAGE,home_improvement,0,10,10.6,0
59500.0,569,5.0,23100.0,36,16.9,RENT,credit_card,0,5,44.0,1
58200.0,747,7.0,11900.0,36,13.26,RENT,debt_consolidation,0,3,32.4,0
38200.0,721,4.0,5100.0,36,11.56,MORTGAGE,home_improvement,1,5,22.8,0
46200.0,599,1.0,13200.0,60,20.09,RENT,medical,0,6,51.8,1
103900.0,533,20.0,13000.0,36,16.07,RENT,home_improvement,0,6,24.8,0
32100.0,616,4.0,20200.0,36,19.18,OWN,credit_card,0,6,65.0,1
101400.0,664,7.0,9400.0,36,13.47,RENT,home_improvement,0,10,26.8,0
42400.0,848,5.0,11000.0,36,10.16,RENT,small_business,0,7,30.1,0
89000.0,715,0.0,7900.0,36,13.4,RENT,major_purchase,0,13,28.5,0
26000.0,563,20.0,14700.0,36,18.06,RENT,debt_consolidation,0,5,65.0,1
63800.0,635,10.0,7400.0,36,18.06,RENT,debt_consolidation,0,11,20.8,0
35200.0,677,1.0,7000.0,36,14.05,MORTGAGE,small_business,0,8,29.5,0
25900.0,696,20.0,10600.0,36,16.78,RENT,debt_consolidation,0,14,45.9,0
54100.0,595,,5900.0,36,14.5,RENT,credit_card,0,11,5.1,0
77200.0,671,5.0,24400.0,36,15.74,OWN,debt_consolidation,0,7,44.5,0
33500.0,633,7.0,28700.0,36,20.08,MORTGAGE,debt_consolidation,0,9,65.0,1
25000.0,608,1.0,8700.0,36,19.06,RENT,credit_card,1,4,47.3,1
47000.0,697,5.0,5500.0,36,17.57,MORTGAGE,medical,0,10,19.8,0
47100.0,730,0.0,12900.0,60,16.06,RENT,small_business,1,7,42.8,0
62700.0,735,5.0,8600.0,60,13.92,MORTGAGE,debt_consolidation,1,7,13.4,0
75200.0,717,5.0,19700.0,60,16.67,MORTGAGE,medical,1,4,53.0,0
47700.0,648,15.0,7400.0,36,15.37,OWN,credit_card,1,8,31.0,0
113000.0,726,10.0,14400.0,36,11.32,RENT,debt_consolidation,0,7,18.9,0
54200.0,700,,11600.0,60,14.25,MORTGAGE,credit_card,0,14,31.2,0
41900.0,689,15.0,7800.0,36,15.83,RENT,debt_consolidation,0,7,,0
23700.0,640,5.0,12300.0,36,16.37,MORTGAGE,credit_card,0,8,47.1,0
43600.0,648,7.0,17000.0,60,15.52,RENT,major_purchase,0,11,45.9,0
42100.0,685,1.0,11400.0,36,12.58,MORTGAGE,home_improvement,0,9,31.9,0
75500.0,839,15.0,11500.0,36,10.72,RENT,credit_card,0,12,17.1,0
60400.0,700,15.0,7100.0,36,12.21,OWN,debt_consolidation,0,10,17.7,0
28800.0,640,10.0,19400.0,60,22.71,OWN,debt_consolidation,2,12,65.0,1
53000.0,626,20.0,18400.0,60,17.68,MORTGAGE,other,0,9,44.9,0
66300.0,648,3.0,8900.0,60,16.42,RENT,debt_consolidation,1,6,28.7,0
97500.0,822,15.0,10300.0,36,7.22,MORTGAGE,home_improvement,0,6,20.0,0
73100.0,654,5.0,22200.0,36,18.87,MORTGAGE,credit_card,1,10,36.0,0
69000.0,739,1.0,6200.0,36,9.73,RENT,debt_consolidation,0,15,,0
50400.0,656,7.0,14800.0,36,15.38,MORTGAGE,other,1,8,30.4,0
58400.0,697,7.0,8300.0,60,14.89,RENT,debt_consolidation,1,11,23.9,0
86000.0,731,3.0,26600.0,36,20.37,RENT,home_improvement,3,8,42.8,1
26900.0,643,0.0,11300.0,36,17.26,RENT,major_purchase,1,14,62.0,1
41900.0,638,2.0,20500.0,36,19.8,OWN,small_business,0,7,59.6,1
34600.0,788,4.0,7500.0,36,12.36,RENT,major_purchase,0,9,34.9,0
58100.0,744,1.0,5900.0,36,14.41,RENT,small_business,1,8,19.9,0
85300.0,731,2.0,9700.0,36,13.05,OWN,credit_card,0,10,,0
37500.0,731,4.0,12500.0,36,15.59,MORTGAGE,medical,1,12,,1
16700.0,710,20.0,8500.0,36,17.14,MORTGAGE,other,0,9,62.1,0
40700.0,811,10.0,16000.0,36,13.31,RENT,credit_card,0,11,50.9,0
73900.0,683,3.0,9800.0,60,17.16,MORTGAGE,credit_card,0,9,30.4,0
62400.0,718,20.0,3900.0,36,10.53,RENT,credit_card,0,9,17.1,0
59400.0,586,7.0,14400.0,36,16.82,RENT,debt_consolidation,0,6,28.2,1
43200.0,626,4.0,7000.0,36,17.44,MORTGAGE,debt_consolidation,0,11,24.7,0
27600.0,602,4.0,9100.0,36,15.68,MORTGAGE,debt_consolidation,0,11,49.3,0
61800.0,763,4.0,23800.0,60,14.98,RENT,medical,0,9,47.9,0
33700.0,514,2.0,26500.0,60,23.87,MORTGAGE,credit_card,1,17,65.0,1
131000.0,654,4.0,8200.0,36,13.92,MORTGAGE,medical,0,12,11.5,0
63400.0,485,5.0,14600.0,36,21.36,MORTGAGE,small_business,0,3,28.3,0
37700.0,626,5.0,8300.0,36,14.87,RENT,debt_consolidation,0,6,35.8,0
37200.0,648,10.0,9500.0,36,16.93,OWN,debt_consolidation,1,8,32.7,0
47000.0,770,3.0,8100.0,60,11.97,RENT,credit_card,0,8,31.3,0
44000.0,706,7.0,4600.0,36,10.51,MORTGAGE,other,0,7,22.5,0
81000.0,626,5.0,11500.0,36,17.88,RENT,major_purchase,2,10,44.5,1
53300.0,749,20.0,12600.0,36,9.9,OWN,major_purchase,0,9,38.9,0
35300.0,681,4.0,7800.0,36,15.63,OWN,major_purchase,1,9,27.6,0
114800.0,682,15.0,18800.0,36,17.52,RENT,credit_card,2,18,43.9,1
50100.0,602,10.0,8800.0,60,14.67,MORTGAGE,debt_consolidation,1,7,33.2,1
69300.0,616,7.0,8000.0,36,15.81,RENT,debt_consolidation,0,9,18.9,0
37300.0,626,7.0,14200.0,60,17.57,RENT,home_improvement,0,11,51.1,1
57700.0,683,1.0,5100.0,36,14.81,MORTGAGE,debt_consolidation,0,12,27.3,0
56400.0,685,20.0,17200.0,60,14.9,RENT,major_purchase,0,11,41.8,0
20900.0,780,1.0,8900.0,36,12.5,RENT,credit_card,0,8,43.0,0
121400.0,705,5.0,17900.0,36,13.33,MORTGAGE,debt_consolidation,0,11,35.2,0
87600.0,504,3.0,20800.0,36,19.72,MORTGAGE,major_purchase,0,9,24.7,0
41000.0,697,4.0,15100.0,36,13.97,RENT,small_business,0,11,51.6,0
29900.0,586,7.0,7300.0,36,16.31,RENT,debt_consolidation,0,11,38.0,0
57300.0,617,15.0,5900.0,36,14.58,RENT,other,0,8,,0
51000.0,627,4.0,5300.0,36,16.45,RENT,credit_card,0,6,12.8,0
57500.0,637,20.0,19000.0,36,15.58,RENT,small_business,0,16,47.7,1
53400.0,591,7.0,10200.0,60,20.02,OWN,other,1,10,33.8,0
61600.0,693,1.0,8100.0,36,16.09,RENT,debt_consolidation,1,3,18.6,0
94000.0,588,2.0,10200.0,36,14.86,MORTGAGE,medical,1,6,20.5,0
63300.0,703,7.0,18800.0,36,14.83,OWN,small_business,0,7,45.0,0
30600.0,825,0.0,16100.0,60,12.56,MORTGAGE,debt_consolidation,0,13,65.0,0
90500.0,594,5.0,13600.0,60,16.65,RENT,home_improvement,0,10,20.5,0
102600.0,662,1.0,15000.0,36,13.57,MORTGAGE,medical,0,11,,0
202500.0,516,4.0,12000.0,60,18.12,OWN,major_purchase,0,7,16.8,0
29600.0,660,10.0,12700.0,60,19.82,RENT,major_purchase,1,15,56.8,0
54700.0,722,4.0,12200.0,36,13.32,RENT,debt_consolidation,0,4,29.0,0
19200.0,727,1.0,10900.0,36,14.93,RENT,debt_consolidation,0,13,63.2,1
62900.0,685,2.0,15900.0,36,14.96,MORTGAGE,credit_card,0,6,33.4,0
38300.0,738,,13100.0,36,16.13,RENT,home_improvement,1,12,35.5,0
116500.0,845,0.0,7000.0,36,10.08,MORTGAGE,other,0,11,11.2,0
34600.0,791,5.0,14200.0,36,9.71,MORTGAGE,credit_card,0,6,45.8,0
22900.0,646,7.0,12400.0,36,17.83,RENT,debt_consolidation,0,10,59.0,0
39700.0,586,0.0,14800.0,36,18.33,MORTGAGE,debt_consolidation,2,8,48.8,1
20200.0,654,4.0,10400.0,60,18.16,RENT,debt_consolidation,0,11,65.0,1
68700.0,618,4.0,16400.0,36,14.23,MORTGAGE,debt_consolidation,0,9,24.2,0
19400.0,709,3.0,10600.0,36,14.45,MORTGAGE,home_improvement,0,10,53.2,0
49700.0,603,5.0,15700.0,60,19.46,MORTGAGE,debt_consolidation,0,10,30.8,1
19200.0,675,3.0,8700.0,36,16.8,RENT,medical,0,5,50.8,1
42400.0,734,4.0,9000.0,36,11.9,MORTGAGE,home_improvement,0,6,28.9,0
102700.0,673,10.0,14800.0,36,14.76,MORTGAGE,medical,1,12,28.6,0
57700.0,618,1.0,9300.0,60,16.86,MORTGAGE,credit_card,0,12,13.0,0
33200.0,756,7.0,33000.0,36,14.68,RENT,home_improvement,0,8,65.0,0
48300.0,558,5.0,14500.0,60,16.75,RENT,credit_card,0,8,32.7,1
49400.0,659,3.0,11100.0,60,12.9,MORTGAGE,other,0,12,39.5,0
60600.0,677,10.0,16500.0,36,12.96,RENT,major_purchase,0,10,33.4,1
26500.0,681,5.0,8600.0,36,14.99,MORTGAGE,home_improvement,0,6,38.4,0
64000.0,692,5.0,17400.0,36,13.76,MORTGAGE,home_improvement,0,5,40.4,0
15000.0,720,7.0,17100.0,36,16.3,RENT,debt_consolidation,0,11,65.0,1
36900.0,678,10.0,20500.0,36,18.46,RENT,small_business,2,14,65.0,1
39400.0,656,20.0,8800.0,60,16.21,MORTGAGE,other,0,11,24.6,0
65200.0,654,7.0,5900.0,36,11.79,MORTGAGE,debt_consolidation,0,12,15.1,0
49500.0,640,15.0,8100.0,36,13.77,MORTGAGE,home_improvement,0,9,20.7,0
26000.0,731,0.0,9500.0,36,14.03,OWN,credit_card,0,12,38.7,0
31500.0,638,5.0,25200.0,36,17.97,MORTGAGE,medical,1,15,65.0,0
53600.0,735,2.0,32800.0,36,16.6,RENT,debt_consolidation,0,6,65.0,0
47300.0,681,1.0,13000.0,36,16.03,MORTGAGE,debt_consolidation,0,8,45.5,0
37800.0,646,5.0,11000.0,60,19.8,RENT,debt_consolidation,1,11,53.1,0
39500.0,720,10.0,9200.0,36,14.44,RENT,debt_consolidation,0,7,31.5,0
67100.0,633,4.0,16500.0,60,16.46,OWN,small_business,0,8,35.7,0
38800.0,721,7.0,32700.0,60,17.81,MORTGAGE,debt_consolidation,0,4,65.0,1
47100.0,694,5.0,26700.0,36,15.35,MORTGAGE,home_improvement,0,12,65.0,0
130200.0,641,4.0,19300.0,36,13.0,OWN,medical,0,13,17.8,0
25800.0,714,3.0,19200.0,36,14.33,RENT,debt_consolidation,0,8,65.0,0
21300.0,716,4.0,16600.0,36,17.56,RENT,debt_consolidation,0,9,65.0,1
69700.0,755,3.0,10700.0,36,9.66,RENT,other,0,10,19.4,0
36100.0,743,7.0,7600.0,36,11.15,RENT,home_improvement,0,11,33.7,0
42500.0,712,1.0,10800.0,36,12.77,RENT,debt_consolidation,0,11,16.2,0
34500.0,607,1.0,13500.0,36,16.25,OWN,debt_consolidation,0,14,41.7,1
43600.0,839,7.0,5300.0,36,9.79,OWN,other,0,10,15.1,0
100600.0,589,5.0,10100.0,36,13.38,MORTGAGE,debt_consolidation,0,9,7.7,0
70300.0,742,4.0,7200.0,36,12.38,MORTGAGE,small_business,1,10,25.8,0
72300.0,708,1.0,18200.0,36,18.05,RENT,debt_consolidation,3,12,43.1,0
25900.0,604,4.0,8300.0,60,19.09,MORTGAGE,credit_card,2,7,43.4,1
29200.0,672,10.0,12900.0,36,14.76,RENT,medical,0,10,59.3,0
15000.0,675,15.0,7700.0,60,14.71,RENT,debt_consolidation,0,9,51.6,0
34100.0,765,7.0,24300.0,36,16.89,RENT,debt_consolidation,0,13,65.0,1
75400.0,634,0.0,4700.0,36,12.61,MORTGAGE,credit_card,0,6,14.0,0
61900.0,663,7.0,13900.0,36,14.02,RENT,home_improvement,0,4,28.6,0
44400.0,528,2.0,5800.0,60,18.03,RENT,debt_consolidation,0,9,19.2,1
48500.0,793,3.0,8500.0,36,10.08,MORTGAGE,credit_card,0,5,19.5,0
36000.0,610,2.0,12100.0,60,18.86,MORTGAGE,debt_consolidation,0,12,36.8,1
53800.0,701,10.0,12400.0,36,15.03,RENT,debt_consolidation,1,8,34.5,0
69200.0,673,7.0,12300.0,36,13.08,RENT,credit_card,0,11,36.3,0
23700.0,674,7.0,11800.0,36,14.78,OWN,other,0,7,45.3,0
56100.0,733,7.0,7900.0,60,14.33,RENT,debt_consolidation,0,5,13.5,0
74600.0,789,2.0,10100.0,60,13.68,MORTGAGE,home_improvement,0,11,28.0,0
40700.0,696,4.0,11100.0,36,15.8,RENT,debt_consolidation,1,5,40.9,0
67200.0,723,7.0,12100.0,60,17.54,MORTGAGE,debt_consolidation,0,10,32.7,0
174000.0,701,7.0,10600.0,60,14.95,MORTGAGE,debt_consolidation,0,10,16.7,0
46800.0,746,10.0,15800.0,36,13.27,MORTGAGE,credit_card,0,8,36.5,1
58500.0,650,3.0,11500.0,36,16.46,RENT,debt_consolidation,0,9,28.1,0
35200.0,750,10.0,12100.0,36,12.51,RENT,home_improvement,0,8,45.5,0
53200.0,752,4.0,9000.0,36,14.42,MORTGAGE,other,0,10,24.3,0
60300.0,750,7.0,6500.0,60,12.71,MORTGAGE,debt_consolidation,0,15,23.1,0
53500.0,637,4.0,11800.0,36,17.2,MORTGAGE,small_business,0,6,36.5,0
31000.0,669,20.0,20000.0,60,17.99,MORTGAGE,debt_consolidation,1,12,65.0,1
53800.0,696,1.0,13700.0,60,15.9,MORTGAGE,debt_consolidation,0,6,28.2,0
94700.0,591,7.0,7300.0,60,18.11,OWN,debt_consolidation,1,7,15.5,0
60000.0,784,5.0,16400.0,36,13.18,MORTGAGE,credit_card,0,10,36.5,0
75600.0,679,1.0,9300.0,36,14.3,MORTGAGE,debt_consolidation,1,4,,0
44100.0,698,0.0,15600.0,36,14.21,MORTGAGE,small_business,0,8,41.1,0
68700.0,642,10.0,9100.0,60,19.51,MORTGAGE,debt_consolidation,0,4,32.0,0
55600.0,594,1.0,13100.0,36,12.3,MORTGAGE,credit_card,0,10,,0
32000.0,641,2.0,8400.0,36,18.51,MORTGAGE,home_improvement,1,8,26.0,0
56600.0,694,20.0,8500.0,36,16.37,MORTGAGE,debt_consolidation,0,3,29.5,0
31400.0,724,7.0,5000.0,36,14.09,MORTGAGE,home_improvement,1,7,,0
36900.0,691,2.0,14100.0,36,16.08,MORTGAGE,debt_consolidation,0,10,40.3,0
53400.0,703,7.0,13200.0,36,9.98,RENT,debt_consolidation,0,14,31.9,0
56000.0,658,5.0,13500.0,36,12.31,RENT,major_purchase,0,13,43.7,0
28700.0,712,10.0,12600.0,60,16.92,RENT,debt_consolidation,1,10,60.5,0
78800.0,776,10.0,7500.0,36,12.63,MORTGAGE,major_purchase,0,10,20.5,0
63400.0,726,10.0,17700.0,60,11.42,OWN,debt_consolidation,0,10,32.4,0
35700.0,733,2.0,18000.0,36,15.32,MORTGAGE,credit_card,0,6,61.8,0
24500.0,699,7.0,7400.0,60,15.18,OWN,debt_consolidation,0,8,35.0,0
45900.0,582,0.0,14300.0,60,20.47,RENT,credit_card,0,8,54.3,1
40100.0,612,0.0,16900.0,60,18.05,MORTGAGE,credit_card,1,9,56.8,1
51600.0,710,7.0,8600.0,36,13.82,RENT,debt_consolidation,0,11,23.3,0
41600.0,679,0.0,9400.0,60,16.84,RENT,credit_card,0,17,25.4,0
19900.0,709,5.0,14300.0,36,20.15,MORTGAGE,debt_consolidation,0,10,65.0,1
41200.0,789,10.0,5100.0,36,6.63,RENT,major_purchase,0,9,17.8,0
42700.0,727,3.0,6300.0,36,10.22,RENT,credit_card,0,8,31.3,0
65200.0,762,0.0,6700.0,36,7.78,RENT,small_business,0,10,18.6,0
35800.0,686,7.0,4500.0,36,11.21,MORTGAGE,major_purchase,0,7,22.5,0
104300.0,628,15.0,18800.0,36,15.17,MORTGAGE,debt_consolidation,0,7,27.1,0
20700.0,676,7.0,4000.0,60,15.63,RENT,debt_consolidation,0,4,22.0,0
88400.0,628,5.0,13000.0,36,11.23,RENT,debt_consolidation,0,6,17.0,0
44300.0,781,2.0,16400.0,36,13.75,RENT,debt_consolidation,2,11,53.6,0
72200.0,731,0.0,9400.0,36,13.84,RENT,debt_consolidation,1,9,29.0,0
50800.0,714,7.0,7800.0,36,12.54,OWN,credit_card,0,13,30.2,0
81900.0,760,2.0,12300.0,36,10.42,OWN,credit_card,0,7,22.0,0
41200.0,549,15.0,10900.0,36,18.05,OWN,debt_consolidation,0,11,30.5,0
29900.0,718,4.0,18100.0,60,15.37,MORTGAGE,debt_consolidation,0,5,65.0,0
92900.0,595,5.0,2900.0,60,16.28,OWN,debt_consolidation,0,8,11.1,0
46600.0,680,10.0,6900.0,36,17.47,MORTGAGE,debt_consolidation,3,8,18.9,0
54200.0,660,10.0,14500.0,36,14.39,OWN,home_improvement,0,5,40.8,0
85400.0,723,7.0,11200.0,36,10.58,MORTGAGE,small_business,0,7,19.9,0
30800.0,695,15.0,15900.0,36,15.68,MORTGAGE,debt_consolidation,1,9,57.1,0
64100.0,767,20.0,12500.0,36,12.87,RENT,major_purchase,0,15,35.6,0
37600.0,641,20.0,10200.0,36,15.85,MORTGAGE,credit_card,0,7,39.2,1
46200.0,726,10.0,9400.0,36,14.76,MORTGAGE,credit_card,2,13,32.6,0
50600.0,691,7.0,35000.0,36,14.5,MORTGAGE,debt_consolidation,0,10,,0
25000.0,574,7.0,23600.0,36,21.15,MORTGAGE,debt_consolidation,0,12,65.0,1
34500.0,620,1.0,14000.0,60,17.69,MORTGAGE,small_business,0,9,57.4,1
90000.0,670,2.0,11400.0,60,16.26,RENT,other,0,12,19.4,0
73000.0,752,0.0,14300.0,60,14.94,RENT,small_business,0,7,32.2,0
47700.0,710,1.0,16500.0,60,16.07,OWN,debt_consolidation,0,9,42.4,0
54700.0,604,4.0,13500.0,36,17.18,MORTGAGE,debt_consolidation,0,6,33.5,0
42900.0,671,,7500.0,60,15.67,RENT,credit_card,0,8,25.7,0
90300.0,811,15.0,26700.0,36,11.32,MORTGAGE,small_business,0,5,47.7,0
44800.0,687,10.0,12400.0,60,15.48,RENT,debt_consolidation,0,9,37.0,0
54400.0,659,0.0,29900.0,60,21.09,RENT,small_business,1,10,64.5,1
82100.0,712,2.0,12000.0,36,10.93,RENT,credit_card,0,9,29.1,0
34600.0,730,10.0,9700.0,36,13.59,OWN,major_purchase,0,9,32.3,0
98900.0,650,10.0,21900.0,36,16.3,MORTGAGE,credit_card,0,11,34.0,0
24600.0,713,,12700.0,36,17.68,MORTGAGE,home_improvement,1,13,65.0,1
102100.0,659,20.0,11700.0,60,16.44,OWN,debt_consolidation,0,6,14.4,0
41500.0,727,20.0,6000.0,60,13.52,OWN,small_business,0,5,21.3,0
43900.0,691,4.0,15200.0,36,17.28,MORTGAGE,medical,1,9,40.7,0
20900.0,711,2.0,8500.0,36,16.43,OWN,medical,0,7,54.6,0
39900.0,631,10.0,8700.0,36,13.43,MORTGAGE,debt_consolidation,0,5,28.9,0
30700.0,627,3.0,8600.0,60,15.89,MORTGAGE,home_improvement,0,8,43.3,0
37300.0,741,10.0,13600.0,60,19.11,MORTGAGE,other,2,11,,1
46100.0,675,5.0,5100.0,36,14.35,RENT,home_improvement,0,14,18.6,0
75400.0,699,10.0,9800.0,36,12.58,RENT,debt_consolidation,0,8,19.2,0
53800.0,660,2.0,17900.0,60,18.46,MORTGAGE,medical,0,4,52.4,0
56300.0,738,5.0,5900.0,36,12.75,RENT,debt_consolidation,0,4,21.3,0
29900.0,640,5.0,11900.0,60,17.04,RENT,debt_consolidation,0,11,53.3,0
33000.0,671,20.0,8000.0,36,14.12,RENT,credit_card,0,8,28.2,0
110100.0,731,2.0,8900.0,36,13.46,MORTGAGE,debt_consolidation,0,8,19.6,0
35200.0,756,15.0,25000.0,36,17.32,RENT,debt_consolidation,1,13,65.0,0
103300.0,646,10.0,4800.0,36,16.45,MORTGAGE,credit_card,0,6,14.0,0
43900.0,807,10.0,16000.0,36,12.53,OWN,home_improvement,0,9,43.1,0
49100.0,700,10.0,8600.0,36,13.04,OWN,other,0,8,32.0,0
79400.0,612,7.0,8400.0,60,15.96,MORTGAGE,small_business,0,6,18.8,0
86900.0,704,2.0,6300.0,60,15.35,OWN,medical,0,4,14.6,0
46600.0,655,2.0,15900.0,36,16.14,RENT,credit_card,0,12,37.0,0
41200.0,708,15.0,9900.0,36,14.49,MORTGAGE,debt_consolidation,0,8,33.7,0
47800.0,677,10.0,9300.0,36,14.52,RENT,home_improvement,1,11,29.1,0
57100.0,685,2.0,11600.0,36,15.25,OWN,small_business,0,9,25.5,0
73200.0,621,7.0,10000.0,36,14.94,RENT,credit_card,0,9,16.7,0
49100.0,744,4.0,4000.0,60,11.37,MORTGAGE,debt_consolidation,0,9,13.7,0
64800.0,605,1.0,8600.0,60,16.87,MORTGAGE,credit_card,0,9,24.3,0
102500.0,608,5.0,17100.0,36,18.31,MORTGAGE,credit_card,0,12,18.9,0
58200.0,704,3.0,5100.0,60,15.06,RENT,debt_consolidation,0,10,32.3,0
56400.0,784,1.0,6300.0,60,11.96,MORTGAGE,medical,0,11,16.3,0
24700.0,657,4.0,8800.0,60,15.66,MORTGAGE,credit_card,0,7,48.8,0
15000.0,726,7.0,7600.0,36,14.64,RENT,small_business,0,12,62.4,0
58400.0,750,0.0,10800.0,60,15.49,MORTGAGE,debt_consolidation,0,9,31.0,0
47000.0,733,4.0,6300.0,36,9.03,OWN,credit_card,0,10,,0
38900.0,660,2.0,9000.0,36,14.75,OWN,other,0,10,41.9,0
54700.0,609,0.0,10700.0,36,13.66,RENT,debt_consolidation,0,13,28.0,1
47700.0,537,1.0,15100.0,36,18.85,RENT,debt_consolidation,0,7,39.2,1
81400.0,663,1.0,20400.0,36,14.87,RENT,credit_card,0,9,35.9,0
51000.0,757,2.0,9600.0,36,12.92,MORTGAGE,credit_card,0,11,37.5,0
35000.0,607,10.0,28100.0,60,22.41,OWN,home_improvement,1,14,65.0,1
76500.0,726,4.0,10000.0,60,12.6,OWN,credit_card,0,12,22.2,0
44500.0,618,1.0,16600.0,60,18.7,OWN,home_improvement,0,12,47.9,1
62100.0,687,1.0,28700.0,36,19.47,MORTGAGE,credit_card,0,8,54.7,1
39500.0,726,3.0,11700.0,60,14.59,MORTGAGE,debt_consolidation,0,15,46.0,0
36600.0,637,10.0,5500.0,36,17.43,RENT,other,0,4,18.6,0
50900.0,691,3.0,11400.0,36,18.04,RENT,debt_consolidation,3,6,41.5,1
49300.0,653,1.0,8100.0,36,12.63,OWN,credit_card,0,9,30.8,0
60800.0,726,4.0,9500.0,60,16.0,MORTGAGE,debt_consolidation,0,4,22.9,0
43400.0,695,5.0,29500.0,36,17.75,MORTGAGE,other,0,10,65.0,0
21500.0,684,0.0,5900.0,60,20.59,RENT,other,3,7,41.3,0
40300.0,781,7.0,12700.0,60,12.92,RENT,credit_card,0,11,40.6,0
70100.0,723,4.0,7100.0,60,15.01,MORTGAGE,debt_consolidation,0,12,20.5,0
42900.0,635,0.0,9400.0,60,19.35,OWN,major_purchase,0,6,33.6,0
43900.0,674,7.0,15900.0,36,14.05,RENT,debt_consolidation,0,9,45.8,0
76400.0,675,7.0,12800.0,60,15.65,RENT,small_business,1,6,32.7,0
35600.0,685,7.0,9800.0,60,12.63,MORTGAGE,other,0,2,31.6,0
24500.0,844,3.0,7900.0,60,14.08,RENT,home_improvement,1,10,51.7,0
45600.0,704,5.0,12800.0,60,18.66,RENT,medical,0,8,36.8,0
39400.0,548,4.0,25700.0,60,25.64,RENT,debt_consolidation,1,7,65.0,1
31700.0,645,7.0,7000.0,36,11.14,MORTGAGE,other,0,10,33.4,0
45300.0,554,5.0,28400.0,60,20.45,MORTGAGE,debt_consolidation,0,12,65.0,1
61200.0,659,1.0,19900.0,36,17.97,OWN,debt_consolidation,0,10,40.9,1
48800.0,551,7.0,21700.0,36,19.16,MORTGAGE,medical,0,9,44.3,1
56300.0,623,7.0,12800.0,36,16.81,MORTGAGE,credit_card,2,9,37.6,1
110900.0,581,3.0,19600.0,36,16.39,RENT,major_purchase,0,11,27.8,0
42000.0,705,15.0,6600.0,36,9.93,MORTGAGE,major_purchase,0,10,29.1,0
55600.0,680,10.0,7800.0,60,17.91,MORTGAGE,home_improvement,1,9,21.4,0
39000.0,700,1.0,16000.0,60,16.36,RENT,debt_consolidation,0,4,40.5,0
33500.0,673,15.0,12700.0,36,18.1,MORTGAGE,small_business,0,12,49.1,0
37700.0,589,4.0,10200.0,36,14.99,RENT,debt_consolidation,0,7,33.7,0
39500.0,713,10.0,3100.0,60,14.02,MORTGAGE,debt_consolidation,1,16,25.9,0
57600.0,805,10.0,8800.0,36,8.75,MORTGAGE,home_improvement,0,1,18.7,0
141100.0,707,5.0,6100.0,36,13.31,MORTGAGE,other,0,6,2.0,0
35500.0,652,4.0,14000.0,36,16.11,OWN,major_purchase,0,11,52.4,0
40600.0,587,15.0,9900.0,60,20.05,OWN,debt_consolidation,0,17,31.9,0
47600.0,621,2.0,8000.0,36,15.92,MORTGAGE,major_purchase,0,9,29.4,0
58600.0,709,2.0,40000.0,60,20.04,OWN,other,1,5,65.0,1
55200.0,750,3.0,18400.0,36,11.85,RENT,debt_consolidation,0,8,36.9,0
87400.0,697,15.0,18500.0,36,13.89,RENT,debt_consolidation,0,8,37.1,0
16500.0,732,,32900.0,36,16.32,RENT,debt_consolidation,0,11,65.0,1
16700.0,726,2.0,16300.0,36,15.92,RENT,credit_card,0,10,65.0,1
39200.0,713,15.0,7400.0,36,11.86,RENT,debt_consolidation,0,10,23.2,0
80300.0,637,2.0,7000.0,36,15.05,OWN,credit_card,1,11,21.7,0
24200.0,691,20.0,17700.0,36,18.32,MORTGAGE,small_business,0,6,65.0,1
15000.0,625,7.0,3900.0,36,17.54,MORTGAGE,credit_card,0,6,38.9,0
63400.0,681,0.0,10500.0,60,14.51,RENT,other,0,12,24.1,0
54700.0,702,0.0,3700.0,60,17.01,MORTGAGE,credit_card,0,9,20.8,0
30000.0,789,1.0,11500.0,60,13.21,MORTGAGE,debt_consolidation,0,8,50.0,0
31500.0,595,2.0,16800.0,60,20.04,RENT,credit_card,2,7,65.0,1
31700.0,711,10.0,12600.0,36,14.79,OWN,other,0,14,54.9,0
51500.0,776,2.0,17500.0,36,11.59,RENT,debt_consolidation,0,11,32.9,0
37000.0,729,20.0,29200.0,36,17.45,OWN,debt_consolidation,0,11,65.0,1
61200.0,734,7.0,10200.0,36,11.6,RENT,small_business,0,9,29.0,0
15000.0,718,7.0,40000.0,36,16.46,MORTGAGE,debt_consolidation,0,6,65.0,1
33300.0,764,2.0,12200.0,60,12.62,OWN,major_purchase,0,11,35.1,0
29500.0,609,15.0,17600.0,60,21.07,MORTGAGE,credit_card,0,8,65.0,1
43700.0,590,7.0,8100.0,36,17.23,MORTGAGE,major_purchase,1,9,27.4,0
38500.0,680,15.0,24600.0,36,16.23,MORTGAGE,credit_card,0,10,65.0,1
70200.0,540,20.0,18400.0,36,17.61,RENT,debt_consolidation,0,9,45.5,1
21200.0,760,1.0,22800.0,60,17.96,RENT,credit_card,0,3,65.0,1
50000.0,759,1.0,11200.0,36,12.51,RENT,debt_consolidation,0,7,32.4,0
63000.0,652,10.0,5800.0,36,13.75,RENT,major_purchase,0,6,14.2,0
113000.0,656,15.0,13800.0,60,14.88,OWN,home_improvement,0,9,22.6,0
39500.0,675,5.0,4700.0,60,16.91,MORTGAGE,major_purchase,1,15,28.8,0
56700.0,683,3.0,9200.0,36,12.08,RENT,credit_card,0,7,29.4,0
21800.0,688,7.0,12000.0,36,18.25,MORTGAGE,small_business,0,7,65.0,0
16700.0,716,3.0,35900.0,36,13.67,RENT,debt_consolidation,0,7,65.0,1
71700.0,669,2.0,12800.0,60,14.71,RENT,debt_consolidation,1,9,24.9,0
48900.0,741,5.0,11700.0,36,14.12,MORTGAGE,debt_consolidation,0,7,26.7,0
83300.0,709,2.0,10600.0,60,11.83,RENT,major_purchase,0,11,22.1,0
26400.0,641,5.0,5600.0,36,17.75,RENT,credit_card,1,6,28.8,0
61900.0,767,20.0,11400.0,36,11.53,MORTGAGE,credit_card,0,8,23.9,0
113700.0,592,10.0,11500.0,60,16.83,OWN,medical,0,3,27.5,0
59200.0,674,,6700.0,36,15.65,MORTGAGE,credit_card,0,8,24.0,0
55500.0,743,10.0,6000.0,36,15.54,RENT,home_improvement,3,11,29.6,0
49200.0,633,3.0,8600.0,36,15.88,RENT,other,0,11,23.9,0
24200.0,700,10.0,11300.0,60,17.33,MORTGAGE,credit_card,0,5,59.0,0
90200.0,715,15.0,8700.0,36,10.78,MORTGAGE,major_purchase,0,12,15.1,0
37200.0,624,20.0,6500.0,36,15.65,OWN,credit_card,0,11,33.2,0
61500.0,675,7.0,12600.0,36,11.97,OWN,debt_consolidation,0,6,34.8,0
24300.0,670,2.0,14300.0,36,18.34,OWN,major_purchase,0,9,65.0,0
28800.0,644,0.0,11600.0,60,18.42,MORTGAGE,other,0,13,46.1,0
93500.0,830,1.0,8300.0,36,11.89,MORTGAGE,credit_card,2,13,19.5,0
41900.0,630,20.0,14700.0,36,20.18,MORTGAGE,credit_card,2,5,62.6,1
94300.0,745,4.0,9900.0,36,12.22,MORTGAGE,credit_card,0,11,5.0,0
47300.0,654,15.0,6000.0,60,16.15,RENT,other,1,3,31.1,1
21400.0,609,4.0,18400.0,36,18.08,MORTGAGE,other,1,8,65.0,1
73200.0,687,7.0,13100.0,60,14.73,RENT,debt_consolidation,0,6,33.3,0
37600.0,722,0.0,10300.0,36,16.18,OWN,major_purchase,0,11,40.9,0
67100.0,740,2.0,5000.0,36,10.02,RENT,home_improvement,0,9,14.5,0
49600.0,782,4.0,7500.0,36,11.42,MORTGAGE,debt_consolidation,0,12,16.1,0
24500.0,850,7.0,30000.0,36,12.12,RENT,credit_card,1,13,65.0,1
52800.0,696,1.0,5100.0,36,11.84,MORTGAGE,debt_consolidation,0,6,17.3,0
131700.0,637,10.0,9600.0,36,12.58,RENT,medical,0,16,8.8,0
61200.0,709,3.0,10800.0,36,14.76,MORTGAGE,debt_consolidation,0,13,29.4,0
47800.0,663,10.0,12800.0,60,17.66,RENT,medical,0,10,41.0,0
79500.0,740,1.0,5200.0,60,13.23,MORTGAGE,other,0,9,25.9,0
53900.0,596,7.0,11900.0,36,15.91,RENT,debt_consolidation,0,5,39.6,0
53900.0,834,3.0,4700.0,36,10.18,MORTGAGE,small_business,1,14,12.1,0
30000.0,736,10.0,11500.0,60,17.85,MORTGAGE,credit_card,1,12,52.5,0
54500.0,571,4.0,7900.0,36,16.41,MORTGAGE,other,0,8,24.8,1
78100.0,634,7.0,7100.0,60,15.61,RENT,major_purchase,0,10,26.1,0
33700.0,733,15.0,16600.0,36,16.85,MORTGAGE,small_business,0,4,51.3,0
93100.0,756,0.0,9700.0,60,11.1,MORTGAGE,other,0,6,20.2,0
47000.0,597,0.0,13900.0,36,16.23,MORTGAGE,debt_consolidation,0,10,33.7,0
32900.0,726,10.0,14100.0,36,13.4,RENT,credit_card,0,8,51.5,0
76800.0,553,7.0,20600.0,36,18.57,RENT,medical,0,7,38.6,1
43100.0,674,3.0,6000.0,36,12.42,MORTGAGE,debt_consolidation,0,7,26.0,0
69000.0,752,5.0,17300.0,36,15.57,RENT,other,2,8,36.6,0
43000.0,644,0.0,11000.0,36,12.72,MORTGAGE,small_business,0,8,30.6,1
47700.0,582,2.0,9100.0,36,17.82,MORTGAGE,credit_card,0,16,35.2,0
61200.0,690,4.0,6200.0,36,14.39,RENT,debt_consolidation,0,10,18.4,0
55900.0,641,10.0,14800.0,36,19.6,MORTGAGE,debt_consolidation,3,12,43.8,1
20000.0,721,5.0,6900.0,36,11.58,MORTGAGE,debt_consolidation,0,14,34.7,0
29600.0,622,5.0,14200.0,36,19.76,RENT,credit_card,1,7,56.6,1
74500.0,630,15.0,28700.0,36,14.47,RENT,medical,0,9,52.8,0
46200.0,549,3.0,17900.0,36,19.99,MORTGAGE,credit_card,0,9,48.1,0
38700.0,691,7.0,21900.0,60,15.08,RENT,credit_card,0,13,45.8,0
26600.0,670,15.0,7600.0,60,14.52,MORTGAGE,debt_consolidation,1,5,33.0,0
30200.0,603,2.0,16000.0,36,18.56,OWN,debt_consolidation,1,14,65.0,1
19700.0,693,3.0,6200.0,36,16.9,OWN,other,0,7,48.9,0
46800.0,747,20.0,9700.0,36,14.95,MORTGAGE,debt_consolidation,1,6,29.1,0
37400.0,666,20.0,26100.0,36,15.41,MORTGAGE,debt_consolidation,0,13,65.0,0
31700.0,697,2.0,8100.0,36,15.32,MORTGAGE,major_purchase,0,8,28.4,0
47500.0,698,0.0,19100.0,36,13.17,RENT,credit_card,0,6,50.8,0
57700.0,602,2.0,18200.0,36,16.78,RENT,debt_consolidation,0,16,38.1,1
125700.0,814,4.0,18700.0,36,12.61,RENT,other,0,8,23.2,0
24800.0,649,4.0,5800.0,36,15.69,OWN,home_improvement,0,7,25.0,0
82600.0,723,7.0,14200.0,36,17.27,MORTGAGE,debt_consolidation,3,6,31.4,0
76000.0,730,15.0,10100.0,36,13.09,MORTGAGE,medical,0,12,25.8,0
34500.0,671,3.0,18800.0,36,17.48,MORTGAGE,debt_consolidation,0,11,65.0,1
53700.0,719,10.0,4800.0,36,13.48,MORTGAGE,credit_card,1,9,28.4,0
39900.0,696,1.0,13100.0,36,13.48,RENT,major_purchase,0,8,39.8,0
53300.0,588,0.0,12200.0,36,14.11,MORTGAGE,other,0,12,37.0,0
96700.0,658,5.0,4000.0,36,13.16,MORTGAGE,credit_card,0,4,11.9,0
64400.0,640,0.0,7000.0,60,15.2,MORTGAGE,debt_consolidation,0,6,20.0,0
61600.0,650,4.0,4400.0,36,13.39,MORTGAGE,credit_card,0,7,15.0,0
40400.0,595,15.0,7600.0,36,13.0,MORTGAGE,other,0,7,23.6,0
25100.0,753,2.0,14400.0,36,15.37,OWN,home_improvement,0,7,64.8,0
44600.0,784,7.0,12100.0,36,13.12,MORTGAGE,home_improvement,1,3,29.0,0
84400.0,744,3.0,11900.0,60,11.84,MORTGAGE,debt_consolidation,1,10,22.5,0
24700.0,763,0.0,6500.0,60,12.84,MORTGAGE,home_improvement,0,8,36.6,0
30500.0,658,5.0,19200.0,36,18.16,MORTGAGE,medical,0,10,60.5,0
51900.0,639,10.0,10800.0,36,11.7,MORTGAGE,credit_card,0,7,12.8,0
31500.0,629,4.0,11100.0,36,15.8,RENT,debt_consolidation,0,11,39.8,0
34300.0,722,7.0,17500.0,60,14.85,RENT,credit_card,1,11,62.3,1
40500.0,695,15.0,6700.0,60,14.58,RENT,credit_card,0,11,17.8,0
26500.0,675,10.0,12300.0,36,13.29,RENT,credit_card,0,9,52.8,0
31600.0,764,2.0,13500.0,36,13.05,MORTGAGE,debt_consolidation,0,6,47.7,0
67300.0,706,10.0,8300.0,60,14.89,MORTGAGE,debt_consolidation,1,6,22.1,0
27200.0,625,5.0,15200.0,36,16.12,MORTGAGE,major_purchase,0,12,46.9,0
23900.0,636,10.0,13900.0,36,18.86,RENT,credit_card,0,7,65.0,0
36900.0,724,5.0,10400.0,36,14.13,RENT,other,1,15,54.1,0
68100.0,748,1.0,10200.0,36,7.76,MORTGAGE,small_business,0,6,18.3,0
44900.0,716,5.0,14200.0,60,12.92,MORTGAGE,credit_card,0,13,36.4,0
39800.0,803,5.0,16200.0,60,14.39,OWN,debt_consolidation,0,9,56.0,0
50000.0,786,5.0,11300.0,36,13.93,OWN,small_business,0,13,25.3,0
22300.0,709,15.0,19200.0,36,17.91,OWN,debt_consolidation,0,6,65.0,0
61200.0,625,15.0,15200.0,36,12.8,MORTGAGE,other,0,9,30.5,0
58300.0,595,4.0,4500.0,36,14.49,MORTGAGE,debt_consolidation,0,12,11.6,0
40800.0,655,4.0,5400.0,36,13.16,RENT,debt_consolidation,0,6,20.9,0
77100.0,729,5.0,19800.0,36,13.79,RENT,debt_consolidation,0,7,23.7,0
29500.0,799,5.0,9700.0,60,10.68,RENT,home_improvement,0,8,41.1,0
81400.0,707,20.0,11900.0,36,12.37,RENT,major_purchase,1,10,22.4,0
52600.0,756,7.0,19300.0,36,13.33,RENT,debt_consolidation,0,10,42.5,0
42100.0,664,2.0,10900.0,36,15.71,MORTGAGE,home_improvement,0,10,31.4,0
48600.0,720,5.0,11100.0,36,13.0,MORTGAGE,debt_consolidation,0,4,32.3,0
46700.0,734,7.0,7100.0,36,14.35,MORTGAGE,credit_card,0,10,16.9,0
84900.0,551,7.0,13200.0,36,16.31,OWN,debt_consolidation,1,9,24.4,0
30200.0,653,5.0,14700.0,36,17.37,OWN,credit_card,0,5,60.4,0
34800.0,742,1.0,8200.0,36,14.62,OWN,credit_card,1,9,34.4,0
78100.0,698,0.0,6900.0,36,13.21,MORTGAGE,debt_consolidation,0,6,13.3,0
37500.0,602,3.0,40000.0,36,15.67,MORTGAGE,small_business,0,3,65.0,1
73500.0,522,4.0,10400.0,36,18.15,MORTGAGE,home_improvement,1,8,11.5,0
105300.0,656,0.0,7800.0,36,12.03,MORTGAGE,home_improvement,0,11,14.6,0
40900.0,675,10.0,15600.0,36,15.58,OWN,credit_card,0,11,43.4,0
66600.0,623,3.0,10700.0,36,14.08,OWN,small_business,0,8,28.0,0
29200.0,689,15.0,6400.0,36,13.65,MORTGAGE,credit_card,0,12,29.8,0
68800.0,713,1.0,13900.0,36,12.63,MORTGAGE,other,0,13,26.5,0
53600.0,724,0.0,7100.0,36,15.02,OWN,other,2,6,22.2,0
60600.0,527,5.0,24100.0,36,21.66,OWN,small_business,0,12,49.4,1
36700.0,595,2.0,14000.0,36,14.91,MORTGAGE,other,0,12,46.1,1
23200.0,660,15.0,9500.0,36,15.14,MORTGAGE,other,0,10,51.3,1
61500.0,717,0.0,11600.0,36,10.95,MORTGAGE,debt_consolidation,0,4,23.3,0
19400.0,712,4.0,17200.0,60,16.87,MORTGAGE,other,0,11,65.0,0
42500.0,711,15.0,12000.0,36,12.06,MORTGAGE,debt_consolidation,0,6,40.1,0
74900.0,655,4.0,31600.0,60,21.48,RENT,debt_consolidation,0,9,57.9,1
53400.0,659,1.0,19300.0,36,16.07,MORTGAGE,other,0,7,55.7,0
117800.0,633,3.0,14000.0,36,15.22,MORTGAGE,debt_consolidation,0,13,24.9,0
77800.0,730,5.0,6800.0,60,13.45,MORTGAGE,home_improvement,0,8,18.8,0
36500.0,620,2.0,10200.0,60,21.05,RENT,other,1,6,31.7,1
49600.0,735,4.0,13900.0,36,13.56,RENT,debt_consolidation,0,6,37.8,0
48000.0,694,10.0,7200.0,36,13.28,OWN,debt_consolidation,0,11,31.7,0
24100.0,677,15.0,20900.0,36,18.02,RENT,home_improvement,0,10,65.0,1
32100.0,637,0.0,6700.0,60,19.04,RENT,major_purchase,0,7,34.8,0
38100.0,592,1.0,8000.0,36,17.64,MORTGAGE,major_purchase,0,13,24.7,0
19600.0,638,2.0,8300.0,36,16.14,RENT,medical,0,11,57.4,1
50100.0,659,7.0,15900.0,36,15.5,MORTGAGE,debt_consolidation,0,9,31.9,0
43800.0,526,3.0,7300.0,36,17.93,RENT,credit_card,0,8,20.5,1
23100.0,667,10.0,4400.0,60,15.16,MORTGAGE,small_business,0,13,31.8,0
58800.0,740,7.0,18800.0,60,16.53,MORTGAGE,small_business,0,16,34.1,0
67700.0,717,1.0,8800.0,36,12.62,OWN,debt_consolidation,0,6,20.2,0
54300.0,648,7.0,6400.0,36,13.02,RENT,debt_consolidation,0,5,28.0,0
42400.0,683,1.0,7500.0,60,13.69,RENT,debt_consolidation,0,8,25.7,0
64000.0,644,2.0,25800.0,36,17.93,OWN,medical,0,7,56.0,1
66600.0,690,1.0,7900.0,36,11.43,MORTGAGE,other,0,6,23.3,0
56300.0,780,1.0,10300.0,36,10.57,MORTGAGE,debt_consolidation,0,9,38.9,0
33800.0,743,7.0,8700.0,36,11.07,RENT,debt_consolidation,0,7,35.9,0
55500.0,714,5.0,5900.0,60,13.03,MORTGAGE,credit_card,0,5,12.0,0
83900.0,648,,7500.0,36,11.92,RENT,other,0,7,19.4,0
37500.0,729,20.0,5700.0,36,16.46,RENT,other,2,9,38.7,0
126000.0,570,4.0,17600.0,60,17.52,MORTGAGE,home_improvement,0,11,16.8,0
38700.0,664,1.0,11500.0,36,20.37,OWN,debt_consolidation,2,7,38.1,1
49700.0,718,1.0,37800.0,36,15.66,RENT,debt_consolidation,0,10,65.0,0
36200.0,728,5.0,7700.0,60,15.17,RENT,credit_card,0,5,24.0,0
54200.0,724,20.0,7100.0,36,12.23,RENT,other,0,8,21.9,0
22400.0,699,5.0,23500.0,36,18.17,MORTGAGE,debt_consolidation,0,9,65.0,0
38300.0,667,20.0,18600.0,36,15.32,MORTGAGE,major_purchase,0,13,62.1,0
30000.0,715,4.0,13300.0,36,16.05,RENT,debt_consolidation,0,6,49.6,0
52100.0,618,4.0,6300.0,60,15.73,MORTGAGE,credit_card,0,6,22.1,0
76700.0,625,5.0,26200.0,36,14.59,RENT,major_purchase,0,9,35.3,0
65600.0,684,7.0,10600.0,60,13.56,RENT,small_business,0,5,17.4,0
16900.0,691,3.0,8800.0,36,14.72,RENT,major_purchase,0,6,65.0,0
122900.0,561,15.0,19400.0,60,20.19,RENT,major_purchase,0,12,33.8,0
56000.0,710,0.0,10800.0,36,13.96,RENT,debt_consolidation,0,5,18.0,0
34600.0,730,4.0,6100.0,36,10.25,RENT,credit_card,0,9,17.8,0
52600.0,675,5.0,11200.0,60,14.73,MORTGAGE,major_purchase,0,13,25.4,0
53100.0,834,7.0,7400.0,36,7.6,RENT,debt_consolidation,0,14,19.9,0
36300.0,636,2.0,2400.0,36,13.01,RENT,credit_card,0,6,18.5,0
53600.0,657,4.0,7000.0,60,14.78,RENT,other,0,10,10.7,0
37300.0,654,5.0,8400.0,60,17.31,RENT,medical,0,9,22.3,1
40900.0,675,7.0,6100.0,60,13.0,RENT,major_purchase,0,6,22.0,0
36000.0,659,10.0,14600.0,36,15.15,RENT,debt_consolidation,0,5,45.5,0
25700.0,589,10.0,7400.0,36,18.07,OWN,medical,1,17,33.3,0
52300.0,644,3.0,13900.0,36,15.84,MORTGAGE,other,0,8,26.3,0
63800.0,674,20.0,5900.0,36,14.11,MORTGAGE,home_improvement,0,10,13.0,0
61800.0,760,10.0,17200.0,36,12.05,MORTGAGE,debt_consolidation,1,13,39.2,0
70900.0,823,2.0,5800.0,36,9.65,MORTGAGE,credit_card,1,6,12.5,0
56700.0,767,2.0,3400.0,36,8.7,MORTGAGE,major_purchase,0,8,2.6,0
38600.0,630,3.0,20300.0,36,18.83,MORTGAGE,major_purchase,0,10,65.0,1
71500.0,635,4.0,7100.0,36,13.06,MORTGAGE,debt_consolidation,0,11,18.1,0
26600.0,670,15.0,26300.0,36,19.09,OWN,debt_consolidation,0,11,,1
32700.0,796,10.0,14500.0,60,14.34,RENT,small_business,1,10,57.1,0
31800.0,669,15.0,16200.0,36,17.08,RENT,small_business,0,4,61.2,1
79700.0,594,2.0,18400.0,36,19.37,RENT,credit_card,1,11,36.2,1
74900.0,647,7.0,11600.0,36,19.3,MORTGAGE,credit_card,0,15,29.9,0
61000.0,729,3.0,11600.0,36,9.56,MORTGAGE,home_improvement,0,8,16.7,0
79400.0,725,1.0,20800.0,36,13.97,OWN,debt_consolidation,0,12,40.6,0
33000.0,667,7.0,11600.0,36,18.45,RENT,debt_consolidation,0,9,42.2,0
57300.0,724,1.0,7600.0,36,9.9,MORTGAGE,home_improvement,0,13,21.3,0
46300.0,532,7.0,14700.0,60,20.86,MORTGAGE,debt_consolidation,0,13,39.5,0
71800.0,687,7.0,3800.0,36,13.71,MORTGAGE,major_purchase,1,3,17.1,0
46500.0,736,10.0,21200.0,36,12.68,MORTGAGE,major_purchase,0,12,61.1,1
41200.0,626,1.0,21400.0,36,18.45,RENT,small_business,0,7,60.5,1
62500.0,626,10.0,19900.0,60,19.1,MORTGAGE,other,0,4,35.5,0
72700.0,559,20.0,19500.0,36,16.45,RENT,debt_consolidation,0,9,44.4,0
36300.0,783,15.0,10500.0,60,12.49,MORTGAGE,debt_consolidation,0,10,32.8,0
47700.0,633,10.0,10400.0,60,17.0,MORTGAGE,debt_consolidation,0,10,17.3,0
30400.0,696,7.0,5900.0,36,14.28,OWN,major_purchase,0,9,23.2,0
15900.0,719,4.0,26200.0,36,14.6,OWN,credit_card,0,8,65.0,0
53600.0,778,10.0,8600.0,36,13.52,MORTGAGE,debt_consolidation,2,12,29.5,0
64500.0,670,10.0,13000.0,36,14.24,RENT,debt_consolidation,0,7,25.0,0
55200.0,645,7.0,12400.0,36,18.61,MORTGAGE,medical,3,11,38.4,1
20400.0,691,10.0,5600.0,60,17.37,RENT,small_business,0,9,33.8,0
41900.0,763,4.0,4600.0,36,12.59,MORTGAGE,credit_card,0,10,16.3,0
18100.0,669,1.0,11000.0,36,21.75,RENT,other,3,12,65.0,1
90800.0,618,5.0,8700.0,36,12.74,RENT,medical,0,7,16.9,0
30100.0,580,2.0,10500.0,36,17.95,MORTGAGE,debt_consolidation,0,9,47.6,0
86200.0,601,4.0,18600.0,60,18.71,RENT,credit_card,0,10,21.0,0
75000.0,736,0.0,12200.0,36,13.75,OWN,credit_card,1,12,29.9,0
32700.0,659,4.0,16000.0,36,17.05,MORTGAGE,medical,2,13,62.7,1
29400.0,641,10.0,13700.0,36,16.85,MORTGAGE,debt_consolidation,0,10,52.4,1
57400.0,633,5.0,9300.0,60,15.18,RENT,credit_card,0,11,17.2,0
33500.0,686,0.0,6600.0,36,15.52,RENT,home_improvement,2,8,36.7,1
51300.0,664,4.0,12500.0,36,14.84,MORTGAGE,other,0,7,35.3,0
39400.0,662,3.0,11400.0,60,18.78,MORTGAGE,medical,0,13,46.1,0
22000.0,768,5.0,17300.0,60,19.03,MORTGAGE,credit_card,3,7,65.0,1
18000.0,780,4.0,10100.0,36,12.98,RENT,home_improvement,0,10,60.0,0
54300.0,575,15.0,9400.0,36,16.37,MORTGAGE,medical,0,13,23.2,0
38100.0,701,0.0,9800.0,60,15.05,MORTGAGE,small_business,0,11,28.3,0
38200.0,630,7.0,6900.0,60,15.14,MORTGAGE,medical,0,7,13.2,0
67000.0,664,15.0,22500.0,36,15.81,MORTGAGE,medical,1,10,45.7,1
83100.0,700,20.0,19300.0,36,15.02,OWN,major_purchase,0,16,29.3,0
43400.0,666,1.0,6000.0,36,13.83,MORTGAGE,debt_consolidation,0,4,11.9,0
42100.0,695,5.0,16300.0,36,14.08,RENT,debt_consolidation,0,3,52.4,0
61400.0,724,0.0,4300.0,36,10.18,MORTGAGE,credit_card,0,7,16.8,0
26600.0,699,5.0,17900.0,36,15.81,MORTGAGE,home_improvement,0,12,65.0,0
54200.0,638,1.0,7700.0,60,15.69,RENT,debt_consolidation,0,5,25.1,1
62800.0,639,10.0,13100.0,36,13.86,MORTGAGE,debt_consolidation,0,6,26.1,0
66600.0,586,1.0,4200.0,60,17.66,MORTGAGE,credit_card,0,9,12.5,0
20500.0,624,5.0,6000.0,36,14.76,MORTGAGE,other,0,10,30.9,0
34800.0,808,5.0,13800.0,36,12.76,OWN,credit_card,1,9,52.8,0
33000.0,629,20.0,7700.0,36,16.13,MORTGAGE,debt_consolidation,0,8,32.7,0
51300.0,602,7.0,7200.0,36,14.63,RENT,debt_consolidation,0,14,20.2,0
60900.0,701,3.0,22000.0,36,17.63,MORTGAGE,debt_consolidation,1,9,51.2,0
96100.0,673,2.0,33000.0,36,16.22,MORTGAGE,other,0,4,44.7,0
39200.0,667,1.0,17500.0,60,18.02,RENT,other,0,9,43.0,1
39200.0,772,10.0,6300.0,36,14.33,RENT,credit_card,0,11,26.7,0
82200.0,716,7.0,26400.0,60,15.14,RENT,home_improvement,0,6,39.0,0
56000.0,646,7.0,5000.0,60,17.07,RENT,major_purchase,0,7,27.2,0
86700.0,652,0.0,9400.0,60,13.5,MORTGAGE,debt_consolidation,0,8,10.5,0
55800.0,647,10.0,11200.0,36,20.0,RENT,credit_card,3,13,36.5,0
29100.0,737,7.0,28600.0,60,17.77,RENT,home_improvement,0,6,,0
26900.0,660,20.0,17300.0,36,18.73,RENT,medical,0,13,65.0,1
24400.0,563,5.0,8700.0,60,19.41,MORTGAGE,small_business,0,5,35.5,0
66000.0,677,3.0,6800.0,36,12.9,RENT,credit_card,0,6,16.0,0
83700.0,580,4.0,18100.0,36,17.69,RENT,other,0,13,36.1,0
112700.0,822,1.0,8400.0,60,10.79,RENT,home_improvement,0,11,11.7,0
71600.0,617,10.0,12200.0,36,20.43,RENT,major_purchase,0,9,34.1,0
82700.0,669,7.0,5500.0,36,14.32,RENT,credit_card,1,8,9.6,0
37800.0,697,2.0,14500.0,36,17.04,MORTGAGE,debt_consolidation,1,6,51.7,0
29100.0,661,1.0,14000.0,36,18.0,RENT,debt_consolidation,0,8,52.8,1
71900.0,661,0.0,5900.0,60,11.66,RENT,other,0,12,13.7,0
59200.0,707,15.0,18300.0,36,15.08,RENT,debt_consolidation,0,5,51.1,0
51400.0,779,2.0,14400.0,60,13.26,OWN,home_improvement,0,9,40.9,0
58400.0,730,3.0,15800.0,36,13.57,RENT,credit_card,0,6,41.1,0
56700.0,776,3.0,9100.0,36,11.47,OWN,credit_card,0,12,24.0,0
87400.0,612,4.0,12000.0,36,16.95,MORTGAGE,credit_card,0,7,27.4,0
87800.0,701,7.0,11300.0,36,12.71,MORTGAGE,debt_consolidation,0,13,23.6,0
62600.0,690,15.0,10200.0,60,18.06,MORTGAGE,debt_consolidation,0,12,31.4,0
71700.0,703,2.0,11900.0,60,15.72,MORTGAGE,debt_consolidation,0,9,20.0,0
61800.0,769,7.0,20500.0,36,12.73,MORTGAGE,debt_consolidation,0,13,43.9,0
39800.0,666,3.0,18700.0,36,15.07,MORTGAGE,debt_consolidation,1,3,51.0,1
68900.0,654,20.0,6100.0,36,13.48,MORTGAGE,small_business,0,7,12.7,0
26200.0,715,3.0,17900.0,36,15.75,RENT,debt_consolidation,0,13,65.0,1
78800.0,564,0.0,19800.0,60,18.02,MORTGAGE,debt_consolidation,0,9,26.9,0
28600.0,665,5.0,10100.0,60,15.45,MORTGAGE,home_improvement,0,6,41.0,0
55700.0,671,1.0,14100.0,36,15.31,RENT,debt_consolidation,0,9,30.6,0
33500.0,620,0.0,14000.0,60,17.5,OWN,other,0,9,65.0,1
62900.0,749,7.0,7200.0,36,13.5,RENT,credit_card,0,9,15.4,0
48300.0,611,10.0,9000.0,36,20.36,OWN,other,3,12,32.3,1
23900.0,671,4.0,15900.0,60,21.48,MORTGAGE,debt_consolidation,2,5,65.0,1
59200.0,699,7.0,8500.0,36,16.94,MORTGAGE,debt_consolidation,0,12,27.1,0
37800.0,768,5.0,17800.0,36,15.14,OWN,home_improvement,0,8,60.4,0
72900.0,679,7.0,21000.0,36,15.34,MORTGAGE,debt_consolidation,0,10,41.6,0
49100.0,741,7.0,19400.0,36,12.7,RENT,home_improvement,0,6,42.1,0
58600.0,726,,29400.0,36,15.37,MORTGAGE,credit_card,0,9,61.7,0
31900.0,688,2.0,10500.0,36,14.53,RENT,credit_card,1,18,36.2,0
37600.0,609,2.0,12000.0,36,15.69,MORTGAGE,medical,0,10,33.9,0
39900.0,587,4.0,12800.0,36,18.07,OWN,debt_consolidation,1,8,50.9,0
72100.0,687,4.0,10600.0,36,17.06,RENT,credit_card,1,7,29.1,0
104300.0,645,10.0,14300.0,36,13.72,RENT,credit_card,0,8,12.3,0
34100.0,740,3.0,4600.0,36,10.95,MORTGAGE,home_improvement,0,12,32.5,0
79600.0,728,1.0,12100.0,60,15.01,RENT,debt_consolidation,0,6,26.7,0
18500.0,668,2.0,5500.0,60,16.19,RENT,credit_card,0,10,30.3,0
28600.0,605,2.0,6800.0,36,14.53,MORTGAGE,credit_card,0,7,28.2,0
31800.0,713,10.0,15800.0,60,16.69,MORTGAGE,other,0,5,65.0,0
26700.0,614,5.0,9900.0,36,17.04,MORTGAGE,small_business,0,12,54.0,0
24000.0,631,7.0,15500.0,36,22.52,MORTGAGE,debt_consolidation,0,13,64.0,1
59000.0,616,4.0,9800.0,36,19.44,OWN,credit_card,2,9,29.2,1
44500.0,671,15.0,19000.0,36,17.64,OWN,major_purchase,0,7,48.7,0
58100.0,756,20.0,9700.0,36,11.03,MORTGAGE,credit_card,0,10,16.6,0
66900.0,680,7.0,4100.0,36,13.05,RENT,credit_card,1,11,15.0,0
55200.0,651,15.0,12200.0,36,11.86,RENT,credit_card,0,11,24.1,0
65900.0,581,5.0,3700.0,36,19.46,OWN,credit_card,3,9,26.9,1
47500.0,716,15.0,5300.0,36,15.08,MORTGAGE,debt_consolidation,0,8,21.3,0
28700.0,629,10.0,7000.0,36,17.57,OWN,small_business,1,11,45.3,0
78900.0,688,20.0,6600.0,36,16.05,MORTGAGE,home_improvement,1,7,33.2,0
37600.0,657,7.0,8300.0,36,15.05,OWN,debt_consolidation,0,6,33.2,0
32200.0,734,10.0,6500.0,36,12.92,RENT,home_improvement,0,12,25.0,0
45200.0,670,5.0,5400.0,60,15.38,MORTGAGE,debt_consolidation,0,12,23.1,0
32500.0,676,2.0,23600.0,36,17.26,MORTGAGE,debt_consolidation,0,8,65.0,0
40600.0,712,3.0,7800.0,36,12.68,OWN,small_business,1,10,36.8,0
57200.0,817,15.0,3600.0,36,11.25,MORTGAGE,major_purchase,0,9,24.6,0
57300.0,738,0.0,9100.0,60,13.52,RENT,home_improvement,0,7,28.6,0
32700.0,674,7.0,6200.0,36,13.21,OWN,major_purchase,0,14,17.6,0
39400.0,680,3.0,7000.0,36,10.66,MORTGAGE,credit_card,0,7,18.3,0
79500.0,646,4.0,15600.0,36,15.67,RENT,debt_consolidation,0,3,33.5,0
61300.0,618,15.0,8700.0,36,14.87,MORTGAGE,home_improvement,0,9,23.2,0
124700.0,644,15.0,6100.0,36,13.55,MORTGAGE,debt_consolidation,0,9,10.6,0
83400.0,630,7.0,13700.0,36,12.31,MORTGAGE,major_purchase,0,8,9.7,0
82000.0,722,2.0,19400.0,36,11.54,OWN,credit_card,0,15,31.6,0
26300.0,610,5.0,14300.0,36,18.82,MORTGAGE,home_improvement,0,6,65.0,0
69100.0,767,4.0,3200.0,36,10.58,MORTGAGE,credit_card,0,7,18.0,0
47900.0,729,3.0,6300.0,60,15.44,RENT,major_purchase,2,15,24.7,0
38300.0,681,1.0,11200.0,36,11.87,MORTGAGE,major_purchase,0,9,36.3,0
52900.0,680,5.0,9700.0,60,18.06,RENT,debt_consolidation,0,10,21.6,0
75000.0,644,3.0,9300.0,60,16.36,RENT,debt_consolidation,0,16,,0
61400.0,698,7.0,6700.0,60,12.98,RENT,medical,0,13,22.4,0
33000.0,751,3.0,5400.0,60,13.51,RENT,credit_card,0,9,28.3,0
68500.0,634,4.0,29800.0,36,16.99,RENT,credit_card,0,13,63.3,1
36800.0,580,0.0,11100.0,60,19.5,MORTGAGE,debt_consolidation,0,9,43.9,0
54000.0,726,20.0,15100.0,36,14.56,RENT,credit_card,0,9,37.4,0
42800.0,701,5.0,11000.0,60,13.58,RENT,debt_consolidation,0,6,26.4,0
44400.0,607,0.0,11200.0,36,17.27,OWN,major_purchase,0,15,25.4,1
69200.0,632,5.0,10600.0,36,14.17,MORTGAGE,debt_consolidation,0,6,24.4,0
30700.0,624,15.0,6200.0,60,16.87,RENT,credit_card,0,16,36.3,0
117600.0,633,10.0,5100.0,36,13.01,RENT,debt_consolidation,0,10,4.6,0
21600.0,659,7.0,13300.0,60,21.58,MORTGAGE,home_improvement,1,6,65.0,1
37500.0,663,1.0,12000.0,36,13.18,MORTGAGE,other,0,12,48.2,0
57900.0,638,7.0,17500.0,36,17.49,RENT,debt_consolidation,0,10,36.9,0
63800.0,631,10.0,15800.0,36,16.11,RENT,debt_consolidation,0,9,36.8,0
46900.0,665,5.0,7300.0,36,13.44,MORTGAGE,credit_card,0,12,28.6,0
47800.0,691,15.0,19300.0,60,19.41,OWN,small_business,0,10,48.1,0
59000.0,659,2.0,16000.0,60,16.6,OWN,other,0,10,47.6,0
44200.0,755,2.0,15500.0,60,17.05,RENT,debt_consolidation,1,13,50.5,0
91800.0,713,15.0,33700.0,60,14.01,MORTGAGE,major_purchase,0,8,48.7,0
71500.0,577,7.0,30400.0,36,21.12,RENT,credit_card,2,5,52.7,1
72600.0,714,0.0,15400.0,36,11.98,MORTGAGE,debt_consolidation,0,5,36.6,0
31700.0,719,3.0,14500.0,36,18.09,MORTGAGE,debt_consolidation,1,10,56.8,0
47300.0,652,15.0,18800.0,36,16.5,MORTGAGE,other,1,11,48.6,1
42800.0,583,0.0,8200.0,36,17.73,MORTGAGE,major_purchase,1,10,14.1,1
31200.0,681,0.0,8200.0,36,14.65,MORTGAGE,debt_consolidation,0,10,34.9,0
57600.0,679,3.0,15300.0,36,15.82,MORTGAGE,other,0,9,36.1,0
38500.0,607,15.0,7100.0,36,16.58,RENT,debt_consolidation,0,16,34.2,1
65800.0,586,15.0,14700.0,36,16.93,MORTGAGE,debt_consolidation,0,12,33.7,0
30300.0,674,5.0,11800.0,36,14.89,MORTGAGE,home_improvement,0,12,50.8,0
106300.0,665,5.0,7100.0,60,15.38,RENT,other,1,8,21.7,0
32700.0,653,3.0,11100.0,36,19.0,RENT,credit_card,2,9,44.4,0
54100.0,675,2.0,21000.0,36,18.33,MORTGAGE,major_purchase,1,12,50.3,0
70000.0,608,10.0,11400.0,60,20.7,MORTGAGE,other,1,9,37.7,0
37900.0,652,1.0,11400.0,36,16.41,MORTGAGE,debt_consolidation,0,8,42.5,0
71900.0,715,5.0,12900.0,36,12.95,MORTGAGE,debt_consolidation,0,12,25.8,0
28200.0,657,7.0,13800.0,60,19.41,OWN,debt_consolidation,0,9,57.9,0
94200.0,571,1.0,9300.0,36,14.93,OWN,major_purchase,0,15,19.9,0
49300.0,649,,13000.0,36,15.59,RENT,credit_card,1,10,40.9,0
37500.0,610,5.0,6500.0,36,14.99,RENT,debt_consolidation,1,3,24.9,0
42800.0,697,10.0,7300.0,36,12.64,MORTGAGE,credit_card,0,16,23.6,0
70500.0,701,2.0,7800.0,36,15.77,RENT,credit_card,1,8,22.9,0
37700.0,572,3.0,13800.0,36,20.04,RENT,small_business,0,9,44.8,1
35000.0,729,5.0,11900.0,60,15.09,MORTGAGE,major_purchase,0,5,45.5,0
44400.0,608,20.0,10200.0,36,18.81,MORTGAGE,debt_consolidation,1,6,34.4,0
28900.0,781,2.0,15500.0,36,12.78,OWN,credit_card,0,13,60.7,0
111200.0,677,20.0,13200.0,36,11.71,RENT,debt_consolidation,0,8,23.6,0
38000.0,599,7.0,9500.0,60,16.63,MORTGAGE,small_business,0,8,27.1,0
71300.0,606,10.0,6500.0,36,14.91,MORTGAGE,home_improvement,0,8,10.3,0
53900.0,703,1.0,7300.0,36,13.81,RENT,small_business,0,8,37.6,0
31500.0,655,3.0,5300.0,36,16.94,MORTGAGE,debt_consolidation,0,9,24.4,0
48900.0,674,0.0,11700.0,36,16.41,MORTGAGE,credit_card,2,10,29.7,0
69800.0,785,3.0,7100.0,36,10.83,MORTGAGE,medical,1,8,23.6,0
45000.0,635,20.0,8500.0,36,15.16,OWN,small_business,0,7,23.7,0
83900.0,684,1.0,10300.0,36,14.5,MORTGAGE,medical,0,6,22.3,0
77600.0,772,5.0,18400.0,36,10.84,MORTGAGE,debt_consolidation,0,3,24.5,0
74100.0,698,0.0,17400.0,36,10.77,RENT,debt_consolidation,0,6,34.2,0
39900.0,576,7.0,10600.0,36,15.11,RENT,credit_card,0,8,34.2,0
30200.0,713,2.0,20600.0,36,16.81,MORTGAGE,credit_card,0,7,65.0,0
37200.0,604,1.0,4000.0,36,16.86,MORTGAGE,debt_consolidation,0,12,24.8,0
53500.0,771,3.0,28000.0,60,16.9,MORTGAGE,credit_card,0,5,55.3,0
62700.0,627,10.0,15500.0,36,17.88,MORTGAGE,small_business,1,5,22.3,0
18400.0,850,1.0,11500.0,60,14.75,MORTGAGE,home_improvement,0,6,65.0,0
48800.0,775,2.0,7000.0,36,12.09,RENT,debt_consolidation,1,7,19.8,0
52600.0,628,0.0,8800.0,36,17.17,MORTGAGE,other,0,10,19.2,0
43300.0,681,20.0,14800.0,60,16.35,MORTGAGE,credit_card,0,9,40.9,0
87600.0,729,7.0,15000.0,36,13.94,RENT,credit_card,0,6,24.2,0
59300.0,731,7.0,15300.0,36,12.45,OWN,other,1,7,35.7,0
88400.0,709,7.0,7600.0,36,14.77,MORTGAGE,debt_consolidation,2,9,37.0,0
44500.0,761,1.0,6900.0,36,11.64,RENT,credit_card,0,4,21.0,0
74700.0,672,7.0,12100.0,60,15.52,OWN,major_purchase,0,8,37.6,0
102300.0,656,1.0,16100.0,36,15.23,OWN,credit_card,0,13,29.9,0
88500.0,657,4.0,11000.0,60,18.5,MORTGAGE,small_business,1,12,25.2,0
30000.0,736,5.0,22900.0,60,15.65,MORTGAGE,medical,0,2,65.0,1
43700.0,704,5.0,11100.0,36,12.39,OWN,debt_consolidation,0,12,29.6,0
42000.0,699,1.0,10900.0,36,9.79,RENT,debt_consolidation,0,8,28.4,0
61100.0,732,0.0,15300.0,36,12.51,MORTGAGE,credit_card,0,7,29.3,0
66800.0,547,10.0,20100.0,36,19.3,RENT,credit_card,0,4,42.1,0
33600.0,700,10.0,5600.0,36,13.4,MORTGAGE,debt_consolidation,0,10,22.3,0
50500.0,694,1.0,6300.0,36,13.57,OWN,debt_consolidation,0,4,22.2,0
19800.0,788,1.0,9400.0,36,13.79,MORTGAGE,medical,0,9,58.3,0
93800.0,581,15.0,40000.0,36,18.72,MORTGAGE,credit_card,0,10,50.5,0
38900.0,781,10.0,9600.0,36,11.19,RENT,debt_consolidation,0,17,30.7,0
50300.0,685,20.0,10300.0,36,15.86,OWN,other,1,11,33.3,0
42600.0,712,2.0,14900.0,36,14.66,RENT,major_purchase,0,8,33.0,0
82100.0,789,5.0,17800.0,60,10.59,RENT,credit_card,1,6,30.0,0
15000.0,716,2.0,11900.0,60,17.88,MORTGAGE,major_purchase,0,10,65.0,1
48700.0,706,7.0,19600.0,36,15.23,RENT,home_improvement,0,10,45.5,0
46700.0,696,1.0,6000.0,60,13.24,RENT,small_business,0,16,28.8,0
40000.0,649,1.0,7500.0,36,12.4,OWN,debt_consolidation,0,8,23.2,0
106600.0,678,0.0,19600.0,60,17.18,MORTGAGE,debt_consolidation,0,8,27.3,0
32900.0,633,7.0,11000.0,36,18.35,OWN,debt_consolidation,0,9,44.2,0
69400.0,677,5.0,5800.0,36,13.78,MORTGAGE,debt_consolidation,0,10,19.2,0
57500.0,528,7.0,5600.0,36,15.67,RENT,credit_card,0,6,17.7,0
86500.0,708,15.0,7300.0,36,13.86,RENT,credit_card,0,4,17.8,0
36300.0,672,10.0,10900.0,60,17.28,OWN,debt_consolidation,0,9,40.3,0
35200.0,658,4.0,13800.0,36,19.73,RENT,medical,2,9,52.5,1
80300.0,694,20.0,9300.0,36,9.92,MORTGAGE,small_business,0,5,15.9,0
59400.0,587,4.0,13300.0,36,19.45,RENT,credit_card,1,9,37.6,1
24500.0,805,1.0,8800.0,36,13.49,MORTGAGE,other,0,6,45.5,0
38500.0,673,20.0,20200.0,36,16.71,RENT,other,0,7,61.9,1
58300.0,671,0.0,39200.0,60,17.64,RENT,debt_consolidation,0,10,65.0,1
71500.0,617,5.0,9000.0,36,16.12,MORTGAGE,home_improvement,1,9,24.8,1
36100.0,682,3.0,13900.0,36,14.56,RENT,major_purchase,0,10,40.3,0
15000.0,770,5.0,13300.0,60,15.3,MORTGAGE,debt_consolidation,0,9,65.0,0
62000.0,747,5.0,11700.0,36,13.23,MORTGAGE,debt_consolidation,0,6,25.1,0
28300.0,736,2.0,15200.0,36,15.01,MORTGAGE,debt_consolidation,2,11,65.0,0
19800.0,716,5.0,13900.0,36,15.15,RENT,debt_consolidation,0,7,65.0,0
15000.0,657,10.0,8600.0,36,17.34,MORTGAGE,other,0,9,64.4,0
70700.0,586,2.0,21100.0,36,16.88,OWN,major_purchase,0,5,40.5,0
51900.0,667,4.0,12100.0,36,13.66,MORTGAGE,debt_consolidation,0,7,41.1,0
44300.0,665,2.0,9000.0,36,13.98,MORTGAGE,major_purchase,0,7,21.5,0
91600.0,748,10.0,37100.0,60,17.73,OWN,debt_consolidation,0,10,55.4,0
65300.0,700,10.0,10300.0,36,11.73,MORTGAGE,credit_card,0,12,26.4,0
101500.0,785,15.0,12400.0,60,16.63,RENT,debt_consolidation,0,14,30.4,0
26200.0,758,1.0,11900.0,36,13.65,OWN,debt_consolidation,0,9,46.2,0
48300.0,650,0.0,10300.0,36,15.75,RENT,debt_consolidation,0,13,33.5,0
23700.0,563,1.0,13700.0,36,20.11,OWN,small_business,0,10,65.0,1
44200.0,770,1.0,7200.0,36,10.08,RENT,debt_consolidation,0,13,17.7,0
43800.0,768,5.0,14700.0,36,11.84,MORTGAGE,major_purchase,0,8,43.5,0
65000.0,591,20.0,4500.0,36,13.56,OWN,debt_consolidation,0,6,0.3,0
50000.0,778,3.0,5700.0,60,16.88,RENT,home_improvement,3,5,33.4,0
64900.0,705,20.0,27300.0,36,14.17,RENT,medical,0,15,45.6,1
67300.0,690,0.0,5800.0,36,14.63,MORTGAGE,debt_consolidation,0,15,23.2,0
129300.0,785,15.0,4100.0,36,9.09,MORTGAGE,home_improvement,0,15,22.1,0
42500.0,767,2.0,5900.0,60,10.94,RENT,credit_card,0,5,27.8,0
32100.0,722,15.0,26100.0,36,17.48,MORTGAGE,debt_consolidation,0,9,65.0,0
54800.0,711,0.0,4500.0,36,12.39,MORTGAGE,debt_consolidation,0,8,9.7,0
34200.0,720,20.0,6800.0,60,13.84,RENT,home_improvement,0,6,28.9,0
95500.0,654,2.0,5300.0,60,14.34,MORTGAGE,debt_consolidation,1,7,13.7,0
43200.0,676,3.0,9500.0,36,13.64,RENT,debt_consolidation,0,7,28.3,0
38000.0,621,5.0,8800.0,36,14.9,RENT,small_business,0,7,42.2,0
39700.0,658,4.0,8600.0,36,12.79,MORTGAGE,other,0,9,31.2,0
67700.0,656,7.0,27700.0,60,21.32,OWN,debt_consolidation,0,6,51.8,0
45700.0,639,20.0,6000.0,36,15.03,MORTGAGE,small_business,0,7,20.9,0
36700.0,689,7.0,10400.0,36,13.12,RENT,other,0,4,43.8,0
103700.0,659,10.0,13000.0,36,15.51,MORTGAGE,debt_consolidation,1,3,25.9,1
33300.0,713,1.0,6700.0,36,12.98,OWN,credit_card,1,5,20.5,0
49800.0,575,7.0,14000.0,36,18.84,MORTGAGE,debt_consolidation,1,13,35.7,1
65700.0,673,4.0,9000.0,36,11.13,MORTGAGE,major_purchase,0,5,30.3,0
23500.0,689,15.0,13200.0,36,18.59,OWN,debt_consolidation,0,7,64.8,0
60800.0,660,4.0,10400.0,60,17.81,MORTGAGE,debt_consolidation,1,6,25.0,0
30500.0,669,7.0,3900.0,60,14.47,MORTGAGE,small_business,0,8,28.5,0
71000.0,577,2.0,21000.0,60,18.48,MORTGAGE,major_purchase,0,12,35.7,1
31800.0,703,2.0,30800.0,60,14.27,RENT,credit_card,0,11,65.0,0
67000.0,722,3.0,10000.0,36,13.77,RENT,home_improvement,0,8,24.7,0
80600.0,712,3.0,7000.0,36,14.25,MORTGAGE,other,1,12,18.7,0
72200.0,748,2.0,23200.0,36,12.71,MORTGAGE,medical,0,10,43.4,0
54900.0,693,0.0,28100.0,36,13.71,RENT,small_business,0,14,51.7,1
44200.0,711,10.0,10100.0,36,17.15,RENT,other,0,4,35.2,0
37800.0,690,0.0,9800.0,36,15.19,OWN,medical,0,13,30.8,0
95000.0,725,15.0,10500.0,60,13.45,OWN,small_business,0,6,24.0,0
35800.0,577,1.0,4700.0,36,15.98,MORTGAGE,other,0,16,23.8,0
30700.0,622,0.0,9500.0,36,18.92,MORTGAGE,major_purchase,0,11,52.7,1
66100.0,783,5.0,25800.0,36,12.65,RENT,credit_card,0,11,39.0,0
34300.0,520,5.0,10100.0,60,20.62,MORTGAGE,credit_card,0,7,34.8,1
32000.0,671,5.0,6500.0,60,18.97,MORTGAGE,debt_consolidation,2,3,32.5,1
25600.0,756,5.0,14000.0,36,12.91,MORTGAGE,debt_consolidation,1,4,63.8,1
39400.0,674,3.0,7800.0,36,13.31,MORTGAGE,small_business,0,7,31.3,0
47200.0,654,7.0,10600.0,36,12.77,MORTGAGE,credit_card,0,11,25.3,0
54700.0,688,5.0,5800.0,60,12.23,RENT,major_purchase,0,11,22.7,0
75200.0,657,3.0,6500.0,36,12.83,RENT,other,0,5,17.5,0
62100.0,682,10.0,15800.0,60,17.86,OWN,credit_card,1,8,36.3,0
45000.0,636,10.0,11600.0,36,15.96,RENT,debt_consolidation,0,15,32.3,0
44800.0,752,4.0,7400.0,36,12.06,RENT,home_improvement,1,13,25.3,0
61700.0,773,10.0,11600.0,36,8.98,MORTGAGE,debt_consolidation,0,2,23.7,0
86900.0,671,15.0,8100.0,60,15.09,RENT,home_improvement,0,11,19.2,0
51900.0,590,5.0,7400.0,60,15.87,MORTGAGE,credit_card,0,8,8.1,0
39700.0,646,2.0,19600.0,60,20.29,MORTGAGE,small_business,0,15,57.7,1
31400.0,668,15.0,16200.0,36,17.09,RENT,credit_card,0,9,61.7,0
25600.0,713,2.0,10800.0,36,14.37,RENT,debt_consolidation,0,9,44.8,0
66200.0,614,0.0,11800.0,60,18.28,RENT,debt_consolidation,0,10,26.4,1
63600.0,630,,10900.0,36,16.37,MORTGAGE,small_business,0,7,27.9,0
63600.0,713,10.0,14000.0,60,16.33,MORTGAGE,credit_card,1,12,35.7,0
46300.0,741,15.0,7300.0,36,14.3,RENT,credit_card,0,6,26.1,0
92300.0,640,7.0,16800.0,60,18.82,MORTGAGE,debt_consolidation,0,8,28.0,1
39400.0,593,20.0,13100.0,60,18.38,MORTGAGE,major_purchase,0,7,37.6,1
75300.0,850,1.0,9600.0,36,7.32,RENT,other,0,10,14.4,0
48200.0,731,0.0,8600.0,36,14.84,MORTGAGE,debt_consolidation,2,12,26.1,0
37300.0,663,7.0,16700.0,36,16.71,MORTGAGE,small_business,0,8,60.1,0
64000.0,736,20.0,10100.0,36,11.6,MORTGAGE,debt_consolidation,0,8,20.8,0
58900.0,672,5.0,7700.0,36,12.88,OWN,small_business,0,10,17.0,0
57600.0,736,0.0,9000.0,36,11.01,RENT,credit_card,0,10,28.6,0
50800.0,690,2.0,16100.0,36,15.33,RENT,home_improvement,1,11,37.8,0
48200.0,686,2.0,4900.0,36,11.81,MORTGAGE,debt_consolidation,0,9,23.7,0
143600.0,673,3.0,9200.0,60,15.17,RENT,medical,0,6,26.1,0
83500.0,586,0.0,18700.0,36,17.26,RENT,debt_consolidation,0,8,23.9,0
67900.0,806,15.0,10100.0,60,10.63,OWN,other,0,11,27.9,0
51600.0,619,5.0,12500.0,36,17.7,MORTGAGE,debt_consolidation,1,10,40.1,0
77100.0,592,7.0,18800.0,60,21.21,MORTGAGE,debt_consolidation,1,7,31.5,0
61900.0,666,0.0,17100.0,36,13.21,RENT,credit_card,1,3,50.4,1
49600.0,618,0.0,8800.0,36,14.89,RENT,medical,0,10,21.9,0
42800.0,677,5.0,10200.0,36,15.76,RENT,home_improvement,0,7,37.1,0
47300.0,725,15.0,17200.0,60,15.64,MORTGAGE,debt_consolidation,0,7,42.2,0
15000.0,745,5.0,17500.0,36,13.6,OWN,medical,0,8,65.0,1
53900.0,733,15.0,10500.0,36,12.58,MORTGAGE,home_improvement,1,10,37.3,0
39300.0,660,10.0,10600.0,60,13.94,RENT,debt_consolidation,0,10,27.2,0
100400.0,683,0.0,12500.0,36,13.35,MORTGAGE,credit_card,0,9,17.6,0
49400.0,707,2.0,21700.0,36,15.61,OWN,home_improvement,0,6,46.9,0
28700.0,566,7.0,18700.0,36,21.34,OWN,small_business,0,7,63.9,1
47900.0,717,4.0,15500.0,36,15.72,MORTGAGE,small_business,0,8,44.9,1
30600.0,585,3.0,6400.0,36,16.67,MORTGAGE,medical,0,7,22.9,0
60700.0,813,4.0,9500.0,36,9.94,MORTGAGE,major_purchase,0,11,22.0,0
55900.0,654,4.0,9800.0,36,15.62,RENT,home_improvement,1,8,30.4,1
75400.0,668,15.0,22200.0,36,12.33,MORTGAGE,debt_consolidation,0,12,34.4,0
34300.0,630,1.0,9700.0,36,15.06,MORTGAGE,small_business,0,7,42.0,0
49800.0,639,2.0,20500.0,60,19.18,MORTGAGE,other,0,11,53.4,0
26500.0,828,5.0,8200.0,60,13.14,MORTGAGE,debt_consolidation,2,3,35.8,0
67200.0,741,7.0,8600.0,36,9.99,MORTGAGE,home_improvement,0,8,20.3,0
61900.0,579,7.0,13900.0,60,16.05,MORTGAGE,major_purchase,0,15,30.2,0
61300.0,778,20.0,24000.0,60,12.53,RENT,home_improvement,0,13,48.0,0
49100.0,758,10.0,9800.0,36,10.82,OWN,other,0,7,19.3,0
59100.0,662,5.0,3000.0,60,13.34,MORTGAGE,credit_card,0,5,6.4,0
100900.0,700,2.0,5000.0,36,10.99,MORTGAGE,credit_card,0,10,14.7,0
43100.0,679,4.0,12700.0,60,15.98,RENT,debt_consolidation,1,7,34.5,0
52200.0,808,7.0,5200.0,36,9.83,OWN,other,0,9,21.0,0
30100.0,628,10.0,7100.0,36,14.91,MORTGAGE,debt_consolidation,0,7,33.8,0
33200.0,689,20.0,11000.0,60,16.54,MORTGAGE,other,0,4,37.3,0
51200.0,652,7.0,3200.0,36,12.12,OWN,debt_consolidation,0,7,13.8,0
80600.0,587,5.0,9000.0,36,15.51,OWN,debt_consolidation,0,7,13.1,0
43700.0,822,0.0,6100.0,36,7.85,MORTGAGE,credit_card,0,12,19.4,0
44100.0,603,0.0,5200.0,60,19.76,RENT,home_improvement,0,9,31.2,0
40800.0,694,1.0,7300.0,60,16.48,OWN,credit_card,1,13,31.6,0
38500.0,567,0.0,6400.0,36,16.98,OWN,credit_card,0,16,31.2,0
56000.0,654,4.0,13800.0,36,15.37,RENT,credit_card,0,7,30.6,0
25000.0,707,3.0,19900.0,36,15.71,MORTGAGE,other,0,10,,1
87200.0,626,7.0,9100.0,36,13.23,MORTGAGE,other,0,13,25.0,0
36300.0,718,5.0,8100.0,60,12.8,RENT,debt_consolidation,0,12,29.3,0
67800.0,663,7.0,8900.0,60,14.71,RENT,small_business,0,12,17.6,0
27700.0,755,,6300.0,36,14.83,MORTGAGE,small_business,0,8,35.2,0
66200.0,769,2.0,5700.0,60,12.02,OWN,home_improvement,0,5,19.1,0
66300.0,642,20.0,4800.0,60,13.19,RENT,debt_consolidation,0,6,5.3,0
58300.0,685,1.0,5600.0,36,12.86,OWN,credit_card,0,8,21.5,0
31300.0,692,15.0,24700.0,36,17.48,OWN,major_purchase,0,7,65.0,1
54800.0,720,3.0,7700.0,36,12.45,MORTGAGE,debt_consolidation,0,10,21.7,0
28800.0,681,5.0,2500.0,36,12.62,RENT,debt_consolidation,0,12,16.3,0
43800.0,692,1.0,8200.0,60,15.34,MORTGAGE,debt_consolidation,1,7,23.3,0
77900.0,664,0.0,4900.0,36,13.06,RENT,medical,0,13,9.5,0
70200.0,687,4.0,11300.0,60,15.76,OWN,medical,0,14,23.0,0
49400.0,764,10.0,10700.0,36,10.49,MORTGAGE,debt_consolidation,1,10,36.8,0
31600.0,722,2.0,11200.0,60,18.61,RENT,major_purchase,2,8,52.3,0
65500.0,726,,10700.0,36,11.07,RENT,credit_card,0,8,19.4,0
49500.0,727,2.0,9100.0,36,16.31,MORTGAGE,small_business,0,9,25.3,0
17300.0,670,4.0,5300.0,36,12.62,OWN,credit_card,0,20,34.8,0
69700.0,701,15.0,10500.0,60,19.41,MORTGAGE,credit_card,3,12,33.2,0
48500.0,609,15.0,18200.0,60,18.54,MORTGAGE,medical,1,8,44.8,0
84200.0,762,5.0,27100.0,36,12.73,RENT,home_improvement,0,11,,0
29900.0,499,2.0,9700.0,36,18.51,OWN,debt_consolidation,0,17,46.6,1
15000.0,674,2.0,10300.0,36,16.66,MORTGAGE,debt_consolidation,0,9,65.0,1
55600.0,754,20.0,14000.0,60,13.01,OWN,other,0,4,19.7,0
55900.0,591,2.0,23100.0,36,15.91,MORTGAGE,debt_consolidation,0,9,50.4,1
22900.0,706,10.0,8600.0,36,14.13,MORTGAGE,small_business,0,16,41.7,0
31600.0,636,3.0,15500.0,36,18.6,MORTGAGE,credit_card,0,7,49.9,0
169400.0,656,20.0,7200.0,36,11.94,RENT,debt_consolidation,0,16,10.3,0
42700.0,741,3.0,12900.0,36,15.63,RENT,major_purchase,0,4,42.2,0
68100.0,693,3.0,17800.0,60,15.63,RENT,other,0,9,41.4,0
36600.0,548,7.0,5700.0,60,19.34,MORTGAGE,debt_consolidation,0,12,20.3,1
19100.0,617,20.0,8400.0,60,19.93,MORTGAGE,debt_consolidation,0,10,52.6,1
45400.0,743,,17600.0,36,11.96,RENT,medical,0,10,43.7,0
43500.0,709,7.0,14900.0,36,14.39,MORTGAGE,credit_card,0,11,35.6,0
40900.0,794,10.0,18400.0,60,14.3,MORTGAGE,home_improvement,0,7,49.9,0
46600.0,789,5.0,16700.0,36,11.47,MORTGAGE,credit_card,0,7,44.8,0
55200.0,658,10.0,9200.0,36,14.88,RENT,credit_card,0,12,23.2,0
45800.0,843,15.0,32800.0,36,12.96,MORTGAGE,debt_consolidation,1,6,65.0,1
27800.0,682,5.0,11700.0,36,15.38,RENT,credit_card,0,6,52.4,0
61000.0,617,7.0,2400.0,36,14.41,RENT,debt_consolidation,0,10,11.3,0
20400.0,639,5.0,9500.0,60,15.19,MORTGAGE,small_business,0,8,45.4,0
19500.0,533,5.0,8700.0,60,22.56,RENT,credit_card,0,9,52.5,0
68400.0,784,15.0,16300.0,36,9.97,OWN,medical,0,9,33.6,0
61600.0,784,3.0,8700.0,36,10.94,OWN,other,0,12,17.2,0
47800.0,614,2.0,18900.0,36,14.28,MORTGAGE,other,0,9,47.7,0
26200.0,665,4.0,14500.0,36,18.19,RENT,home_improvement,0,10,62.5,0
35600.0,686,2.0,6600.0,60,16.5,MORTGAGE,debt_consolidation,0,7,34.6,0
43600.0,618,5.0,10200.0,36,17.3,MORTGAGE,credit_card,0,9,38.1,0
23900.0,566,15.0,7400.0,36,15.53,RENT,home_improvement,0,9,32.6,0
35200.0,666,7.0,12000.0,36,14.63,RENT,small_business,0,6,44.5,0
65700.0,659,15.0,7400.0,60,17.08,RENT,debt_consolidation,0,5,19.5,0
93200.0,655,1.0,11400.0,36,15.02,RENT,other,0,7,25.4,0
40600.0,694,15.0,9500.0,36,15.28,MORTGAGE,debt_consolidation,0,3,31.0,0
68900.0,773,7.0,10100.0,36,7.57,OWN,home_improvement,0,10,4.4,0
20700.0,660,0.0,30500.0,36,17.47,RENT,credit_card,0,9,65.0,1
66000.0,691,7.0,9100.0,36,14.22,RENT,home_improvement,1,15,23.8,0
34100.0,727,20.0,4200.0,60,13.31,RENT,credit_card,0,16,17.1,0
56300.0,716,0.0,18200.0,36,15.85,RENT,debt_consolidation,1,16,39.4,0
43800.0,640,5.0,18100.0,36,16.21,RENT,other,1,5,45.6,0
88800.0,686,,4100.0,60,15.37,RENT,other,0,4,16.5,0
33100.0,716,0.0,7700.0,36,12.63,RENT,credit_card,0,8,26.4,0
65000.0,607,7.0,13600.0,60,14.59,MORTGAGE,debt_consolidation,0,7,30.5,0
43200.0,762,5.0,14200.0,60,13.36,MORTGAGE,debt_consolidation,0,10,33.3,0
45700.0,773,3.0,10900.0,36,12.01,OWN,debt_consolidation,0,8,23.0,0
45100.0,633,7.0,11000.0,60,17.0,MORTGAGE,home_improvement,0,7,38.6,0
33500.0,693,0.0,6800.0,36,14.79,RENT,credit_card,0,10,37.9,0
48700.0,722,10.0,3300.0,36,14.33,MORTGAGE,credit_card,0,12,30.0,0
47700.0,645,0.0,30500.0,60,19.43,RENT,credit_card,0,10,65.0,1
54600.0,711,3.0,6700.0,60,11.6,MORTGAGE,medical,0,9,14.6,0
50900.0,691,5.0,11900.0,36,12.67,RENT,debt_consolidation,1,5,24.9,0
70200.0,585,3.0,10100.0,36,18.68,RENT,credit_card,0,12,31.2,0
74300.0,710,3.0,17100.0,36,14.11,MORTGAGE,small_business,1,8,34.9,0
30600.0,608,10.0,11600.0,60,17.41,RENT,other,0,12,52.9,1
72500.0,741,15.0,11800.0,60,14.43,RENT,small_business,0,13,32.0,0
28700.0,636,15.0,2900.0,36,12.17,RENT,credit_card,0,6,12.4,0
63900.0,670,5.0,7200.0,36,13.17,MORTGAGE,major_purchase,0,6,18.6,1
64800.0,769,15.0,15900.0,60,13.85,RENT,other,0,5,,0
20700.0,712,15.0,15200.0,36,16.97,MORTGAGE,medical,0,10,65.0,0
51100.0,610,4.0,6800.0,36,15.08,MORTGAGE,debt_consolidation,0,8,15.7,1
39700.0,614,3.0,5000.0,36,12.52,RENT,home_improvement,0,7,21.1,0
34800.0,641,1.0,11700.0,36,13.77,MORTGAGE,major_purchase,0,8,33.1,0
90000.0,706,5.0,2600.0,60,10.06,MORTGAGE,home_improvement,0,4,0.2,0
36500.0,703,20.0,6200.0,60,13.97,OWN,credit_card,0,9,14.0,0
34100.0,625,5.0,26400.0,36,19.92,MORTGAGE,debt_consolidation,0,4,65.0,1
50700.0,604,7.0,22500.0,60,19.99,RENT,home_improvement,0,14,57.0,1
66700.0,698,1.0,14000.0,36,17.12,MORTGAGE,credit_card,1,8,29.6,0
46000.0,668,1.0,12800.0,60,16.45,RENT,credit_card,0,9,29.1,0
82900.0,820,4.0,4100.0,36,10.47,RENT,major_purchase,0,10,15.0,0
62300.0,682,20.0,7600.0,60,15.73,RENT,debt_consolidation,0,11,25.4,0
18400.0,798,3.0,9400.0,36,10.55,MORTGAGE,home_improvement,0,11,64.2,0
38600.0,604,15.0,7600.0,36,18.36,RENT,medical,0,9,9.1,0
38100.0,578,1.0,9200.0,60,18.15,MORTGAGE,home_improvement,0,8,41.9,0
60800.0,607,7.0,20900.0,36,17.58,RENT,credit_card,0,10,43.0,0
15000.0,757,7.0,8300.0,60,12.28,MORTGAGE,debt_consolidation,0,8,54.7,0
154400.0,794,15.0,9200.0,36,8.26,MORTGAGE,small_business,0,13,0.1,0
62300.0,629,0.0,15800.0,36,16.78,RENT,other,0,8,32.4,0
52400.0,650,2.0,5400.0,60,17.71,RENT,major_purchase,2,7,32.5,1
83400.0,604,2.0,7200.0,36,19.75,RENT,home_improvement,1,8,27.0,0
140700.0,562,20.0,7600.0,36,15.77,RENT,credit_card,0,6,17.4,0
72500.0,727,1.0,11200.0,36,13.36,MORTGAGE,debt_consolidation,0,13,26.0,0
75100.0,694,0.0,9200.0,36,13.42,OWN,small_business,0,11,24.5,0
52000.0,681,5.0,9400.0,36,13.93,MORTGAGE,debt_consolidation,0,2,28.5,0
46000.0,589,5.0,7800.0,36,15.66,MORTGAGE,medical,0,9,,0
39600.0,787,10.0,6400.0,36,12.2,OWN,credit_card,0,10,16.6,0
33800.0,647,20.0,14800.0,36,15.83,MORTGAGE,credit_card,0,11,47.2,0
36000.0,715,5.0,9200.0,60,13.58,RENT,debt_consolidation,0,11,,0
26700.0,585,15.0,14900.0,36,20.72,OWN,credit_card,0,10,53.2,1
47400.0,668,10.0,6300.0,36,12.79,MORTGAGE,small_business,0,9,15.8,0
23000.0,699,2.0,7800.0,36,14.19,OWN,debt_consolidation,0,9,39.9,0
53400.0,701,15.0,9800.0,36,15.64,MORTGAGE,small_business,1,4,38.6,0
48200.0,690,7.0,10300.0,36,12.99,MORTGAGE,home_improvement,1,10,27.0,0
52400.0,712,4.0,15900.0,36,14.27,OWN,credit_card,0,6,36.4,0
38800.0,607,7.0,8800.0,60,18.28,MORTGAGE,debt_consolidation,0,8,27.0,0
195700.0,693,4.0,15900.0,60,12.5,MORTGAGE,medical,0,10,15.2,0
90400.0,687,1.0,13200.0,36,13.5,MORTGAGE,debt_consolidation,1,7,21.2,0
28000.0,695,7.0,10400.0,36,13.01,MORTGAGE,small_business,0,7,41.3,0
54400.0,685,10.0,6800.0,36,17.02,MORTGAGE,credit_card,0,11,31.8,1
37300.0,597,10.0,16000.0,36,19.58,RENT,small_business,0,7,,1
31100.0,594,2.0,6900.0,60,16.7,MORTGAGE,credit_card,0,7,24.8,0
26800.0,536,20.0,10800.0,60,22.21,MORTGAGE,debt_consolidation,1,9,49.1,1
59500.0,733,0.0,10600.0,36,13.92,RENT,other,1,10,27.9,0
36100.0,734,3.0,9900.0,60,13.89,RENT,debt_consolidation,0,10,27.9,0
75800.0,735,2.0,9000.0,60,15.48,RENT,debt_consolidation,1,8,15.6,0
76700.0,700,0.0,7300.0,36,12.2,OWN,credit_card,0,11,15.4,0
91000.0,541,4.0,4900.0,36,17.61,RENT,other,0,7,20.4,0
33400.0,613,7.0,22100.0,60,19.97,MORTGAGE,debt_consolidation,0,9,65.0,1
60700.0,691,15.0,8600.0,36,13.02,MORTGAGE,credit_card,0,10,23.0,0
65200.0,689,20.0,10300.0,60,18.12,RENT,credit_card,0,15,21.6,0
39600.0,666,10.0,10200.0,36,16.45,RENT,debt_consolidation,0,7,41.8,0
34600.0,704,4.0,18900.0,36,19.6,OWN,small_business,0,10,61.4,0
101100.0,681,10.0,28800.0,36,13.84,MORTGAGE,credit_card,0,8,22.4,0
54300.0,688,10.0,11800.0,36,15.05,RENT,home_improvement,0,11,33.7,0
65300.0,638,4.0,10100.0,36,17.01,MORTGAGE,debt_consolidation,0,11,23.4,0
33900.0,744,10.0,6200.0,60,13.66,MORTGAGE,other,0,13,18.9,0
28300.0,652,5.0,5300.0,60,18.24,MORTGAGE,debt_consolidation,0,6,26.5,0
37900.0,594,4.0,4500.0,60,16.11,RENT,small_business,0,7,20.6,0
46400.0,630,5.0,7300.0,36,17.76,MORTGAGE,medical,1,14,21.7,1
30400.0,657,7.0,3800.0,36,13.6,MORTGAGE,debt_consolidation,0,5,17.8,0
48800.0,745,10.0,18800.0,36,11.67,RENT,debt_consolidation,0,6,51.7,0
22900.0,677,3.0,13500.0,36,15.98,RENT,debt_consolidation,0,8,63.8,0
29600.0,668,5.0,9600.0,36,16.07,RENT,major_purchase,0,10,46.1,0
66300.0,599,15.0,19000.0,36,18.93,MORTGAGE,small_business,0,8,,0
64300.0,731,20.0,6400.0,36,14.03,RENT,major_purchase,0,6,19.2,0
41100.0,638,2.0,7300.0,36,13.34,RENT,credit_card,0,8,16.6,0
31000.0,673,2.0,4200.0,36,12.98,MORTGAGE,other,0,8,15.0,0
30900.0,776,7.0,16100.0,36,13.28,RENT,credit_card,0,12,60.3,0
41400.0,713,4.0,7300.0,60,14.72,RENT,major_purchase,0,7,26.9,0
65500.0,574,0.0,11000.0,60,19.37,MORTGAGE,credit_card,0,9,27.5,1
74400.0,565,3.0,18100.0,36,17.3,MORTGAGE,debt_consolidation,1,13,42.3,1
39200.0,676,10.0,21700.0,60,18.1,MORTGAGE,debt_consolidation,0,6,56.4,0
29200.0,601,10.0,10800.0,36,15.51,RENT,debt_consolidation,0,13,37.6,0
55300.0,722,5.0,13300.0,36,13.79,RENT,debt_consolidation,0,10,38.1,0
33800.0,683,5.0,7000.0,36,17.87,MORTGAGE,credit_card,1,14,38.7,0
38800.0,691,5.0,25400.0,60,18.23,OWN,debt_consolidation,0,10,65.0,0
89000.0,634,2.0,10100.0,36,16.12,RENT,credit_card,1,8,32.2,0
71100.0,793,5.0,11400.0,36,9.32,MORTGAGE,debt_consolidation,0,16,18.6,0
52600.0,850,0.0,8900.0,36,10.04,RENT,credit_card,0,12,29.4,0
27700.0,662,5.0,19900.0,36,17.54,RENT,other,0,11,65.0,0
53900.0,703,3.0,12100.0,36,14.76,RENT,credit_card,0,5,31.2,0
79100.0,686,7.0,16000.0,60,14.83,OWN,debt_consolidation,0,11,32.0,0
41400.0,663,7.0,13100.0,60,19.94,RENT,debt_consolidation,0,7,44.4,0
90000.0,626,4.0,9800.0,60,16.88,RENT,major_purchase,0,7,14.8,1
87700.0,609,0.0,17400.0,60,14.71,MORTGAGE,debt_consolidation,0,15,27.1,1
103600.0,606,2.0,13000.0,36,15.86,RENT,credit_card,0,9,12.8,0
56200.0,706,7.0,6800.0,36,12.57,RENT,major_purchase,0,5,24.3,0
63900.0,646,0.0,6700.0,36,12.5,RENT,debt_consolidation,0,8,16.2,0
92600.0,512,1.0,11800.0,36,18.79,OWN,credit_card,1,9,17.2,0
60000.0,709,7.0,17200.0,36,15.08,RENT,debt_consolidation,1,6,48.6,1
39100.0,678,10.0,24800.0,60,18.75,OWN,debt_consolidation,0,10,65.0,1
40100.0,768,3.0,4500.0,36,9.79,RENT,debt_consolidation,0,13,16.0,0
54600.0,704,5.0,11100.0,60,16.99,RENT,credit_card,0,7,34.6,0
27400.0,584,20.0,14000.0,36,20.79,OWN,major_purchase,0,7,63.9,1
46000.0,535,20.0,12700.0,36,20.57,MORTGAGE,credit_card,0,7,31.0,0
80300.0,633,3.0,18100.0,36,14.03,RENT,credit_card,0,6,35.1,0
18300.0,639,10.0,15200.0,36,17.4,MORTGAGE,debt_consolidation,1,5,65.0,1
97800.0,741,7.0,6700.0,36,11.79,RENT,debt_consolidation,0,6,21.5,0
81200.0,679,20.0,6600.0,36,14.01,MORTGAGE,credit_card,1,8,8.4,0
39900.0,754,5.0,12800.0,36,14.02,MORTGAGE,medical,1,6,46.7,0
62600.0,594,10.0,17900.0,36,18.46,RENT,debt_consolidation,0,15,,1
49100.0,743,10.0,11800.0,60,12.52,OWN,home_improvement,0,9,31.0,0
85300.0,727,5.0,5000.0,36,12.87,MORTGAGE,medical,0,8,10.0,0
76300.0,549,10.0,6500.0,60,18.2,RENT,credit_card,0,11,13.2,0
26100.0,766,2.0,15500.0,36,13.18,RENT,home_improvement,0,9,65.0,0
63800.0,686,1.0,9200.0,36,11.47,OWN,home_improvement,0,9,16.6,0
44700.0,705,4.0,11600.0,60,15.86,RENT,debt_consolidation,1,7,33.1,0
50900.0,624,20.0,18600.0,60,16.77,MORTGAGE,debt_consolidation,2,9,45.7,1
35300.0,763,5.0,6000.0,60,14.36,OWN,debt_consolidation,1,9,30.9,0
107700.0,603,7.0,8900.0,36,17.16,MORTGAGE,debt_consolidation,1,13,39.0,1
78300.0,734,7.0,8400.0,36,11.11,MORTGAGE,major_purchase,0,10,18.7,0
35100.0,733,1.0,13100.0,36,12.29,RENT,credit_card,0,12,44.4,0
26900.0,617,4.0,16100.0,36,18.98,MORTGAGE,major_purchase,0,7,65.0,1
41200.0,809,7.0,5200.0,60,10.31,RENT,debt_consolidation,0,11,17.3,0
59600.0,695,20.0,10900.0,36,14.69,OWN,major_purchase,0,9,31.3,0
54600.0,723,1.0,16900.0,36,15.9,RENT,debt_consolidation,0,6,40.5,0
86200.0,581,4.0,4300.0,36,17.68,RENT,debt_consolidation,0,5,11.8,0
69900.0,818,1.0,10600.0,60,14.36,RENT,credit_card,1,12,30.1,0
75800.0,600,2.0,6000.0,36,16.58,RENT,other,3,8,20.2,0
56800.0,747,3.0,7900.0,60,15.91,RENT,credit_card,0,11,20.3,0
26200.0,615,5.0,3100.0,36,14.25,MORTGAGE,credit_card,0,7,16.7,0
44900.0,640,2.0,21900.0,60,17.2,OWN,credit_card,0,10,55.3,0
79000.0,731,2.0,9200.0,36,8.84,MORTGAGE,credit_card,0,11,13.8,0
47900.0,747,10.0,7300.0,60,14.79,RENT,debt_consolidation,1,2,30.9,0
61500.0,597,20.0,12900.0,36,17.41,RENT,credit_card,0,9,35.4,1
42500.0,751,3.0,6500.0,60,12.84,OWN,credit_card,0,6,24.1,0
30800.0,748,7.0,6200.0,36,11.95,RENT,small_business,0,8,18.6,0
46400.0,619,2.0,23300.0,36,17.9,MORTGAGE,debt_consolidation,0,6,65.0,1
56300.0,784,,27000.0,36,16.55,RENT,home_improvement,2,8,60.5,1
36500.0,585,7.0,8100.0,60,18.67,OWN,home_improvement,0,11,30.8,1
44100.0,639,10.0,18700.0,36,20.53,RENT,credit_card,1,7,52.2,1
32100.0,711,0.0,13100.0,36,16.67,RENT,credit_card,0,4,52.4,0
81100.0,625,7.0,5400.0,36,14.36,MORTGAGE,small_business,0,8,8.0,0
42900.0,697,5.0,6900.0,36,15.95,RENT,credit_card,0,5,25.6,0
94300.0,696,3.0,23800.0,36,14.58,MORTGAGE,debt_consolidation,1,15,33.7,0
97500.0,668,2.0,5400.0,36,14.47,RENT,major_purchase,0,8,7.3,0
47300.0,734,5.0,34200.0,36,16.63,MORTGAGE,other,1,5,65.0,1
31100.0,665,7.0,8200.0,36,12.79,RENT,debt_consolidation,0,4,34.0,0
19200.0,695,0.0,24100.0,36,18.05,MORTGAGE,medical,0,13,65.0,1
25300.0,755,5.0,9400.0,36,13.6,MORTGAGE,credit_card,0,9,36.2,0
26400.0,731,1.0,16300.0,36,16.46,OWN,credit_card,0,11,65.0,1
91200.0,731,1.0,22000.0,36,15.33,MORTGAGE,medical,1,12,31.6,0
51600.0,605,7.0,21900.0,36,20.14,MORTGAGE,other,0,7,50.6,1
58400.0,714,3.0,8200.0,60,14.86,MORTGAGE,debt_consolidation,0,12,19.1,0
18000.0,623,4.0,7100.0,36,17.12,RENT,credit_card,0,8,45.1,0
28600.0,597,3.0,10500.0,60,19.81,MORTGAGE,medical,0,8,50.1,1
73100.0,675,7.0,5700.0,36,13.86,RENT,credit_card,0,8,12.6,0
55800.0,621,5.0,12300.0,60,16.64,RENT,debt_consolidation,0,7,43.7,0
45900.0,731,20.0,7300.0,36,13.76,MORTGAGE,other,1,12,36.5,0
63200.0,733,3.0,18800.0,36,13.78,MORTGAGE,debt_consolidation,1,6,51.0,0
102300.0,556,10.0,8200.0,36,18.58,RENT,home_improvement,0,16,13.4,0
44400.0,626,2.0,4600.0,60,13.54,MORTGAGE,credit_card,0,7,19.8,0
50600.0,585,5.0,22000.0,36,15.49,OWN,credit_card,0,5,53.9,0
53500.0,650,5.0,12000.0,36,16.26,MORTGAGE,debt_consolidation,0,8,25.9,0
143800.0,710,3.0,11100.0,36,11.45,MORTGAGE,debt_consolidation,0,8,14.5,0
19100.0,664,5.0,18900.0,60,18.76,RENT,debt_consolidation,0,10,65.0,1
66700.0,642,2.0,16900.0,60,17.21,OWN,small_business,1,6,41.0,1
46600.0,765,0.0,7500.0,36,14.12,RENT,small_business,1,7,,0
63300.0,530,2.0,8700.0,60,18.26,OWN,major_purchase,0,10,26.0,1
36500.0,760,7.0,6300.0,36,11.2,OWN,small_business,0,7,27.3,0
48000.0,645,10.0,5300.0,60,13.21,MORTGAGE,debt_consolidation,0,10,17.7,0
67500.0,675,3.0,14600.0,36,12.75,MORTGAGE,other,0,7,20.7,0
199000.0,646,4.0,13300.0,36,15.53,MORTGAGE,debt_consolidation,0,8,11.1,0
70500.0,780,0.0,16000.0,36,12.13,OWN,credit_card,0,10,19.3,0
33500.0,600,2.0,20800.0,60,18.91,MORTGAGE,small_business,0,6,65.0,1
40500.0,681,10.0,16100.0,60,20.67,RENT,debt_consolidation,0,10,47.6,0
40000.0,714,7.0,16800.0,60,14.16,RENT,debt_consolidation,0,7,43.3,0
21900.0,575,2.0,3900.0,36,19.64,MORTGAGE,medical,1,12,26.5,1
42300.0,620,2.0,9400.0,36,13.42,MORTGAGE,debt_consolidation,0,5,28.7,0
68200.0,670,10.0,17700.0,36,16.81,OWN,home_improvement,2,6,44.2,0
27600.0,622,2.0,6100.0,60,20.36,MORTGAGE,medical,0,14,34.4,0
78600.0,627,3.0,11500.0,60,15.63,RENT,other,0,15,23.7,0
61100.0,657,7.0,14200.0,36,15.23,MORTGAGE,debt_consolidation,1,4,37.6,0
35200.0,722,5.0,13600.0,36,14.02,MORTGAGE,debt_consolidation,0,7,49.5,0
46000.0,658,4.0,13200.0,60,15.59,MORTGAGE,small_business,2,9,32.0,1
100600.0,750,15.0,14800.0,36,9.16,RENT,debt_consolidation,0,9,17.5,0
68200.0,615,2.0,12000.0,36,19.18,MORTGAGE,home_improvement,2,9,30.2,0
49200.0,599,10.0,5300.0,36,12.79,MORTGAGE,credit_card,0,8,21.8,0
44000.0,805,1.0,14100.0,36,10.34,MORTGAGE,credit_card,0,12,35.2,0
50700.0,637,7.0,12600.0,60,19.06,MORTGAGE,home_improvement,0,9,33.2,0
38900.0,595,15.0,5300.0,60,15.43,MORTGAGE,medical,0,7,22.7,0
19000.0,567,4.0,21800.0,36,20.44,RENT,debt_consolidation,0,9,65.0,1
122900.0,750,10.0,14300.0,36,11.56,OWN,credit_card,0,10,23.2,0
52600.0,658,10.0,5500.0,36,15.2,RENT,debt_consolidation,0,6,22.6,0
58600.0,664,1.0,7300.0,60,17.95,MORTGAGE,debt_consolidation,0,5,26.2,0
47800.0,670,7.0,8300.0,36,12.23,RENT,debt_consolidation,0,11,25.7,0
35200.0,746,15.0,8200.0,36,13.88,MORTGAGE,home_improvement,1,11,42.4,0
45100.0,668,5.0,12700.0,60,16.29,OWN,other,0,13,38.7,0
23900.0,832,2.0,6700.0,60,12.59,RENT,major_purchase,0,7,32.4,0
136600.0,689,1.0,19200.0,60,11.47,OWN,debt_consolidation,0,16,23.0,0
28100.0,749,2.0,18500.0,60,18.24,RENT,small_business,0,6,65.0,1
30800.0,732,1.0,14900.0,36,16.92,RENT,debt_consolidation,0,6,65.0,0
40200.0,678,5.0,11200.0,60,18.59,MORTGAGE,small_business,2,8,34.4,1
87500.0,642,0.0,17500.0,36,14.44,MORTGAGE,medical,0,12,18.5,0
49300.0,702,2.0,9500.0,36,11.31,RENT,debt_consolidation,0,5,29.2,0
28100.0,713,4.0,7600.0,36,10.93,OWN,debt_consolidation,1,9,33.1,0
86200.0,643,5.0,19800.0,36,15.4,MORTGAGE,debt_consolidation,1,6,25.4,0
68100.0,691,5.0,12800.0,36,14.5,RENT,debt_consolidation,2,16,40.0,0
62500.0,760,7.0,7800.0,60,13.79,OWN,home_improvement,1,10,21.5,0
67600.0,815,0.0,8900.0,36,10.41,MORTGAGE,debt_consolidation,0,8,21.9,0
144000.0,736,1.0,7600.0,60,14.7,RENT,debt_consolidation,0,11,14.5,0
131000.0,801,0.0,30100.0,36,10.91,MORTGAGE,credit_card,0,3,33.0,0
36000.0,639,4.0,11000.0,36,14.68,MORTGAGE,medical,0,11,43.6,0
101800.0,726,0.0,11800.0,36,12.72,MORTGAGE,credit_card,0,8,21.8,0
58200.0,767,10.0,15700.0,60,16.55,OWN,credit_card,1,13,33.1,0
61400.0,622,2.0,6000.0,36,15.93,OWN,debt_consolidation,0,9,21.4,0
22900.0,648,15.0,18900.0,60,21.04,RENT,credit_card,0,9,,0
45400.0,793,5.0,8100.0,60,11.39,OWN,debt_consolidation,0,7,22.4,0
34000.0,617,4.0,27300.0,60,19.76,RENT,other,0,9,65.0,1
71200.0,593,10.0,9400.0,36,12.15,MORTGAGE,debt_consolidation,0,9,22.1,0
79400.0,779,7.0,18400.0,36,12.28,OWN,debt_consolidation,1,10,31.4,0
19300.0,758,7.0,3100.0,60,16.46,MORTGAGE,debt_consolidation,1,6,22.7,0
48500.0,708,15.0,6100.0,36,9.9,RENT,medical,0,4,21.1,0
81200.0,677,4.0,9400.0,36,14.01,MORTGAGE,credit_card,0,10,14.3,0
45100.0,651,10.0,4000.0,36,16.17,MORTGAGE,major_purchase,0,8,29.8,0
68100.0,698,4.0,14800.0,60,19.24,RENT,small_business,0,11,33.9,0
57400.0,783,10.0,12800.0,36,8.57,OWN,other,0,6,31.9,0
57200.0,696,2.0,6700.0,36,15.36,MORTGAGE,debt_consolidation,0,15,24.0,0
43400.0,821,3.0,10900.0,36,11.43,MORTGAGE,debt_consolidation,0,12,36.6,0
28400.0,622,7.0,16400.0,60,21.23,MORTGAGE,small_business,1,10,65.0,1
29600.0,679,2.0,3800.0,36,14.66,RENT,home_improvement,0,10,18.0,0
67500.0,656,2.0,5800.0,36,13.12,OWN,small_business,0,11,13.4,0
49500.0,609,3.0,9300.0,36,14.65,RENT,home_improvement,1,14,24.9,0
46100.0,670,7.0,11100.0,36,13.52,RENT,home_improvement,0,8,36.4,0
40500.0,707,15.0,10600.0,36,14.57,OWN,other,1,10,38.6,1
42700.0,714,7.0,17100.0,36,14.59,OWN,other,1,8,44.4,0
78500.0,821,10.0,13900.0,36,7.82,MORTGAGE,debt_consolidation,0,9,29.4,0
42200.0,710,5.0,15500.0,36,17.35,RENT,credit_card,0,6,44.9,0
26800.0,755,0.0,5500.0,36,15.18,RENT,credit_card,0,6,15.9,0
68500.0,684,1.0,11800.0,60,18.69,MORTGAGE,credit_card,2,6,34.4,0
44700.0,789,5.0,9400.0,36,10.39,MORTGAGE,debt_consolidation,0,9,24.0,0
49700.0,836,3.0,22700.0,36,10.22,MORTGAGE,credit_card,0,7,54.9,0
101100.0,715,2.0,11900.0,36,11.88,MORTGAGE,other,0,10,29.8,0
48600.0,615,4.0,7800.0,36,14.61,MORTGAGE,debt_consolidation,0,12,15.0,0
55800.0,644,7.0,16800.0,60,18.52,MORTGAGE,major_purchase,0,12,41.8,0
28800.0,698,4.0,14500.0,60,14.51,MORTGAGE,debt_consolidation,0,11,53.3,0
44400.0,710,10.0,7300.0,36,11.98,MORTGAGE,home_improvement,0,9,21.2,0
64500.0,725,10.0,9200.0,60,11.55,OWN,credit_card,0,11,9.2,0
24300.0,710,10.0,9300.0,60,22.83,OWN,debt_consolidation,1,10,52.2,0
53700.0,680,20.0,20200.0,36,12.89,RENT,medical,0,13,40.8,0
51300.0,639,3.0,12100.0,36,13.49,OWN,other,0,9,32.1,0
49900.0,706,7.0,15700.0,36,15.79,RENT,credit_card,0,8,43.4,0
78200.0,801,15.0,8500.0,60,10.7,OWN,home_improvement,0,3,28.2,0
57000.0,746,5.0,12900.0,36,14.78,MORTGAGE,credit_card,1,11,42.3,0
95300.0,715,10.0,21000.0,36,13.91,MORTGAGE,debt_consolidation,0,10,22.7,0
31300.0,747,4.0,9100.0,60,16.87,RENT,debt_consolidation,0,6,38.5,0
52100.0,656,7.0,11600.0,36,16.31,RENT,major_purchase,0,12,45.5,0
50900.0,647,0.0,5500.0,36,11.62,RENT,credit_card,0,5,21.3,0
30300.0,631,20.0,7500.0,36,16.82,OWN,debt_consolidation,0,7,34.8,0
75400.0,672,10.0,9300.0,36,10.74,MORTGAGE,other,0,9,23.3,0
139500.0,653,15.0,6400.0,36,11.22,MORTGAGE,debt_consolidation,0,11,12.0,0
48600.0,759,7.0,21200.0,36,16.89,OWN,debt_consolidation,0,13,58.9,0
61500.0,649,2.0,7200.0,36,11.78,RENT,medical,0,8,18.3,0
50900.0,628,0.0,16200.0,60,20.16,MORTGAGE,credit_card,2,5,51.1,1
35600.0,806,15.0,12000.0,36,11.01,MORTGAGE,home_improvement,0,9,34.3,0
21600.0,651,4.0,11100.0,36,15.9,RENT,debt_consolidation,0,8,47.8,0
35700.0,690,2.0,23000.0,36,17.86,MORTGAGE,other,0,9,65.0,1
26200.0,709,5.0,3500.0,60,12.91,MORTGAGE,debt_consolidation,0,8,14.4,0
105500.0,606,4.0,9900.0,60,18.52,RENT,debt_consolidation,2,17,12.6,0
46500.0,760,7.0,6400.0,36,18.84,MORTGAGE,debt_consolidation,3,7,40.5,0
42000.0,721,5.0,4100.0,36,10.9,MORTGAGE,credit_card,0,12,21.7,0
73100.0,781,7.0,6000.0,60,12.86,RENT,major_purchase,0,6,16.7,0
29600.0,636,15.0,11000.0,36,14.4,RENT,debt_consolidation,0,11,43.9,0
34700.0,686,2.0,7600.0,36,14.43,MORTGAGE,debt_consolidation,0,10,35.6,0
50500.0,683,3.0,17100.0,36,14.23,MORTGAGE,credit_card,0,3,48.9,0
77900.0,697,4.0,9800.0,60,15.09,MORTGAGE,other,1,8,17.5,0
61400.0,585,20.0,9300.0,60,20.83,RENT,debt_consolidation,1,11,23.6,0
54800.0,687,3.0,9300.0,36,13.4,MORTGAGE,credit_card,0,8,23.5,0
50800.0,587,4.0,10400.0,36,16.38,MORTGAGE,home_improvement,0,5,33.4,0
58700.0,703,7.0,8900.0,60,14.15,RENT,major_purchase,0,10,21.4,0
53700.0,542,,7100.0,36,20.02,MORTGAGE,small_business,2,9,29.1,1
30800.0,560,20.0,17900.0,36,17.65,MORTGAGE,debt_consolidation,0,6,65.0,1
50000.0,733,15.0,8000.0,36,14.74,MORTGAGE,credit_card,0,5,29.3,0
30200.0,644,5.0,9000.0,36,15.6,RENT,debt_consolidation,0,15,42.1,0
50800.0,616,7.0,13600.0,60,16.93,RENT,home_improvement,0,8,31.8,0
39500.0,763,0.0,12800.0,36,13.44,MORTGAGE,debt_consolidation,0,5,35.4,0
153700.0,701,7.0,7000.0,36,10.99,MORTGAGE,debt_consolidation,0,6,6.7,0
48100.0,737,7.0,16000.0,36,18.0,MORTGAGE,debt_consolidation,1,11,54.0,0
26100.0,669,3.0,14300.0,60,23.33,RENT,other,0,12,65.0,1
46100.0,850,2.0,12000.0,60,9.41,RENT,small_business,0,3,40.7,0
61900.0,641,15.0,8800.0,36,15.27,MORTGAGE,debt_consolidation,2,6,18.0,0
104100.0,793,4.0,8900.0,60,15.6,OWN,debt_consolidation,2,8,18.3,0
37600.0,676,7.0,9900.0,36,14.98,MORTGAGE,debt_consolidation,0,12,29.4,0
24100.0,572,0.0,5900.0,60,18.65,MORTGAGE,debt_consolidation,0,6,30.6,0
70800.0,711,4.0,10700.0,36,12.01,OWN,small_business,0,8,10.2,0
26300.0,700,10.0,17100.0,36,15.23,MORTGAGE,small_business,0,11,65.0,1
40300.0,612,4.0,17000.0,36,23.82,MORTGAGE,major_purchase,3,11,65.0,1
43700.0,620,7.0,9000.0,36,19.18,RENT,other,0,11,32.2,0
47500.0,678,2.0,18600.0,60,18.83,OWN,credit_card,1,9,50.5,0
66800.0,703,4.0,28400.0,60,13.51,MORTGAGE,medical,0,7,48.0,0
36000.0,519,15.0,9300.0,36,17.79,RENT,small_business,0,5,,0
43300.0,748,5.0,15500.0,36,14.38,RENT,credit_card,0,8,46.9,0
48700.0,648,15.0,3500.0,60,17.02,RENT,other,0,10,15.8,0
52400.0,593,15.0,5800.0,36,14.98,RENT,other,0,10,14.0,0
51200.0,741,20.0,11400.0,36,13.42,RENT,medical,0,7,35.4,0
59600.0,678,15.0,6600.0,60,15.16,OWN,debt_consolidation,0,7,15.1,0
71700.0,759,0.0,30300.0,36,15.96,RENT,debt_consolidation,0,8,56.7,0
58500.0,708,15.0,14700.0,36,13.56,MORTGAGE,other,0,6,25.9,0
60100.0,680,1.0,17700.0,36,14.33,RENT,credit_card,0,5,32.0,0
24100.0,670,0.0,10800.0,36,15.08,MORTGAGE,major_purchase,0,6,58.4,1
50100.0,711,0.0,6600.0,60,12.47,MORTGAGE,small_business,2,10,23.3,0
60800.0,653,3.0,8400.0,36,16.27,RENT,major_purchase,0,10,29.6,0
68100.0,625,7.0,12400.0,36,14.41,OWN,debt_consolidation,0,4,29.8,1
35900.0,720,4.0,8000.0,36,16.3,MORTGAGE,credit_card,0,7,37.3,0
36400.0,671,0.0,15300.0,36,16.3,OWN,medical,0,11,49.2,0
37900.0,682,5.0,15600.0,36,11.69,RENT,credit_card,0,6,42.7,0
62400.0,751,4.0,11000.0,60,13.84,MORTGAGE,small_business,0,10,19.7,0
78100.0,673,10.0,4400.0,36,12.54,OWN,small_business,0,9,19.7,0
40800.0,681,2.0,25800.0,60,16.8,MORTGAGE,debt_consolidation,0,7,65.0,1
73800.0,641,2.0,9800.0,36,15.58,MORTGAGE,debt_consolidation,1,8,24.9,1
51800.0,708,2.0,40000.0,36,16.71,MORTGAGE,small_business,1,4,65.0,1
46400.0,703,3.0,15200.0,60,15.73,MORTGAGE,debt_consolidation,0,6,44.6,0
44600.0,739,7.0,9800.0,36,7.08,MORTGAGE,debt_consolidation,0,8,20.5,0
68600.0,642,5.0,13700.0,36,15.32,RENT,other,0,11,35.6,0
56800.0,650,3.0,4000.0,36,14.05,MORTGAGE,home_improvement,1,7,10.3,0
136500.0,731,3.0,18300.0,36,15.66,MORTGAGE,other,0,16,15.3,0
33400.0,696,3.0,39500.0,60,16.5,RENT,debt_consolidation,0,14,65.0,1
61900.0,621,20.0,3800.0,36,14.77,RENT,home_improvement,0,10,27.6,0
38600.0,765,2.0,9500.0,60,13.55,RENT,debt_consolidation,0,4,30.0,0
33200.0,570,10.0,10400.0,36,17.76,MORTGAGE,debt_consolidation,0,7,36.7,1
48800.0,731,7.0,16900.0,36,14.22,MORTGAGE,other,0,13,40.7,0
52100.0,598,0.0,31400.0,60,20.62,MORTGAGE,debt_consolidation,0,13,65.0,1
182300.0,803,20.0,13200.0,60,10.32,MORTGAGE,debt_consolidation,0,9,26.1,0
45100.0,580,10.0,31900.0,60,22.69,MORTGAGE,medical,0,6,65.0,1
29500.0,755,7.0,11900.0,36,13.78,OWN,major_purchase,0,10,53.3,0
55400.0,675,4.0,13700.0,36,13.42,RENT,other,0,11,29.5,0
19300.0,656,5.0,12900.0,36,16.48,MORTGAGE,debt_consolidation,0,9,65.0,0
47000.0,692,2.0,20100.0,36,15.87,RENT,debt_consolidation,0,7,,0
49400.0,721,0.0,8900.0,36,15.24,RENT,credit_card,0,8,30.4,0
70100.0,621,10.0,16500.0,60,15.44,RENT,home_improvement,0,10,32.1,0
76000.0,627,15.0,5900.0,60,18.44,MORTGAGE,debt_consolidation,0,8,14.7,0
39100.0,722,1.0,9500.0,36,13.54,MORTGAGE,debt_consolidation,0,8,31.8,0
45800.0,569,10.0,8000.0,36,16.89,MORTGAGE,small_business,0,5,29.0,1
34700.0,642,,11400.0,60,18.54,RENT,home_improvement,0,12,51.1,0
29500.0,850,1.0,9300.0,36,12.3,OWN,debt_consolidation,1,12,,0
56400.0,617,4.0,19300.0,36,17.17,RENT,other,0,11,32.1,0
27600.0,755,4.0,7000.0,36,11.59,OWN,debt_consolidation,0,16,37.7,0
40700.0,642,10.0,4600.0,36,17.91,OWN,medical,0,9,26.0,0
31300.0,713,10.0,5500.0,36,15.08,MORTGAGE,other,0,13,39.2,0
62800.0,723,1.0,18000.0,36,12.95,RENT,credit_card,0,6,38.9,0
110300.0,753,5.0,6700.0,36,10.64,MORTGAGE,credit_card,0,11,10.6,0
27300.0,667,10.0,13300.0,36,15.68,MORTGAGE,debt_consolidation,0,8,52.9,0
21300.0,809,10.0,9400.0,36,10.65,MORTGAGE,major_purchase,0,7,53.1,0
46300.0,642,1.0,16500.0,36,15.93,RENT,debt_consolidation,0,9,37.6,0
49400.0,695,5.0,9700.0,60,14.49,MORTGAGE,home_improvement,0,9,28.8,0
54100.0,696,15.0,40000.0,36,16.78,MORTGAGE,credit_card,0,5,65.0,1
40100.0,607,3.0,28300.0,36,20.18,RENT,debt_consolidation,0,5,65.0,1
44800.0,661,4.0,9300.0,60,16.98,OWN,other,0,13,29.5,0
57800.0,690,10.0,8700.0,36,10.57,OWN,medical,0,13,13.5,0
78300.0,652,1.0,40000.0,36,17.0,RENT,debt_consolidation,0,9,59.9,0
20300.0,839,15.0,6400.0,60,9.49,RENT,credit_card,0,7,30.7,0
41500.0,625,3.0,10600.0,36,14.49,MORTGAGE,credit_card,0,8,37.1,0
54000.0,757,0.0,11100.0,60,12.14,RENT,medical,0,12,36.6,0
32400.0,736,2.0,10900.0,60,13.93,RENT,debt_consolidation,0,7,47.9,0
106800.0,679,1.0,4600.0,36,12.14,OWN,other,1,14,8.9,0
36800.0,624,1.0,14000.0,36,12.96,OWN,debt_consolidation,0,5,38.6,1
48100.0,630,7.0,6700.0,36,14.28,RENT,debt_consolidation,0,10,17.6,0
63000.0,646,2.0,22400.0,36,14.82,MORTGAGE,home_improvement,0,6,43.3,0
37600.0,564,15.0,5300.0,60,15.91,RENT,debt_consolidation,0,6,8.9,0
21400.0,615,,11300.0,36,19.31,RENT,medical,1,13,64.3,1
40400.0,584,4.0,3600.0,36,15.58,RENT,debt_consolidation,0,6,,0
77900.0,767,4.0,3700.0,36,14.93,RENT,other,2,9,15.5,0
42100.0,720,7.0,7200.0,36,11.11,MORTGAGE,medical,0,12,18.8,0
33500.0,731,4.0,7700.0,36,10.97,MORTGAGE,major_purchase,0,5,,0
74400.0,718,1.0,22800.0,36,12.3,MORTGAGE,credit_card,0,6,41.1,0
42200.0,691,15.0,10700.0,60,16.66,MORTGAGE,credit_card,0,7,42.5,0
39000.0,775,4.0,20900.0,36,15.8,RENT,credit_card,0,10,57.2,0
52400.0,640,0.0,9000.0,36,12.96,MORTGAGE,other,0,7,25.4,0
69300.0,687,5.0,14800.0,36,14.85,RENT,debt_consolidation,0,7,31.5,0
143200.0,729,7.0,7600.0,36,12.75,RENT,credit_card,0,7,13.1,0
71100.0,594,2.0,7400.0,36,16.74,RENT,other,0,12,25.8,0
82600.0,850,10.0,4400.0,36,9.24,RENT,credit_card,0,12,16.8,0
39000.0,682,7.0,12900.0,36,16.24,MORTGAGE,credit_card,1,12,56.9,0
30900.0,689,7.0,12500.0,36,14.08,RENT,home_improvement,0,7,49.7,0
50400.0,762,4.0,16100.0,36,18.5,MORTGAGE,other,2,9,48.9,0
51400.0,739,20.0,12200.0,60,13.28,OWN,debt_consolidation,0,9,31.1,0
30200.0,682,2.0,30100.0,36,16.52,RENT,other,0,12,65.0,1
45300.0,688,5.0,11900.0,60,16.33,MORTGAGE,debt_consolidation,0,10,36.8,0
58700.0,582,3.0,18000.0,36,17.66,MORTGAGE,major_purchase,0,8,38.4,0
57700.0,644,10.0,9300.0,60,17.62,OWN,debt_consolidation,0,6,25.0,0
61500.0,714,0.0,6900.0,36,9.95,RENT,debt_consolidation,0,11,26.6,0
55900.0,709,0.0,15700.0,36,13.25,MORTGAGE,major_purchase,2,9,32.6,0
39000.0,759,10.0,10500.0,60,13.61,RENT,credit_card,1,4,31.7,0
38900.0,672,4.0,16600.0,60,16.54,MORTGAGE,credit_card,0,9,50.2,1
28600.0,590,3.0,13000.0,60,19.63,RENT,credit_card,0,11,59.6,1
109400.0,749,7.0,7400.0,36,10.22,RENT,home_improvement,0,4,8.9,0
49300.0,773,7.0,18700.0,36,11.0,RENT,debt_consolidation,0,6,45.4,0
44300.0,738,2.0,7100.0,36,12.9,RENT,debt_consolidation,0,10,20.0,0
32300.0,669,2.0,15000.0,36,18.76,RENT,credit_card,0,7,65.0,1
183700.0,748,20.0,20800.0,60,13.8,MORTGAGE,debt_consolidation,0,9,21.4,0
30200.0,850,5.0,9000.0,36,8.77,MORTGAGE,home_improvement,0,5,,0
40400.0,687,4.0,19500.0,36,18.1,MORTGAGE,major_purchase,0,9,60.0,0
59100.0,595,10.0,13300.0,36,17.6,RENT,small_business,1,16,34.4,0
64200.0,642,5.0,16700.0,36,17.17,RENT,credit_card,0,7,48.0,0
75400.0,721,2.0,7200.0,36,10.54,MORTGAGE,credit_card,0,10,18.2,0
110600.0,576,2.0,12200.0,36,13.97,RENT,debt_consolidation,0,8,21.5,0
61600.0,691,4.0,5400.0,36,11.79,OWN,other,0,7,3.9,0
30500.0,705,15.0,25700.0,36,20.1,OWN,credit_card,1,13,65.0,1
43700.0,780,0.0,4000.0,36,12.05,RENT,debt_consolidation,1,6,18.5,0
56300.0,765,2.0,9200.0,36,12.91,OWN,debt_consolidation,0,9,22.9,0
124300.0,736,15.0,6900.0,60,13.3,MORTGAGE,home_improvement,0,7,9.9,0
26100.0,539,1.0,15300.0,36,19.39,MORTGAGE,home_improvement,0,5,65.0,1
84200.0,740,7.0,28600.0,36,12.76,MORTGAGE,debt_consolidation,0,4,37.6,0
53200.0,726,2.0,15200.0,36,15.69,RENT,credit_card,1,11,35.4,0
71500.0,697,7.0,40000.0,60,19.66,MORTGAGE,home_improvement,0,5,63.5,0
46800.0,568,4.0,5500.0,36,16.37,MORTGAGE,debt_consolidation,0,3,23.7,0
33600.0,630,1.0,5700.0,60,12.55,MORTGAGE,credit_card,0,10,18.2,0
68700.0,604,5.0,7000.0,36,16.33,MORTGAGE,debt_consolidation,0,7,21.3,0
65800.0,549,7.0,11600.0,36,18.67,RENT,debt_consolidation,0,11,28.4,1
75900.0,680,7.0,6500.0,36,13.97,RENT,credit_card,0,11,19.5,0
48700.0,628,7.0,7500.0,36,10.45,OWN,small_business,0,9,18.3,0
37400.0,850,5.0,14900.0,36,10.09,RENT,debt_consolidation,0,9,45.1,0
24300.0,669,5.0,5900.0,36,11.69,MORTGAGE,small_business,0,7,31.7,0
70900.0,764,7.0,6200.0,36,13.11,RENT,home_improvement,2,7,23.5,0
59300.0,578,7.0,9000.0,36,17.51,RENT,credit_card,0,8,22.4,0
31700.0,646,7.0,9400.0,36,17.03,RENT,other,0,9,39.5,1
38500.0,686,5.0,18100.0,60,17.6,RENT,medical,0,6,55.5,0
39700.0,621,1.0,7000.0,36,16.79,MORTGAGE,credit_card,0,8,18.3,0
25200.0,653,2.0,7600.0,36,18.98,OWN,credit_card,2,10,45.1,1
33900.0,666,2.0,14600.0,36,18.12,MORTGAGE,debt_consolidation,0,6,47.5,0
29400.0,665,15.0,16300.0,36,20.89,MORTGAGE,other,2,4,65.0,1
40700.0,801,10.0,22300.0,60,16.57,MORTGAGE,medical,1,3,62.7,0
35200.0,705,5.0,13800.0,36,12.69,OWN,small_business,0,9,39.3,0
23600.0,711,2.0,11700.0,36,12.71,MORTGAGE,debt_consolidation,0,7,53.5,1
121800.0,715,1.0,14600.0,36,13.53,RENT,small_business,1,11,27.8,0
86100.0,720,15.0,9600.0,36,14.15,MORTGAGE,debt_consolidation,1,11,33.6,0
34500.0,675,15.0,9500.0,60,15.91,MORTGAGE,debt_consolidation,0,5,37.7,0
55400.0,659,1.0,4500.0,36,16.43,MORTGAGE,small_business,1,9,25.0,1
59200.0,691,10.0,17100.0,60,17.11,OWN,other,0,12,28.6,0
83800.0,755,4.0,12200.0,60,16.72,RENT,debt_consolidation,1,12,25.9,0
33900.0,753,3.0,16100.0,60,13.75,OWN,debt_consolidation,0,12,59.2,0
80100.0,664,10.0,2700.0,36,13.74,RENT,debt_consolidation,0,12,,0
38300.0,730,7.0,10700.0,36,13.07,RENT,other,0,10,29.4,0
26900.0,667,10.0,7100.0,36,12.81,MORTGAGE,small_business,0,8,30.8,0
67900.0,682,0.0,23200.0,60,14.87,RENT,home_improvement,1,1,37.5,0
87600.0,649,3.0,14900.0,36,13.73,MORTGAGE,credit_card,1,11,27.9,0
157100.0,668,3.0,12300.0,60,11.79,OWN,credit_card,0,6,10.2,0
28600.0,767,3.0,8800.0,60,13.06,OWN,debt_consolidation,0,4,42.3,0
67100.0,686,5.0,13300.0,60,15.09,MORTGAGE,debt_consolidation,0,10,,0
40800.0,689,3.0,6900.0,36,12.93,MORTGAGE,major_purchase,0,11,26.3,0
69700.0,586,4.0,10400.0,36,13.11,OWN,credit_card,0,7,9.3,0
25300.0,660,3.0,8200.0,36,15.14,MORTGAGE,debt_consolidation,1,5,50.5,1
27800.0,664,10.0,34000.0,36,17.89,OWN,home_improvement,1,9,65.0,1
34600.0,626,7.0,22800.0,60,19.66,OWN,debt_consolidation,0,8,65.0,1
50800.0,681,7.0,18600.0,60,14.95,RENT,credit_card,0,9,43.0,0
36700.0,652,2.0,5200.0,36,14.67,RENT,debt_consolidation,0,13,38.6,0
65900.0,685,3.0,16800.0,36,13.61,MORTGAGE,small_business,0,11,31.5,0
77800.0,688,0.0,12000.0,36,18.07,OWN,debt_consolidation,2,10,32.7,0
64200.0,618,1.0,20200.0,36,16.45,MORTGAGE,credit_card,0,11,43.7,1
101600.0,654,2.0,12900.0,36,12.2,MORTGAGE,small_business,0,7,16.1,0
59100.0,685,0.0,10900.0,36,18.61,RENT,home_improvement,0,6,35.4,0
28400.0,757,7.0,12300.0,60,12.32,RENT,credit_card,0,7,38.7,0
90500.0,697,20.0,4400.0,60,14.56,OWN,debt_consolidation,0,13,10.6,0
37300.0,637,1.0,7500.0,36,13.67,MORTGAGE,other,0,6,27.3,0
73800.0,706,10.0,13200.0,36,12.68,MORTGAGE,debt_consolidation,1,4,27.1,0
99500.0,791,1.0,19300.0,36,7.42,OWN,small_business,0,4,23.8,0
60200.0,740,7.0,8300.0,60,13.7,OWN,other,0,8,15.5,0
25000.0,716,7.0,10700.0,36,16.19,MORTGAGE,debt_consolidation,2,10,58.3,0
32400.0,727,15.0,4900.0,36,13.39,MORTGAGE,debt_consolidation,0,4,20.3,0
88900.0,774,1.0,22700.0,36,12.97,MORTGAGE,debt_consolidation,1,14,36.4,0
45400.0,750,3.0,19100.0,36,14.15,RENT,debt_consolidation,0,13,54.5,1
50800.0,717,1.0,15200.0,60,16.11,MORTGAGE,credit_card,0,5,27.8,0
69000.0,749,4.0,13400.0,60,15.65,RENT,credit_card,0,5,29.1,0
67100.0,610,15.0,23800.0,36,19.25,MORTGAGE,small_business,1,6,46.2,0
55600.0,582,10.0,7300.0,60,18.64,OWN,other,0,9,18.9,0
44600.0,690,10.0,6900.0,36,13.55,OWN,credit_card,0,10,24.3,0
42600.0,684,5.0,18600.0,36,13.6,RENT,small_business,0,12,50.9,0
72100.0,645,15.0,18000.0,60,18.8,MORTGAGE,debt_consolidation,0,12,37.0,0
62900.0,734,4.0,6000.0,36,12.23,RENT,debt_consolidation,0,7,22.6,0
43700.0,559,1.0,8400.0,36,17.92,RENT,debt_consolidation,0,9,28.8,0
79800.0,645,10.0,25500.0,60,19.75,MORTGAGE,small_business,2,8,41.7,1
46300.0,648,2.0,13400.0,36,19.03,MORTGAGE,other,2,9,42.1,1
33400.0,574,0.0,16200.0,36,17.74,RENT,medical,0,8,44.7,1
34800.0,777,1.0,6100.0,36,12.8,RENT,debt_consolidation,0,10,29.0,0
31600.0,592,7.0,15200.0,36,21.38,MORTGAGE,debt_consolidation,1,10,60.4,1
43400.0,642,7.0,5400.0,36,14.9,RENT,debt_consolidation,1,9,24.3,0
85400.0,739,2.0,4100.0,36,10.48,RENT,debt_consolidation,0,11,9.7,0
34100.0,722,10.0,15700.0,36,16.27,MORTGAGE,debt_consolidation,0,6,64.0,0
53400.0,608,10.0,22400.0,60,18.53,MORTGAGE,debt_consolidation,1,7,62.7,1
36500.0,724,15.0,9600.0,60,14.13,MORTGAGE,debt_consolidation,0,11,40.0,0
43600.0,699,5.0,8300.0,36,12.68,RENT,debt_consolidation,0,11,21.2,0
24800.0,832,10.0,25700.0,60,13.28,RENT,debt_consolidation,0,6,65.0,0
44400.0,706,10.0,9900.0,36,14.11,RENT,small_business,0,11,35.3,0
44900.0,671,2.0,10600.0,60,14.15,RENT,home_improvement,0,11,30.6,0
62500.0,624,3.0,25500.0,60,18.99,RENT,other,0,3,56.1,0
54200.0,632,5.0,9200.0,36,11.56,MORTGAGE,credit_card,0,6,16.0,1
28600.0,626,0.0,7900.0,36,14.3,RENT,credit_card,0,8,24.5,0
79800.0,769,3.0,16400.0,60,13.59,RENT,debt_consolidation,0,11,38.2,0
53900.0,681,5.0,7700.0,36,12.55,RENT,debt_consolidation,0,8,31.4,0
53600.0,717,1.0,10200.0,36,13.03,MORTGAGE,small_business,0,9,23.9,0
48800.0,778,1.0,5700.0,36,11.56,RENT,debt_consolidation,0,5,26.6,0
38800.0,527,4.0,12000.0,36,20.33,RENT,major_purchase,0,11,44.0,0
54100.0,763,10.0,11300.0,36,11.66,RENT,small_business,2,12,37.3,0
60700.0,684,10.0,17700.0,36,16.15,OWN,small_business,0,10,43.0,0
22300.0,708,5.0,16800.0,36,17.39,OWN,small_business,0,10,65.0,0
38500.0,626,5.0,14400.0,36,17.44,MORTGAGE,small_business,0,12,40.4,0
43700.0,631,4.0,13300.0,36,15.21,RENT,credit_card,0,6,37.6,0
55000.0,712,2.0,10500.0,60,14.15,RENT,home_improvement,0,4,31.9,0
83900.0,835,1.0,14800.0,60,10.54,MORTGAGE,credit_card,0,6,28.6,0
34600.0,745,10.0,6300.0,36,12.27,RENT,debt_consolidation,0,6,25.2,0
39200.0,762,4.0,3400.0,60,10.92,MORTGAGE,debt_consolidation,0,7,14.7,0
38900.0,668,10.0,19600.0,60,16.65,MORTGAGE,credit_card,0,5,60.1,0
34200.0,641,7.0,15300.0,60,17.87,MORTGAGE,debt_consolidation,0,6,57.4,0
41900.0,629,2.0,10300.0,60,19.08,RENT,medical,0,11,39.4,0
69300.0,648,5.0,18700.0,60,13.82,RENT,debt_consolidation,0,8,25.6,0
30500.0,547,4.0,7600.0,36,18.72,MORTGAGE,debt_consolidation,0,7,27.4,0
59400.0,633,4.0,7700.0,36,12.77,MORTGAGE,credit_card,0,9,18.2,0
22800.0,644,5.0,7200.0,36,19.26,MORTGAGE,major_purchase,0,5,46.7,0
38100.0,669,20.0,14500.0,36,20.55,RENT,credit_card,2,11,51.1,0
42300.0,689,10.0,5000.0,60,16.12,MORTGAGE,debt_consolidation,0,9,7.2,0
104200.0,704,15.0,7500.0,36,10.92,OWN,credit_card,0,7,17.1,0
43300.0,679,0.0,12600.0,60,16.22,MORTGAGE,home_improvement,0,12,32.6,0
18200.0,642,1.0,6000.0,60,15.97,RENT,small_business,0,6,37.0,0
19900.0,552,1.0,7900.0,36,16.96,MORTGAGE,major_purchase,0,9,38.7,1
49800.0,643,2.0,3600.0,36,14.53,MORTGAGE,small_business,0,6,13.5,0
64600.0,617,4.0,14800.0,36,14.87,OWN,debt_consolidation,0,12,26.1,0
58000.0,710,7.0,7800.0,36,13.51,MORTGAGE,debt_consolidation,1,6,14.6,1
52900.0,739,5.0,6300.0,60,13.45,MORTGAGE,other,0,10,26.6,0
82700.0,741,15.0,5700.0,60,10.54,MORTGAGE,debt_consolidation,0,9,14.8,0
38500.0,729,15.0,8900.0,36,14.07,RENT,debt_consolidation,0,10,32.1,0
73300.0,671,1.0,5000.0,36,14.59,MORTGAGE,small_business,0,6,5.2,0
23500.0,646,15.0,28900.0,36,20.47,RENT,home_improvement,0,8,65.0,1
32600.0,631,5.0,3300.0,36,13.32,MORTGAGE,credit_card,0,6,21.0,0
21700.0,582,4.0,8700.0,60,16.69,MORTGAGE,debt_consolidation,0,7,35.1,0
43300.0,744,10.0,11500.0,36,10.93,MORTGAGE,debt_consolidation,0,11,36.3,0
48000.0,669,1.0,7400.0,36,13.93,RENT,small_business,0,12,26.4,0
51600.0,599,15.0,12200.0,36,20.27,RENT,debt_consolidation,0,9,33.9,0
50400.0,626,7.0,7300.0,36,14.77,RENT,credit_card,0,8,24.3,0
32300.0,624,15.0,23500.0,36,20.92,MORTGAGE,small_business,1,6,65.0,1
45000.0,683,20.0,6300.0,36,12.3,MORTGAGE,other,0,11,16.5,0
25000.0,749,5.0,3400.0,36,9.96,MORTGAGE,medical,0,9,9.7,0
90500.0,657,1.0,5700.0,36,13.56,RENT,medical,1,12,25.8,1
42800.0,534,1.0,13300.0,36,19.76,RENT,credit_card,0,9,40.3,1
39300.0,668,3.0,10300.0,36,13.14,OWN,other,0,8,26.0,0
100200.0,670,1.0,15900.0,60,15.19,RENT,small_business,0,8,23.3,0
28000.0,665,10.0,14100.0,60,19.82,MORTGAGE,medical,0,5,55.5,1
29500.0,639,3.0,8000.0,36,13.58,MORTGAGE,debt_consolidation,0,13,38.5,0
29900.0,694,20.0,8600.0,60,16.51,MORTGAGE,debt_consolidation,1,6,38.2,0
47500.0,684,7.0,9000.0,60,15.25,MORTGAGE,credit_card,0,14,20.7,0
59500.0,678,1.0,28100.0,36,16.75,RENT,major_purchase,0,5,62.6,0
68400.0,707,5.0,15500.0,60,12.91,OWN,credit_card,0,14,32.3,0
156000.0,652,4.0,28200.0,36,14.79,RENT,medical,0,10,35.4,0
17800.0,648,5.0,16700.0,60,21.6,RENT,debt_consolidation,0,9,65.0,1
64500.0,770,5.0,10600.0,36,11.85,MORTGAGE,debt_consolidation,0,10,31.5,0
38200.0,716,0.0,6600.0,60,13.06,RENT,major_purchase,0,14,22.9,0
37700.0,734,7.0,12100.0,36,16.64,MORTGAGE,home_improvement,3,9,46.6,0
37100.0,760,5.0,10600.0,36,12.94,MORTGAGE,credit_card,0,12,34.8,0
32600.0,714,10.0,10400.0,36,16.19,RENT,medical,0,8,42.9,1
104600.0,740,10.0,9900.0,36,13.6,RENT,major_purchase,0,4,18.0,0
71600.0,577,2.0,3900.0,36,15.89,RENT,debt_consolidation,1,5,18.2,0
49500.0,693,0.0,20500.0,36,16.99,RENT,major_purchase,0,11,39.4,0
90000.0,668,7.0,10700.0,36,13.02,RENT,debt_consolidation,0,14,15.1,0
24800.0,789,20.0,5400.0,36,14.37,MORTGAGE,home_improvement,1,11,40.5,0
26900.0,740,4.0,13900.0,36,17.46,RENT,debt_consolidation,1,9,65.0,0
18400.0,639,2.0,7100.0,36,17.66,RENT,debt_consolidation,0,5,39.2,1
35800.0,704,1.0,14500.0,36,17.97,RENT,credit_card,0,13,53.3,1
52700.0,691,3.0,17000.0,36,19.28,MORTGAGE,debt_consolidation,2,8,45.7,1
51300.0,710,3.0,18200.0,36,14.84,MORTGAGE,debt_consolidation,0,8,41.4,0
52400.0,614,4.0,10100.0,36,16.89,OWN,credit_card,0,8,21.1,0
26000.0,703,7.0,8900.0,36,11.95,RENT,credit_card,0,13,30.9,0
70400.0,665,2.0,8000.0,36,10.48,RENT,debt_consolidation,0,7,12.8,0
54600.0,698,0.0,7600.0,36,11.63,RENT,debt_consolidation,0,4,21.0,0
68200.0,633,3.0,10800.0,36,13.25,RENT,debt_consolidation,0,7,23.5,0
20900.0,642,15.0,9900.0,36,17.35,MORTGAGE,debt_consolidation,0,11,61.0,0
56400.0,756,5.0,7200.0,36,11.98,MORTGAGE,credit_card,0,6,22.0,0
28700.0,612,20.0,6200.0,36,14.92,RENT,debt_consolidation,0,7,23.6,0
41000.0,616,5.0,10400.0,60,17.12,MORTGAGE,other,0,12,26.9,0
62300.0,677,2.0,8800.0,60,18.68,MORTGAGE,debt_consolidation,1,14,31.7,1
51100.0,630,2.0,6200.0,60,16.09,OWN,debt_consolidation,0,14,24.4,0
33400.0,622,7.0,16600.0,36,17.88,RENT,credit_card,0,11,56.3,0
49200.0,687,5.0,26500.0,36,17.81,RENT,debt_consolidation,0,11,65.0,0
24600.0,582,7.0,17700.0,60,20.22,RENT,debt_consolidation,0,10,65.0,1
82300.0,614,10.0,7600.0,36,13.96,RENT,small_business,0,8,6.6,0
44700.0,814,10.0,10700.0,36,6.99,MORTGAGE,credit_card,0,7,27.0,0
81100.0,710,0.0,23600.0,36,12.45,OWN,debt_consolidation,1,9,35.9,0
38700.0,631,10.0,6100.0,36,16.25,RENT,credit_card,0,10,16.9,0
38700.0,707,,16200.0,36,17.11,MORTGAGE,debt_consolidation,0,7,46.5,0
34800.0,717,4.0,5300.0,60,13.33,MORTGAGE,credit_card,1,10,28.9,0
72700.0,745,5.0,25400.0,60,13.55,RENT,credit_card,0,1,39.5,0
35600.0,672,7.0,8800.0,36,21.64,RENT,major_purchase,3,3,47.4,1
65500.0,743,1.0,33300.0,60,16.18,MORTGAGE,small_business,0,6,56.1,0
41300.0,548,4.0,26000.0,36,21.53,MORTGAGE,medical,1,12,65.0,1
20100.0,611,3.0,10400.0,36,19.27,OWN,debt_consolidation,0,11,55.1,0
37900.0,691,3.0,7600.0,36,16.07,MORTGAGE,credit_card,0,13,26.2,0
28800.0,701,1.0,12100.0,36,15.08,MORTGAGE,debt_consolidation,0,12,47.1,0
49800.0,621,1.0,10000.0,36,13.59,MORTGAGE,major_purchase,0,7,26.8,0
28700.0,697,1.0,8900.0,36,13.84,RENT,credit_card,0,6,31.3,0
74400.0,639,3.0,4800.0,36,14.73,MORTGAGE,debt_consolidation,0,7,4.1,0
47100.0,662,15.0,8500.0,36,15.33,OWN,debt_consolidation,0,10,15.3,0
45300.0,747,2.0,6300.0,60,11.2,RENT,debt_consolidation,1,10,28.5,0
65900.0,739,4.0,14400.0,60,14.54,RENT,major_purchase,0,6,,1
75600.0,615,3.0,18000.0,36,17.15,MORTGAGE,debt_consolidation,0,9,34.7,0
48600.0,611,10.0,15800.0,36,15.79,OWN,credit_card,0,9,36.8,0
34600.0,653,0.0,13000.0,60,21.34,RENT,major_purchase,1,9,46.9,1
22100.0,678,2.0,7100.0,60,17.18,MORTGAGE,small_business,0,16,44.5,0
36000.0,637,2.0,12100.0,36,17.27,MORTGAGE,other,0,5,48.1,0
37100.0,748,20.0,16300.0,36,14.38,MORTGAGE,debt_consolidation,0,8,56.5,0
51400.0,703,5.0,8200.0,36,12.16,MORTGAGE,credit_card,0,9,20.5,0
42000.0,706,1.0,11600.0,36,12.87,OWN,credit_card,0,6,22.7,0
66800.0,598,2.0,10200.0,60,18.81,RENT,debt_consolidation,0,6,13.7,0
37200.0,756,1.0,25100.0,36,14.19,RENT,major_purchase,0,8,65.0,0
47800.0,497,1.0,16700.0,60,21.75,RENT,small_business,0,6,,1
83500.0,734,10.0,14800.0,36,12.27,RENT,credit_card,0,15,,0
57200.0,741,5.0,4600.0,36,12.54,RENT,credit_card,2,9,24.9,0
47700.0,652,7.0,11900.0,36,18.37,RENT,medical,1,10,48.8,0
37400.0,763,3.0,10100.0,36,11.72,MORTGAGE,debt_consolidation,0,12,34.5,0
36900.0,676,5.0,10100.0,36,13.02,RENT,debt_consolidation,0,12,29.0,0
33400.0,684,2.0,5000.0,36,17.72,MORTGAGE,other,1,6,24.6,1
38400.0,702,3.0,6300.0,60,15.57,RENT,debt_consolidation,0,9,17.6,0
68900.0,850,7.0,10600.0,36,10.0,RENT,major_purchase,0,9,23.5,0
44400.0,767,1.0,19100.0,36,12.0,RENT,small_business,1,5,59.8,0
26700.0,726,7.0,8100.0,36,12.25,RENT,other,0,12,,0
108600.0,621,15.0,9000.0,36,17.67,RENT,debt_consolidation,2,11,21.2,0
56600.0,689,1.0,26700.0,36,17.58,RENT,other,1,11,59.7,0
26000.0,627,15.0,9400.0,36,15.72,MORTGAGE,debt_consolidation,0,12,36.2,1
40200.0,733,0.0,10300.0,36,13.47,RENT,debt_consolidation,1,7,40.3,0
51500.0,689,3.0,10300.0,60,13.73,RENT,debt_consolidation,0,7,27.3,0
105600.0,607,7.0,5600.0,36,13.95,RENT,debt_consolidation,0,8,14.7,0
29800.0,685,5.0,14600.0,36,15.42,OWN,other,0,3,60.8,1
76100.0,625,1.0,7900.0,36,15.45,RENT,small_business,1,4,19.2,0
92000.0,690,10.0,10800.0,36,11.63,RENT,credit_card,0,18,22.6,0
36900.0,624,20.0,13700.0,36,17.47,RENT,debt_consolidation,2,8,54.4,1
43300.0,682,2.0,28900.0,36,18.18,MORTGAGE,credit_card,0,7,65.0,0
30800.0,729,15.0,5700.0,36,13.83,MORTGAGE,debt_consolidation,0,6,35.5,0
44700.0,677,5.0,16900.0,36,11.75,RENT,debt_consolidation,0,11,37.9,0
48200.0,655,15.0,16900.0,60,16.12,MORTGAGE,home_improvement,0,9,45.9,0
66000.0,693,1.0,7900.0,36,13.17,MORTGAGE,major_purchase,0,8,10.4,0
80100.0,725,10.0,14800.0,36,14.14,RENT,credit_card,1,6,25.7,0
35000.0,608,0.0,24900.0,36,20.55,RENT,credit_card,0,11,65.0,1
20200.0,697,15.0,7500.0,36,15.02,OWN,home_improvement,0,11,39.9,0
48600.0,766,7.0,12300.0,36,12.79,MORTGAGE,debt_consolidation,0,4,37.2,0
55900.0,717,3.0,13400.0,36,16.03,MORTGAGE,major_purchase,0,10,41.5,0
54800.0,684,2.0,14300.0,60,19.54,RENT,major_purchase,1,5,45.1,0
42300.0,722,,16100.0,36,14.49,MORTGAGE,credit_card,0,8,45.4,0
51900.0,709,7.0,11900.0,36,17.48,RENT,debt_consolidation,1,14,44.2,0
96900.0,729,3.0,14100.0,36,14.63,RENT,credit_card,0,6,20.3,0
58200.0,548,4.0,6900.0,36,16.95,MORTGAGE,debt_consolidation,0,13,26.9,0
41400.0,579,10.0,11900.0,36,17.31,MORTGAGE,major_purchase,1,11,33.9,0
39100.0,745,3.0,8600.0,60,10.66,OWN,debt_consolidation,1,11,20.6,0
45400.0,582,1.0,5900.0,60,19.05,RENT,debt_consolidation,0,5,23.2,0
102400.0,706,15.0,8500.0,60,13.49,MORTGAGE,other,0,5,20.0,0
45100.0,657,4.0,12500.0,36,19.32,RENT,credit_card,1,11,47.6,1
48600.0,615,3.0,13600.0,36,16.28,MORTGAGE,major_purchase,0,11,41.4,0
39500.0,703,2.0,5800.0,60,14.85,RENT,home_improvement,0,5,26.7,0
80400.0,693,15.0,6800.0,60,16.19,MORTGAGE,debt_consolidation,0,7,24.2,0
118400.0,817,2.0,15700.0,36,5.93,RENT,debt_consolidation,0,10,12.1,0
60000.0,639,7.0,14100.0,60,17.72,MORTGAGE,major_purchase,0,4,30.4,0
50900.0,774,15.0,17000.0,60,13.8,MORTGAGE,major_purchase,0,12,42.6,0
49800.0,703,0.0,21700.0,36,16.91,RENT,debt_consolidation,1,6,56.8,0
16800.0,637,10.0,14300.0,36,17.94,MORTGAGE,debt_consolidation,2,11,65.0,1
68500.0,732,4.0,8900.0,36,11.53,RENT,major_purchase,0,6,19.1,0
52100.0,717,7.0,11600.0,60,13.83,MORTGAGE,other,0,11,34.4,0
59400.0,682,3.0,25100.0,36,17.21,MORTGAGE,medical,0,6,59.1,0
35600.0,697,7.0,40000.0,36,15.92,OWN,small_business,0,18,65.0,0
41200.0,641,2.0,13800.0,36,17.1,RENT,other,2,12,31.7,1
40700.0,626,0.0,14300.0,36,17.45,RENT,debt_consolidation,0,6,58.7,1
77600.0,729,20.0,15700.0,36,13.73,RENT,debt_consolidation,0,7,24.8,0
41300.0,665,0.0,11100.0,36,13.86,RENT,debt_consolidation,0,4,29.2,0
125100.0,675,10.0,19600.0,36,15.81,RENT,other,0,6,12.3,0
59500.0,698,1.0,18100.0,60,12.64,RENT,medical,0,7,39.4,0
27600.0,697,4.0,13100.0,36,15.52,OWN,debt_consolidation,0,11,55.2,0
46300.0,587,10.0,9300.0,36,18.12,MORTGAGE,credit_card,0,8,38.1,0
36600.0,764,2.0,5100.0,36,12.52,MORTGAGE,debt_consolidation,1,12,24.0,0
18300.0,688,15.0,15800.0,36,14.06,MORTGAGE,major_purchase,0,9,65.0,1
100700.0,667,5.0,12200.0,60,15.49,RENT,credit_card,0,9,18.7,0
67300.0,708,3.0,7600.0,36,10.38,MORTGAGE,other,0,4,12.3,0
62300.0,695,7.0,6200.0,36,11.36,MORTGAGE,debt_consolidation,0,4,11.9,0
52800.0,730,3.0,15200.0,36,12.66,RENT,small_business,0,11,36.5,0
26300.0,715,3.0,4900.0,36,12.56,MORTGAGE,credit_card,0,9,23.1,0
39400.0,727,10.0,12700.0,60,17.11,MORTGAGE,debt_consolidation,1,7,38.3,0
71600.0,768,3.0,16700.0,36,13.67,MORTGAGE,credit_card,0,7,36.5,0
30500.0,737,2.0,14400.0,36,11.97,OWN,credit_card,0,5,48.7,0
15700.0,670,10.0,9000.0,60,17.49,OWN,debt_consolidation,0,13,62.1,1
44300.0,607,10.0,5900.0,36,15.52,OWN,home_improvement,2,16,33.4,1
46000.0,788,5.0,14700.0,36,11.92,RENT,home_improvement,0,13,41.1,0
52100.0,665,5.0,19900.0,36,15.07,MORTGAGE,debt_consolidation,0,5,49.1,0
68000.0,649,7.0,8200.0,60,18.74,RENT,home_improvement,0,10,36.8,0
65300.0,567,5.0,14100.0,60,19.26,MORTGAGE,small_business,0,12,23.1,1
55100.0,702,4.0,24100.0,36,16.57,RENT,debt_consolidation,0,5,42.2,0
84000.0,690,20.0,13000.0,36,16.96,MORTGAGE,home_improvement,1,15,35.9,0
24700.0,582,1.0,9000.0,36,20.71,OWN,major_purchase,2,22,46.9,1
61500.0,709,7.0,18400.0,36,14.94,MORTGAGE,major_purchase,0,11,41.3,0
65000.0,648,15.0,7600.0,60,16.0,OWN,debt_consolidation,0,13,21.8,0
28100.0,850,7.0,5700.0,36,5.82,RENT,small_business,0,15,,0
24900.0,643,15.0,16400.0,36,18.28,RENT,major_purchase,1,6,65.0,1
35000.0,652,3.0,8900.0,36,13.78,OWN,credit_card,0,6,36.7,0
36400.0,623,2.0,9300.0,36,23.62,MORTGAGE,credit_card,3,8,47.5,1
68800.0,763,15.0,8000.0,36,7.37,OWN,debt_consolidation,0,19,14.7,0
37200.0,656,4.0,8600.0,36,14.54,MORTGAGE,debt_consolidation,0,11,36.8,0
33300.0,633,7.0,22100.0,36,19.37,OWN,credit_card,0,10,65.0,1
37200.0,726,1.0,25100.0,36,17.73,MORTGAGE,debt_consolidation,0,4,65.0,0
81100.0,590,10.0,26800.0,36,13.95,MORTGAGE,credit_card,0,8,35.3,0
49300.0,721,5.0,18900.0,36,17.44,RENT,debt_consolidation,0,7,49.8,0
45200.0,796,2.0,13800.0,36,12.83,OWN,debt_consolidation,0,8,40.5,0
46700.0,717,5.0,5300.0,36,15.64,RENT,credit_card,2,12,27.5,0
87700.0,721,7.0,10000.0,36,11.0,RENT,major_purchase,0,13,21.3,0
35000.0,737,0.0,32200.0,60,18.13,MORTGAGE,debt_consolidation,0,12,65.0,1
88600.0,791,7.0,8800.0,36,10.98,MORTGAGE,home_improvement,1,6,23.2,0
53900.0,759,5.0,23300.0,60,16.59,MORTGAGE,debt_consolidation,1,9,51.9,1
45600.0,709,2.0,11200.0,60,14.89,RENT,debt_consolidation,0,8,29.7,0
151100.0,739,10.0,2900.0,36,11.57,MORTGAGE,other,0,10,0.0,0
30500.0,622,3.0,15100.0,60,19.09,MORTGAGE,home_improvement,0,9,55.7,1
41800.0,730,2.0,20600.0,60,19.85,MORTGAGE,debt_consolidation,0,9,63.6,0
28200.0,615,5.0,10700.0,60,22.25,RENT,home_improvement,1,11,45.9,1
75300.0,656,7.0,20300.0,36,17.3,MORTGAGE,debt_consolidation,1,8,38.1,0
104800.0,480,15.0,4800.0,36,18.63,OWN,medical,1,7,7.4,1
103900.0,706,1.0,5500.0,36,11.59,OWN,debt_consolidation,0,12,4.6,0
85000.0,638,4.0,12100.0,36,15.36,RENT,major_purchase,0,9,24.4,0
44800.0,752,0.0,13900.0,60,13.7,RENT,debt_consolidation,0,7,35.3,0
41600.0,705,10.0,21600.0,36,17.71,RENT,credit_card,0,3,60.8,0
23100.0,753,4.0,15100.0,36,14.9,MORTGAGE,other,0,8,65.0,1
122500.0,610,7.0,6000.0,60,14.45,MORTGAGE,debt_consolidation,0,8,18.8,0
60500.0,747,3.0,12200.0,60,12.02,MORTGAGE,debt_consolidation,0,8,17.4,0
39300.0,817,10.0,14800.0,36,9.56,MORTGAGE,credit_card,0,9,41.1,0
89100.0,730,5.0,4300.0,60,11.67,RENT,debt_consolidation,0,7,15.4,0
31600.0,731,20.0,10700.0,36,16.88,RENT,small_business,2,13,58.3,1
58900.0,691,0.0,9200.0,36,11.44,RENT,home_improvement,0,13,22.4,0
45400.0,646,5.0,7900.0,60,20.95,RENT,debt_consolidation,1,4,29.1,0
65300.0,729,10.0,14000.0,60,17.07,MORTGAGE,small_business,3,12,28.2,1
47600.0,582,7.0,6200.0,36,13.02,RENT,debt_consolidation,0,11,15.6,0
25500.0,653,0.0,13500.0,36,22.08,MORTGAGE,other,2,9,65.0,1
50700.0,565,20.0,14500.0,36,18.38,RENT,debt_consolidation,0,7,33.4,1
78600.0,634,3.0,18800.0,36,18.67,MORTGAGE,major_purchase,3,9,41.2,1
48400.0,722,2.0,6200.0,36,11.18,MORTGAGE,debt_consolidation,1,12,23.2,0
69500.0,713,5.0,5200.0,36,15.64,RENT,small_business,1,3,20.3,0
30600.0,683,5.0,12600.0,36,16.53,MORTGAGE,debt_consolidation,0,6,49.1,0
48400.0,691,10.0,9500.0,36,13.67,RENT,debt_consolidation,1,8,33.3,0
37000.0,557,4.0,40000.0,60,23.17,MORTGAGE,debt_consolidation,2,10,65.0,1
68600.0,656,4.0,13800.0,36,18.88,MORTGAGE,credit_card,1,13,31.7,1
49700.0,636,5.0,11300.0,60,17.66,MORTGAGE,credit_card,0,10,31.4,0
66900.0,637,4.0,10000.0,36,14.15,MORTGAGE,credit_card,0,12,20.9,0
80000.0,719,15.0,5900.0,36,10.56,RENT,other,0,8,15.9,0
66900.0,624,15.0,14500.0,36,15.95,RENT,debt_consolidation,0,5,24.0,0
55400.0,641,4.0,10500.0,60,17.62,RENT,major_purchase,0,11,31.6,0
31300.0,544,0.0,10500.0,60,23.52,RENT,credit_card,2,10,59.4,1
49000.0,661,15.0,11500.0,36,14.1,RENT,debt_consolidation,0,7,39.2,1
38600.0,609,1.0,12200.0,36,15.68,MORTGAGE,debt_consolidation,0,13,40.7,1
42000.0,685,2.0,4600.0,36,12.51,MORTGAGE,home_improvement,0,7,14.8,0
41400.0,618,1.0,16600.0,36,16.2,MORTGAGE,debt_consolidation,0,7,47.6,0
31500.0,687,1.0,7200.0,36,16.23,MORTGAGE,major_purchase,0,12,29.3,0
20300.0,671,10.0,10200.0,36,16.01,MORTGAGE,other,0,8,65.0,0
36300.0,789,5.0,20800.0,36,11.5,RENT,debt_consolidation,0,14,57.1,0
53500.0,712,20.0,26600.0,36,13.17,MORTGAGE,debt_consolidation,0,9,55.8,0
26700.0,560,2.0,4700.0,36,19.4,RENT,debt_consolidation,0,9,28.7,0
49400.0,598,5.0,11100.0,36,14.02,MORTGAGE,credit_card,0,8,26.8,0
115300.0,684,20.0,12500.0,36,13.41,MORTGAGE,debt_consolidation,0,11,25.1,0
77700.0,620,10.0,5100.0,36,14.55,MORTGAGE,other,0,6,20.4,0
102700.0,487,10.0,16300.0,60,21.72,RENT,major_purchase,0,12,23.2,0
58500.0,768,2.0,11600.0,36,11.73,OWN,other,0,6,30.2,0
82900.0,727,10.0,12100.0,36,13.73,RENT,credit_card,0,10,27.7,0
35400.0,714,3.0,6900.0,36,12.25,OWN,debt_consolidation,0,8,33.0,0
36700.0,641,5.0,13400.0,36,15.81,MORTGAGE,credit_card,0,6,44.9,1
15000.0,708,7.0,16600.0,36,11.49,RENT,credit_card,0,6,65.0,0
83600.0,634,7.0,11700.0,36,15.13,RENT,small_business,0,10,28.7,0
98000.0,693,10.0,8500.0,60,15.64,OWN,medical,0,9,17.1,0
38200.0,620,7.0,8800.0,60,15.79,MORTGAGE,credit_card,0,11,34.3,0
43700.0,779,0.0,12200.0,60,13.36,RENT,debt_consolidation,0,10,28.1,0
34900.0,578,4.0,11200.0,36,16.3,MORTGAGE,debt_consolidation,0,6,24.4,0
58200.0,760,7.0,17200.0,36,14.44,MORTGAGE,small_business,1,5,43.3,0
81300.0,683,3.0,8600.0,36,15.1,RENT,credit_card,0,8,26.6,0
22400.0,648,3.0,5900.0,36,14.36,RENT,credit_card,0,8,29.3,0
58900.0,691,1.0,13100.0,36,16.78,RENT,debt_consolidation,1,7,41.9,1
43300.0,728,4.0,8600.0,60,12.84,RENT,medical,0,11,26.4,0
51600.0,769,20.0,16200.0,36,13.7,RENT,major_purchase,0,7,32.3,0
60300.0,700,3.0,11000.0,36,11.05,RENT,debt_consolidation,0,9,26.1,0
45000.0,622,5.0,15200.0,36,17.7,RENT,credit_card,1,16,36.3,0
46800.0,684,10.0,6600.0,36,18.74,RENT,credit_card,3,10,38.2,0
44500.0,798,0.0,11800.0,36,12.12,OWN,credit_card,0,16,36.7,0
75900.0,768,15.0,7700.0,36,13.18,MORTGAGE,credit_card,0,5,11.6,0
59200.0,739,4.0,5900.0,36,12.93,MORTGAGE,small_business,1,6,19.6,0
54100.0,732,15.0,7100.0,60,14.71,MORTGAGE,debt_consolidation,1,11,31.1,0
27700.0,725,0.0,8300.0,36,11.97,RENT,credit_card,1,11,41.7,0
41300.0,755,1.0,20400.0,36,13.34,OWN,debt_consolidation,0,11,57.1,0
73500.0,650,3.0,8200.0,36,11.65,MORTGAGE,debt_consolidation,0,8,13.5,0
49900.0,592,3.0,5800.0,60,19.03,MORTGAGE,credit_card,1,5,,0
66000.0,684,10.0,11700.0,36,14.07,OWN,debt_consolidation,0,10,21.1,0
108500.0,627,0.0,11100.0,60,16.83,MORTGAGE,debt_consolidation,0,6,15.6,1
78200.0,611,7.0,8600.0,36,14.9,RENT,credit_card,0,14,6.8,0
51100.0,633,1.0,10100.0,60,18.24,OWN,other,0,5,25.1,0
39000.0,842,10.0,17800.0,36,12.35,MORTGAGE,small_business,1,7,,0
15500.0,689,10.0,15300.0,36,17.65,OWN,debt_consolidation,0,12,65.0,0
45400.0,704,5.0,14600.0,36,16.69,RENT,credit_card,0,7,40.2,0
42300.0,601,2.0,6100.0,60,17.3,OWN,credit_card,0,5,21.8,0
58400.0,560,7.0,40000.0,60,18.26,MORTGAGE,debt_consolidation,0,10,65.0,1
45700.0,627,1.0,18500.0,36,15.69,MORTGAGE,debt_consolidation,0,8,54.0,1
42400.0,773,2.0,14200.0,36,13.11,RENT,debt_consolidation,0,11,41.9,0
22000.0,702,7.0,6100.0,36,12.02,RENT,credit_card,1,7,38.1,1
32100.0,719,20.0,17600.0,36,16.16,RENT,home_improvement,0,8,59.6,0
60700.0,728,15.0,8500.0,36,10.98,MORTGAGE,home_improvement,0,6,17.3,0
106100.0,642,7.0,9900.0,36,16.87,RENT,other,0,7,27.7,0
46900.0,770,5.0,4700.0,36,8.2,RENT,debt_consolidation,0,13,18.2,0
56800.0,639,20.0,5900.0,60,19.01,OWN,other,2,12,25.1,0
75300.0,771,5.0,13600.0,36,10.22,MORTGAGE,credit_card,0,8,34.6,0
34000.0,709,4.0,18100.0,36,13.7,MORTGAGE,debt_consolidation,0,4,53.7,0
57800.0,564,15.0,15400.0,36,17.88,MORTGAGE,other,1,6,43.4,0
35100.0,631,2.0,15100.0,36,16.14,MORTGAGE,credit_card,0,10,49.9,1
72300.0,564,1.0,10600.0,36,17.51,RENT,debt_consolidation,0,8,19.6,0
52500.0,756,7.0,8900.0,36,13.75,MORTGAGE,debt_consolidation,0,3,24.8,0
56100.0,678,,12600.0,60,16.53,MORTGAGE,debt_consolidation,0,7,34.1,0
34500.0,535,3.0,16500.0,36,20.64,RENT,other,0,12,57.0,1
67400.0,704,,11000.0,36,14.3,RENT,debt_consolidation,1,10,24.6,0
125300.0,645,5.0,20000.0,36,14.92,RENT,other,0,10,32.6,0
31100.0,584,20.0,9800.0,36,18.51,MORTGAGE,debt_consolidation,1,9,41.8,0
42100.0,789,2.0,6700.0,36,11.62,RENT,debt_consolidation,0,6,11.9,0
54400.0,687,3.0,10900.0,36,14.94,MORTGAGE,debt_consolidation,1,5,27.3,0
69800.0,661,1.0,11500.0,36,17.99,RENT,credit_card,3,6,31.1,1
38100.0,654,7.0,10500.0,60,18.25,MORTGAGE,debt_consolidation,0,9,33.7,0
15000.0,582,10.0,20800.0,60,21.22,OWN,small_business,0,6,65.0,1
90400.0,595,5.0,16400.0,36,12.33,OWN,debt_consolidation,0,10,24.5,0
69000.0,764,2.0,5300.0,36,11.11,MORTGAGE,major_purchase,0,6,12.9,0
22400.0,649,7.0,23600.0,36,17.64,RENT,major_purchase,0,14,65.0,1
37300.0,681,5.0,2800.0,36,12.83,MORTGAGE,debt_consolidation,0,14,13.6,0
99300.0,547,1.0,32100.0,36,21.12,MORTGAGE,small_business,0,11,46.9,1
94000.0,594,4.0,9500.0,36,16.55,MORTGAGE,medical,0,12,17.2,1
74800.0,720,4.0,9900.0,36,10.43,OWN,home_improvement,0,13,16.8,0
45300.0,705,20.0,10600.0,36,14.31,RENT,credit_card,0,6,29.8,0
50900.0,794,10.0,13300.0,60,15.48,MORTGAGE,credit_card,0,5,34.4,0
46200.0,767,10.0,10900.0,60,16.4,RENT,major_purchase,0,11,24.9,0
81400.0,665,15.0,10200.0,36,11.58,RENT,debt_consolidation,0,8,22.1,0
33100.0,711,10.0,21000.0,36,14.56,MORTGAGE,debt_consolidation,0,5,65.0,0
34100.0,659,15.0,14500.0,36,16.02,MORTGAGE,debt_consolidation,1,11,,0
77200.0,814,0.0,6800.0,60,12.87,MORTGAGE,credit_card,0,12,3.4,0
48100.0,755,4.0,15800.0,60,15.14,MORTGAGE,debt_consolidation,0,8,33.9,0
91200.0,691,10.0,14200.0,60,15.97,MORTGAGE,debt_consolidation,1,9,29.1,0
36200.0,693,5.0,8300.0,36,18.09,OWN,credit_card,3,4,40.8,0
47800.0,774,1.0,16300.0,36,11.61,MORTGAGE,debt_consolidation,0,6,36.8,0
32400.0,718,3.0,10100.0,36,13.1,OWN,debt_consolidation,0,8,44.8,1
49200.0,781,3.0,9800.0,60,16.77,MORTGAGE,credit_card,3,4,44.2,0
25200.0,537,,9700.0,60,21.27,MORTGAGE,medical,0,8,39.7,1
39400.0,710,3.0,3200.0,36,11.41,RENT,debt_consolidation,0,8,15.9,0
25700.0,646,5.0,8400.0,36,16.69,MORTGAGE,debt_consolidation,0,7,41.4,0
67000.0,794,15.0,15600.0,60,13.91,MORTGAGE,debt_consolidation,0,12,38.4,0
67700.0,781,10.0,10800.0,36,9.2,MORTGAGE,medical,0,12,,0
22500.0,682,10.0,5800.0,60,13.88,MORTGAGE,credit_card,0,10,27.6,0
89300.0,780,15.0,17700.0,36,11.21,OWN,debt_consolidation,0,7,27.0,0
150800.0,796,4.0,9400.0,36,10.59,RENT,small_business,1,2,9.4,0
50000.0,685,3.0,5900.0,36,12.11,MORTGAGE,debt_consolidation,0,8,27.5,0
36700.0,841,0.0,33000.0,36,16.15,MORTGAGE,debt_consolidation,1,8,65.0,0
174700.0,678,15.0,6500.0,36,13.04,RENT,debt_consolidation,0,5,11.4,0
27100.0,666,0.0,17000.0,60,17.81,OWN,debt_consolidation,0,10,65.0,1
49500.0,736,10.0,7400.0,60,11.27,MORTGAGE,home_improvement,0,5,25.6,0
53100.0,657,3.0,11700.0,36,17.14,RENT,credit_card,0,9,35.1,0
89800.0,686,20.0,7000.0,36,13.47,RENT,small_business,0,13,12.8,0
57600.0,772,4.0,5900.0,36,11.7,MORTGAGE,credit_card,0,15,29.1,0
39200.0,681,10.0,14200.0,36,16.73,RENT,credit_card,0,12,46.3,0
32000.0,570,3.0,13400.0,60,20.77,MORTGAGE,credit_card,0,11,56.0,0
42000.0,704,3.0,19400.0,36,14.99,RENT,credit_card,1,17,59.1,0
31200.0,635,7.0,10800.0,36,15.07,MORTGAGE,debt_consolidation,0,13,43.0,0
50100.0,736,20.0,33200.0,60,12.9,MORTGAGE,small_business,0,10,65.0,0
38000.0,725,5.0,12500.0,36,16.44,RENT,other,1,9,,0
25000.0,776,15.0,14500.0,60,15.56,OWN,credit_card,0,7,59.5,0
86200.0,739,10.0,5500.0,36,10.97,OWN,credit_card,1,7,14.8,0
39200.0,751,10.0,8000.0,60,16.14,MORTGAGE,debt_consolidation,1,6,36.5,0
27700.0,637,4.0,14200.0,60,18.74,RENT,medical,0,10,64.9,0
45400.0,732,4.0,10500.0,60,15.38,MORTGAGE,other,1,14,32.5,0
50600.0,808,2.0,12000.0,60,12.31,RENT,major_purchase,1,9,42.9,0
22300.0,635,20.0,7300.0,36,16.27,MORTGAGE,debt_consolidation,0,9,42.8,0
56900.0,797,20.0,11600.0,36,12.29,RENT,other,1,9,27.2,0
30600.0,644,10.0,11600.0,36,17.67,MORTGAGE,debt_consolidation,0,7,46.3,0
105900.0,625,3.0,6100.0,60,16.99,RENT,credit_card,1,8,23.0,1
62100.0,699,2.0,15100.0,36,11.99,MORTGAGE,credit_card,0,9,30.6,0
40900.0,727,20.0,4700.0,60,12.73,RENT,major_purchase,0,14,19.7,0
35100.0,739,0.0,12000.0,36,11.78,MORTGAGE,small_business,0,7,36.9,0
46800.0,617,10.0,26400.0,60,16.38,MORTGAGE,major_purchase,0,4,60.3,0
64600.0,708,3.0,15400.0,36,13.03,RENT,medical,0,7,31.5,0
48500.0,635,4.0,15300.0,36,16.21,MORTGAGE,credit_card,1,10,34.8,0
44500.0,583,10.0,7000.0,36,18.19,RENT,major_purchase,0,11,21.0,0
50300.0,620,1.0,26500.0,36,22.37,MORTGAGE,debt_consolidation,3,8,65.0,1
37400.0,631,3.0,21800.0,36,16.7,MORTGAGE,credit_card,0,10,65.0,1
42000.0,714,20.0,7200.0,36,10.37,MORTGAGE,debt_consolidation,1,8,11.4,0
19200.0,755,7.0,8600.0,36,13.03,RENT,other,0,14,46.4,0
76000.0,584,,20500.0,60,16.08,RENT,other,0,9,33.0,0
56100.0,703,10.0,26900.0,36,17.2,RENT,debt_consolidation,0,9,64.0,0
34600.0,604,0.0,5800.0,36,14.36,OWN,credit_card,0,8,32.0,0
115200.0,721,2.0,6600.0,60,16.63,MORTGAGE,debt_consolidation,2,12,14.6,1
51000.0,640,5.0,10200.0,60,19.84,OWN,debt_consolidation,0,12,33.8,0
30800.0,612,3.0,3700.0,36,17.77,MORTGAGE,credit_card,0,15,21.6,0
72100.0,732,4.0,11000.0,60,14.23,OWN,debt_consolidation,0,8,22.8,0
58600.0,642,10.0,19800.0,60,18.24,MORTGAGE,debt_consolidation,1,11,37.5,0
58500.0,659,0.0,5300.0,60,14.29,RENT,home_improvement,0,7,20.3,0
40500.0,536,7.0,11700.0,60,21.03,OWN,debt_consolidation,0,11,41.6,0
60000.0,742,0.0,8200.0,36,13.97,RENT,home_improvement,0,15,15.7,0
43600.0,733,0.0,24800.0,36,11.65,MORTGAGE,debt_consolidation,0,8,59.2,1
63000.0,680,4.0,8200.0,36,11.43,MORTGAGE,major_purchase,0,11,19.3,0
20800.0,581,10.0,23400.0,36,20.21,MORTGAGE,home_improvement,1,8,65.0,1
40300.0,759,1.0,8100.0,36,11.29,RENT,small_business,0,4,25.6,0
106400.0,637,5.0,16100.0,36,21.73,RENT,debt_consolidation,3,13,25.9,0
34700.0,651,7.0,12400.0,36,16.51,OWN,debt_consolidation,0,10,48.6,0
37400.0,830,2.0,10200.0,36,11.45,OWN,other,0,9,43.6,0
40100.0,634,5.0,7400.0,36,14.21,MORTGAGE,credit_card,0,8,24.1,0
28400.0,728,15.0,12900.0,36,14.03,OWN,credit_card,0,6,59.0,0
18100.0,717,5.0,8800.0,60,19.9,RENT,medical,0,8,56.4,0
44200.0,705,1.0,7700.0,36,9.63,RENT,debt_consolidation,0,7,15.4,0
52100.0,698,7.0,22800.0,60,13.53,RENT,credit_card,0,14,40.0,0
47900.0,704,7.0,14400.0,36,17.27,RENT,debt_consolidation,0,4,37.2,0
45900.0,698,0.0,15100.0,36,16.45,RENT,credit_card,1,8,56.5,1
50000.0,677,1.0,9000.0,36,15.47,RENT,debt_consolidation,0,8,29.0,0
77700.0,778,1.0,10000.0,36,9.09,MORTGAGE,debt_consolidation,0,9,13.9,0
45000.0,595,1.0,9700.0,36,21.49,RENT,credit_card,2,10,41.7,1
37900.0,746,2.0,12900.0,60,12.85,RENT,major_purchase,0,10,36.5,0
43200.0,733,4.0,15100.0,60,13.98,OWN,other,0,11,,0
63600.0,725,3.0,10800.0,60,14.29,RENT,home_improvement,1,7,34.0,0
92500.0,753,15.0,7400.0,36,13.13,RENT,credit_card,0,8,14.7,0
37000.0,674,7.0,16000.0,36,16.71,RENT,major_purchase,0,8,55.6,0
51300.0,559,15.0,11100.0,36,15.35,MORTGAGE,credit_card,0,5,30.2,0
57100.0,675,5.0,5300.0,36,13.75,MORTGAGE,credit_card,0,6,19.6,0
31400.0,616,1.0,3800.0,36,14.11,MORTGAGE,debt_consolidation,0,6,30.2,0
49500.0,632,4.0,12700.0,36,17.17,RENT,major_purchase,1,13,30.6,0
25300.0,599,10.0,7200.0,60,18.92,MORTGAGE,credit_card,0,7,43.8,0
22100.0,649,2.0,13600.0,36,17.15,RENT,other,0,8,55.5,1
57800.0,641,1.0,7400.0,60,14.83,RENT,major_purchase,0,10,10.8,0
41200.0,525,3.0,11700.0,36,17.87,MORTGAGE,credit_card,0,9,33.3,0
53700.0,726,4.0,9100.0,36,13.7,OWN,small_business,0,5,30.6,0
48600.0,824,3.0,26300.0,60,11.79,RENT,credit_card,0,11,,0
31600.0,719,1.0,17600.0,36,12.79,MORTGAGE,debt_consolidation,0,3,65.0,0
48000.0,667,2.0,21500.0,36,18.0,RENT,credit_card,0,11,52.2,0
28100.0,676,7.0,11100.0,36,19.82,RENT,medical,1,10,54.9,1
91700.0,653,4.0,16500.0,36,14.97,RENT,medical,0,9,16.9,0
26600.0,686,7.0,11500.0,36,18.25,OWN,home_improvement,1,12,50.1,1
44900.0,678,5.0,22800.0,36,17.23,RENT,credit_card,0,9,56.8,0
30700.0,625,5.0,10500.0,36,15.89,MORTGAGE,debt_consolidation,0,12,32.9,0
63400.0,789,2.0,5400.0,60,10.34,RENT,debt_consolidation,0,9,19.8,0
42200.0,583,5.0,4000.0,36,13.44,MORTGAGE,other,0,9,13.3,0
38800.0,727,0.0,25200.0,36,21.28,RENT,small_business,3,12,65.0,1
72000.0,673,4.0,13900.0,36,11.83,RENT,small_business,0,7,25.1,0
49700.0,804,5.0,14400.0,60,10.83,MORTGAGE,major_purchase,0,7,37.2,0
61900.0,702,2.0,23000.0,36,12.15,MORTGAGE,home_improvement,0,8,34.0,0
31500.0,657,2.0,4800.0,36,13.54,RENT,home_improvement,0,7,25.6,0
26100.0,664,2.0,9100.0,36,15.19,MORTGAGE,credit_card,0,11,59.0,0
51400.0,683,0.0,9700.0,60,12.97,RENT,credit_card,0,6,17.8,0
42500.0,606,3.0,15900.0,36,19.07,MORTGAGE,medical,0,8,46.2,1
65000.0,630,20.0,7700.0,36,16.57,MORTGAGE,credit_card,2,13,25.3,0
47300.0,564,3.0,6000.0,36,19.49,RENT,medical,0,11,28.4,0
53800.0,620,4.0,6000.0,36,17.9,MORTGAGE,major_purchase,2,9,16.2,0
23600.0,686,7.0,19400.0,36,17.19,RENT,major_purchase,0,9,65.0,0
114700.0,700,7.0,7500.0,60,14.01,RENT,debt_consolidation,0,5,19.6,0
45500.0,551,20.0,8300.0,36,16.63,MORTGAGE,debt_consolidation,0,9,24.5,0
67100.0,671,15.0,15000.0,36,17.2,RENT,debt_consolidation,1,8,30.1,0
33600.0,717,10.0,7700.0,36,10.54,RENT,medical,0,10,34.9,0
56300.0,669,,4700.0,36,17.07,RENT,medical,0,8,26.8,0
27300.0,639,2.0,5000.0,36,14.92,MORTGAGE,debt_consolidation,0,13,26.0,0
60100.0,653,7.0,10600.0,36,17.66,RENT,debt_consolidation,0,7,32.3,0
41800.0,645,15.0,14000.0,60,18.13,RENT,medical,0,10,35.2,0
49700.0,639,7.0,9900.0,36,14.59,RENT,debt_consolidation,1,6,31.3,0
67100.0,691,20.0,13600.0,36,12.13,RENT,other,0,9,22.8,0
28200.0,830,1.0,4900.0,36,10.34,MORTGAGE,credit_card,0,3,21.6,0
36000.0,632,4.0,5100.0,60,16.67,RENT,other,0,5,21.3,0
60200.0,659,20.0,33800.0,60,18.57,MORTGAGE,credit_card,0,8,61.1,0
126000.0,677,3.0,20300.0,60,13.46,MORTGAGE,debt_consolidation,0,10,28.9,0
46100.0,635,10.0,16100.0,36,19.23,RENT,credit_card,1,13,47.9,1
64000.0,751,0.0,7900.0,36,8.56,MORTGAGE,medical,0,14,,0
46700.0,526,7.0,9700.0,36,18.93,MORTGAGE,debt_consolidation,0,12,27.4,0
117500.0,645,15.0,10900.0,36,14.25,MORTGAGE,home_improvement,0,5,11.2,0
22300.0,733,4.0,21100.0,36,10.34,OWN,credit_card,0,8,65.0,0
51200.0,661,0.0,13400.0,60,18.0,OWN,other,0,5,34.3,0
23600.0,627,0.0,14200.0,36,19.06,MORTGAGE,debt_consolidation,0,8,65.0,0
15900.0,709,15.0,10100.0,36,16.75,OWN,credit_card,0,9,65.0,0
56000.0,739,10.0,16300.0,36,13.64,MORTGAGE,debt_consolidation,0,9,39.2,0
52200.0,694,1.0,12700.0,36,10.79,RENT,home_improvement,0,10,23.0,0
43100.0,628,0.0,11200.0,36,15.19,MORTGAGE,credit_card,0,10,36.9,0
46700.0,710,10.0,7500.0,36,14.89,RENT,debt_consolidation,1,3,19.8,0
197600.0,654,10.0,10300.0,36,14.0,RENT,medical,0,6,14.3,0
43600.0,728,1.0,6400.0,60,15.13,MORTGAGE,credit_card,0,5,23.9,0
61700.0,776,3.0,10700.0,60,10.75,RENT,credit_card,1,8,24.9,0
36600.0,511,10.0,11400.0,36,17.63,RENT,credit_card,0,10,41.1,1
56000.0,687,5.0,3300.0,36,16.76,RENT,credit_card,0,17,9.4,0
44000.0,567,20.0,9700.0,36,16.15,RENT,debt_consolidation,0,5,23.0,0
40800.0,839,5.0,6100.0,36,9.17,RENT,major_purchase,0,5,15.3,0
111100.0,650,7.0,14000.0,60,18.48,MORTGAGE,debt_consolidation,1,5,29.8,0
83300.0,729,5.0,15000.0,36,12.77,RENT,small_business,0,8,27.9,0
52100.0,678,20.0,8800.0,36,14.2,MORTGAGE,debt_consolidation,0,12,28.7,0
17400.0,628,4.0,14400.0,36,18.53,OWN,credit_card,0,6,65.0,1
41700.0,620,2.0,14700.0,36,16.59,MORTGAGE,other,0,9,35.1,0
165400.0,783,3.0,9800.0,36,10.88,RENT,credit_card,2,16,15.3,0
44200.0,742,15.0,23600.0,36,16.0,MORTGAGE,debt_consolidation,0,11,64.4,0
80500.0,806,5.0,7600.0,60,12.43,RENT,debt_consolidation,0,12,20.4,0
93800.0,684,3.0,22800.0,36,14.37,MORTGAGE,medical,0,5,36.5,0
54100.0,699,5.0,9800.0,36,11.03,RENT,debt_consolidation,0,4,19.5,0
33600.0,663,1.0,7200.0,60,13.7,MORTGAGE,other,0,8,29.8,1
16400.0,661,0.0,9200.0,36,18.8,MORTGAGE,debt_consolidation,1,8,64.2,0
66700.0,612,3.0,6300.0,60,16.66,MORTGAGE,credit_card,1,12,26.8,0
34000.0,685,7.0,16200.0,36,17.52,MORTGAGE,credit_card,0,12,63.3,0
53100.0,629,7.0,4900.0,60,16.19,RENT,debt_consolidation,1,11,23.1,0
27900.0,709,10.0,21900.0,36,16.45,MORTGAGE,credit_card,2,16,65.0,0
43500.0,691,,6900.0,36,13.33,MORTGAGE,home_improvement,0,11,17.9,0
49800.0,699,4.0,16600.0,60,16.89,MORTGAGE,small_business,0,7,35.9,0
55300.0,789,10.0,11100.0,60,14.98,RENT,credit_card,0,10,33.8,0
29700.0,678,0.0,12500.0,36,17.16,RENT,major_purchase,0,7,52.7,0
84000.0,729,0.0,8100.0,36,13.57,RENT,small_business,2,16,20.0,0
37500.0,813,1.0,13000.0,60,13.09,MORTGAGE,debt_consolidation,0,14,46.3,0
23100.0,765,4.0,11700.0,36,11.15,MORTGAGE,credit_card,0,12,49.2,0
46700.0,755,2.0,5300.0,36,10.31,RENT,debt_consolidation,0,11,17.0,0
49800.0,660,3.0,6800.0,36,15.45,RENT,debt_consolidation,0,8,23.4,0
52700.0,695,7.0,8300.0,36,13.9,MORTGAGE,small_business,0,10,33.2,0
90500.0,594,3.0,7500.0,36,16.22,MORTGAGE,credit_card,0,6,17.4,0
44100.0,712,5.0,20500.0,60,15.14,RENT,home_improvement,0,6,60.4,0
46500.0,698,,11000.0,60,12.15,MORTGAGE,small_business,0,12,28.7,0
29800.0,682,1.0,7400.0,60,16.39,MORTGAGE,debt_consolidation,1,8,31.4,1
70900.0,747,0.0,8600.0,36,12.89,RENT,credit_card,2,8,21.1,0
53300.0,601,2.0,8500.0,36,16.14,RENT,home_improvement,0,15,32.0,0
40600.0,786,0.0,9500.0,36,11.91,OWN,debt_consolidation,0,6,32.4,0
20800.0,739,7.0,6400.0,36,13.91,RENT,major_purchase,0,12,35.4,0
93900.0,675,10.0,7300.0,36,11.79,MORTGAGE,debt_consolidation,0,9,10.6,0
28200.0,670,3.0,16000.0,36,17.65,MORTGAGE,home_improvement,0,10,,1
37600.0,711,4.0,12000.0,36,12.41,RENT,other,0,7,,0
57600.0,779,10.0,10100.0,36,9.46,RENT,credit_card,0,8,12.5,0
28600.0,687,2.0,11000.0,36,16.47,MORTGAGE,debt_consolidation,0,7,50.7,0
25000.0,689,1.0,10700.0,60,15.06,MORTGAGE,debt_consolidation,0,8,52.5,1
18800.0,681,5.0,9900.0,60,19.79,RENT,debt_consolidation,0,14,63.2,1
67800.0,796,7.0,14200.0,60,12.17,MORTGAGE,major_purchase,1,6,46.7,0
38400.0,656,7.0,13700.0,60,17.79,MORTGAGE,debt_consolidation,0,6,46.9,0
183000.0,678,7.0,5000.0,36,15.67,RENT,debt_consolidation,0,11,16.3,0
31300.0,775,0.0,10200.0,60,11.65,MORTGAGE,small_business,0,7,,0
32400.0,690,4.0,5200.0,60,15.63,RENT,debt_consolidation,1,13,30.1,0
38000.0,754,2.0,15000.0,36,13.04,MORTGAGE,home_improvement,0,12,40.4,0
54700.0,621,10.0,16100.0,60,17.74,MORTGAGE,credit_card,1,10,41.6,1
39700.0,667,15.0,8100.0,36,13.53,MORTGAGE,debt_consolidation,0,15,21.0,0
64600.0,776,3.0,10300.0,36,12.54,RENT,credit_card,0,10,29.7,0
31600.0,636,1.0,3800.0,36,14.41,MORTGAGE,debt_consolidation,0,13,25.2,0
26300.0,670,2.0,17800.0,36,14.3,MORTGAGE,medical,0,9,65.0,1
21800.0,697,1.0,15600.0,36,17.28,MORTGAGE,debt_consolidation,0,9,65.0,1
18000.0,616,3.0,19400.0,36,17.67,OWN,debt_consolidation,0,9,65.0,1
38800.0,653,5.0,23000.0,36,21.07,OWN,credit_card,0,14,63.7,1
42800.0,687,20.0,5900.0,36,15.37,MORTGAGE,debt_consolidation,0,9,21.3,0
36900.0,683,4.0,17100.0,60,17.39,RENT,small_business,0,11,60.0,1
85800.0,763,2.0,22900.0,60,14.87,MORTGAGE,credit_card,0,11,40.5,0
85200.0,780,1.0,5200.0,60,9.93,RENT,debt_consolidation,0,14,10.8,0
42200.0,624,1.0,10000.0,36,17.91,MORTGAGE,credit_card,0,7,41.7,1
21900.0,687,2.0,9100.0,36,15.95,MORTGAGE,debt_consolidation,0,9,48.2,0
38000.0,724,10.0,16800.0,36,16.73,OWN,debt_consolidation,0,5,56.0,0
37400.0,779,0.0,3300.0,36,8.5,OWN,credit_card,0,9,15.2,0
36500.0,727,20.0,27100.0,36,15.23,MORTGAGE,medical,0,7,65.0,0
35800.0,699,5.0,10300.0,36,17.11,MORTGAGE,credit_card,0,2,39.0,0
36500.0,723,5.0,17300.0,36,17.18,MORTGAGE,debt_consolidation,0,13,50.9,0
41200.0,724,3.0,10600.0,36,16.43,RENT,major_purchase,3,7,39.5,1
36800.0,620,7.0,14000.0,36,15.27,MORTGAGE,debt_consolidation,0,11,49.4,0
53800.0,693,5.0,3400.0,36,12.02,MORTGAGE,debt_consolidation,0,4,11.6,0
57700.0,775,3.0,9000.0,60,11.65,MORTGAGE,credit_card,0,7,23.6,0
32500.0,667,2.0,16700.0,36,18.06,RENT,home_improvement,1,10,50.4,0
86900.0,688,15.0,12600.0,60,16.01,RENT,debt_consolidation,1,11,12.7,0
31500.0,664,3.0,4800.0,36,15.8,MORTGAGE,credit_card,2,10,,0
23700.0,530,4.0,11300.0,60,22.06,RENT,credit_card,1,6,59.3,1
58200.0,681,3.0,7300.0,36,12.63,RENT,credit_card,0,7,26.7,0
33900.0,700,1.0,7000.0,36,13.09,RENT,home_improvement,0,7,32.8,0
56600.0,647,2.0,5100.0,36,14.83,OWN,home_improvement,0,5,25.6,0
16600.0,605,2.0,14900.0,60,19.89,MORTGAGE,credit_card,0,12,65.0,1
91700.0,623,7.0,19100.0,36,13.52,MORTGAGE,debt_consolidation,0,9,31.6,1
66300.0,730,4.0,31600.0,36,15.85,RENT,debt_consolidation,0,10,52.7,0
25000.0,808,,5200.0,36,11.14,RENT,medical,2,10,32.9,0
25200.0,770,7.0,16100.0,36,16.51,RENT,home_improvement,2,5,65.0,1
104000.0,593,2.0,16600.0,36,14.66,MORTGAGE,major_purchase,0,4,23.0,0
35200.0,736,5.0,8200.0,60,15.25,MORTGAGE,other,0,7,25.6,0
33700.0,637,10.0,6900.0,36,17.62,RENT,small_business,1,6,31.4,0
17700.0,642,7.0,6400.0,36,15.95,RENT,small_business,0,9,47.5,0
41900.0,650,7.0,8400.0,36,17.94,RENT,home_improvement,1,6,26.5,0
44200.0,726,10.0,12100.0,36,14.98,MORTGAGE,debt_consolidation,0,9,36.5,0
67600.0,742,0.0,21600.0,36,11.1,OWN,other,0,6,36.5,0
26100.0,674,10.0,19000.0,36,17.48,MORTGAGE,credit_card,0,9,65.0,1
24700.0,675,2.0,4900.0,36,15.16,MORTGAGE,debt_consolidation,1,10,31.1,1
60100.0,710,5.0,7400.0,60,12.76,RENT,debt_consolidation,0,7,16.3,0
77100.0,717,2.0,20900.0,36,12.25,MORTGAGE,major_purchase,0,9,41.1,0
24200.0,756,10.0,7600.0,36,12.87,RENT,debt_consolidation,0,13,25.1,0
79800.0,597,5.0,10600.0,60,17.56,RENT,debt_consolidation,0,10,15.1,0
49900.0,681,7.0,4700.0,36,12.08,RENT,credit_card,0,6,13.9,0
80100.0,611,10.0,19500.0,36,15.54,RENT,major_purchase,0,14,38.0,0
47500.0,677,15.0,4200.0,36,12.39,RENT,credit_card,0,6,17.7,0
15800.0,665,10.0,4800.0,36,15.26,MORTGAGE,major_purchase,1,11,37.6,0
45800.0,677,1.0,18500.0,36,16.76,RENT,major_purchase,0,7,47.2,1
79000.0,628,15.0,28600.0,36,17.31,MORTGAGE,medical,1,8,50.8,1
32800.0,583,7.0,9500.0,36,16.93,MORTGAGE,home_improvement,0,6,28.3,0
41200.0,544,7.0,10700.0,60,17.45,MORTGAGE,small_business,0,9,25.6,0
45300.0,671,15.0,17200.0,36,15.69,RENT,debt_consolidation,0,9,50.0,1
15000.0,652,2.0,12600.0,60,18.87,MORTGAGE,debt_consolidation,2,12,65.0,1
104000.0,636,2.0,9100.0,60,16.83,MORTGAGE,credit_card,0,2,12.6,0
32700.0,766,5.0,8600.0,36,9.74,RENT,debt_consolidation,0,5,27.2,0
61500.0,624,10.0,5000.0,60,14.33,MORTGAGE,credit_card,0,5,21.0,0
47100.0,772,4.0,12300.0,36,14.14,MORTGAGE,debt_consolidation,1,9,31.7,0
86300.0,786,7.0,10400.0,36,8.29,OWN,debt_consolidation,0,10,14.0,0
58800.0,553,4.0,8800.0,60,21.01,MORTGAGE,medical,2,12,20.9,0
44100.0,686,7.0,6600.0,36,15.85,RENT,home_improvement,1,8,,0
32800.0,654,10.0,7000.0,36,14.82,MORTGAGE,home_improvement,0,12,31.5,0
70200.0,491,2.0,14900.0,36,18.27,RENT,credit_card,0,8,19.2,0
21100.0,586,7.0,17000.0,36,18.46,RENT,credit_card,0,10,65.0,1
65600.0,730,10.0,9300.0,36,11.21,MORTGAGE,debt_consolidation,0,13,15.3,0
29900.0,811,4.0,8800.0,36,12.79,OWN,credit_card,0,13,34.5,0
86100.0,739,3.0,7100.0,60,11.82,OWN,home_improvement,0,8,17.0,0
52700.0,701,0.0,17500.0,36,14.91,RENT,debt_consolidation,1,13,43.6,0
65500.0,679,10.0,11100.0,60,14.48,RENT,debt_consolidation,0,11,34.2,1
50900.0,789,3.0,13100.0,36,13.58,MORTGAGE,credit_card,0,12,23.2,0
22300.0,820,3.0,13100.0,36,11.67,RENT,credit_card,0,11,65.0,0
33300.0,642,3.0,9400.0,36,17.71,RENT,major_purchase,1,5,54.4,1
66300.0,550,5.0,6100.0,60,14.84,MORTGAGE,major_purchase,0,8,10.3,0
52800.0,544,7.0,6600.0,60,18.87,MORTGAGE,debt_consolidation,0,8,12.8,1
83400.0,766,10.0,19200.0,36,14.43,OWN,credit_card,0,10,26.0,0
58800.0,677,4.0,7600.0,36,12.43,MORTGAGE,other,0,10,21.9,0
31700.0,692,7.0,8900.0,60,12.38,MORTGAGE,major_purchase,0,5,23.8,0
34300.0,564,10.0,6200.0,36,13.88,MORTGAGE,debt_consolidation,0,9,16.5,0
51300.0,631,3.0,6000.0,36,17.51,RENT,debt_consolidation,1,7,9.4,0
17300.0,661,1.0,7400.0,36,14.13,MORTGAGE,debt_consolidation,1,9,53.9,0
104100.0,694,15.0,25400.0,60,14.41,RENT,home_improvement,1,11,35.7,0
59800.0,654,7.0,15200.0,36,18.4,MORTGAGE,debt_consolidation,0,14,41.4,0
85100.0,613,7.0,8400.0,36,15.67,MORTGAGE,credit_card,0,10,8.5,0
24100.0,629,0.0,18800.0,36,16.57,RENT,major_purchase,0,5,65.0,1
85800.0,759,10.0,10100.0,36,11.01,MORTGAGE,major_purchase,0,10,21.7,0
133800.0,696,5.0,21500.0,36,17.28,RENT,debt_consolidation,1,7,28.6,0
27100.0,720,10.0,33100.0,60,16.15,MORTGAGE,debt_consolidation,0,7,65.0,1
69400.0,622,20.0,18300.0,60,20.78,MORTGAGE,medical,2,7,33.1,1
49000.0,488,20.0,11500.0,36,19.74,MORTGAGE,credit_card,0,8,33.3,0
24500.0,646,15.0,15500.0,36,13.92,OWN,major_purchase,0,7,65.0,1
61200.0,624,0.0,11000.0,60,19.48,RENT,debt_consolidation,1,12,15.1,0
71300.0,703,,4400.0,36,12.85,MORTGAGE,other,1,10,12.6,0
37400.0,850,0.0,7900.0,36,7.22,OWN,credit_card,0,8,29.3,0
82800.0,725,15.0,6800.0,60,14.64,MORTGAGE,debt_consolidation,0,13,11.8,0
23200.0,850,3.0,7800.0,60,9.38,OWN,credit_card,0,9,43.0,0
25000.0,717,7.0,26800.0,36,15.79,MORTGAGE,medical,0,8,65.0,1
52100.0,639,0.0,19200.0,36,15.59,MORTGAGE,credit_card,0,13,53.2,1
49600.0,703,10.0,13600.0,36,13.71,OWN,debt_consolidation,0,4,30.2,0
35500.0,796,1.0,16400.0,60,13.73,MORTGAGE,home_improvement,0,9,44.4,0
70600.0,799,4.0,4200.0,60,11.3,OWN,major_purchase,0,8,22.8,0
62200.0,643,10.0,15700.0,36,16.07,RENT,debt_consolidation,0,9,29.5,0
72100.0,696,7.0,17500.0,60,17.16,MORTGAGE,debt_consolidation,0,6,24.7,0
46400.0,587,0.0,3600.0,60,16.47,RENT,debt_consolidation,0,8,26.1,0
64300.0,734,4.0,16000.0,36,12.64,RENT,debt_consolidation,0,7,40.6,0
40100.0,781,0.0,5400.0,36,8.85,MORTGAGE,debt_consolidation,0,12,18.0,0
123500.0,683,7.0,4100.0,36,11.36,OWN,credit_card,0,9,0.0,0
34000.0,637,20.0,21200.0,60,20.22,MORTGAGE,small_business,0,10,65.0,1
126400.0,703,7.0,6600.0,36,14.34,MORTGAGE,small_business,0,11,1.2,0
49800.0,707,2.0,7600.0,36,11.99,OWN,home_improvement,0,14,22.1,0
26400.0,685,3.0,17900.0,36,16.61,RENT,debt_consolidation,0,6,65.0,1
90700.0,692,20.0,9400.0,36,13.42,RENT,small_business,0,7,13.2,0
51900.0,669,2.0,10000.0,36,19.12,RENT,home_improvement,3,8,37.8,1
71900.0,745,,9900.0,36,13.69,MORTGAGE,medical,1,13,25.5,0
85000.0,728,4.0,13000.0,36,17.42,RENT,credit_card,1,6,38.5,1
57100.0,616,10.0,9800.0,36,16.42,MORTGAGE,debt_consolidation,0,10,22.0,0
37600.0,614,15.0,11600.0,36,20.85,RENT,home_improvement,2,7,45.8,1
76000.0,663,3.0,8500.0,36,12.32,RENT,debt_consolidation,0,8,18.5,0
49000.0,728,7.0,13000.0,36,13.76,RENT,other,0,10,29.1,0
66700.0,690,5.0,12800.0,36,11.85,MORTGAGE,small_business,0,5,31.5,1
18600.0,638,2.0,28300.0,36,18.01,OWN,small_business,0,5,65.0,1
59900.0,697,2.0,9000.0,36,11.63,OWN,home_improvement,0,1,19.7,0
36800.0,658,5.0,10000.0,36,14.6,OWN,debt_consolidation,0,5,32.1,0
103200.0,737,1.0,12300.0,60,13.83,RENT,credit_card,0,5,17.1,0
64900.0,702,10.0,17700.0,36,12.87,MORTGAGE,home_improvement,0,14,36.7,0
54600.0,660,,6300.0,36,13.09,MORTGAGE,debt_consolidation,1,8,17.9,0
61000.0,695,1.0,11500.0,36,16.58,RENT,home_improvement,2,12,31.4,0
31300.0,765,3.0,3100.0,36,12.84,MORTGAGE,major_purchase,0,15,21.5,0
101800.0,643,1.0,9500.0,36,20.36,RENT,debt_consolidation,2,12,24.4,1
120100.0,706,5.0,18700.0,36,14.22,RENT,debt_consolidation,1,11,18.2,0
58500.0,675,4.0,7600.0,36,14.24,RENT,medical,0,6,28.0,0
100300.0,708,10.0,11900.0,60,12.2,OWN,debt_consolidation,0,8,14.8,0
37900.0,637,20.0,8400.0,36,13.44,MORTGAGE,debt_consolidation,0,8,30.5,0
34200.0,687,10.0,7100.0,36,16.54,RENT,credit_card,0,8,34.7,0
49900.0,752,1.0,17800.0,60,14.25,OWN,home_improvement,0,15,41.6,0
59600.0,619,15.0,6500.0,36,15.04,OWN,other,0,8,25.0,1
41100.0,594,4.0,12700.0,36,19.23,MORTGAGE,credit_card,0,7,31.1,0
62400.0,596,5.0,12800.0,36,19.31,MORTGAGE,other,2,11,29.2,0
56300.0,604,4.0,7100.0,36,17.63,RENT,credit_card,0,10,26.6,0
31300.0,719,3.0,11800.0,36,14.22,MORTGAGE,small_business,0,11,46.7,0
61900.0,589,15.0,6900.0,36,17.47,MORTGAGE,debt_consolidation,0,9,28.8,1
72300.0,661,3.0,14200.0,36,14.68,OWN,credit_card,0,11,20.8,0
53000.0,720,5.0,5700.0,60,12.84,MORTGAGE,medical,0,10,14.6,0
82300.0,707,2.0,9200.0,36,14.4,RENT,debt_consolidation,1,8,16.8,0
28300.0,655,10.0,9600.0,60,16.74,MORTGAGE,debt_consolidation,0,8,36.1,0
60500.0,692,10.0,19100.0,36,15.0,MORTGAGE,credit_card,0,11,46.4,0
29000.0,687,3.0,11700.0,36,16.2,MORTGAGE,credit_card,1,3,48.4,1
29700.0,665,7.0,17600.0,60,17.38,RENT,debt_consolidation,0,7,65.0,1
36900.0,666,7.0,14400.0,60,19.24,MORTGAGE,other,0,9,49.1,0
32100.0,825,5.0,14400.0,60,13.14,RENT,home_improvement,1,3,58.0,0
38300.0,733,7.0,9300.0,36,14.95,RENT,debt_consolidation,2,6,32.0,0
44500.0,841,5.0,18200.0,60,13.45,MORTGAGE,other,0,6,53.4,0
71400.0,648,1.0,9200.0,36,11.23,RENT,debt_consolidation,1,9,21.8,0
42400.0,674,7.0,4600.0,60,13.98,MORTGAGE,medical,0,6,24.9,0
24000.0,593,4.0,9800.0,60,22.61,RENT,debt_consolidation,0,8,45.2,0
81900.0,627,4.0,13700.0,36,16.13,OWN,debt_consolidation,0,12,26.1,0
33600.0,804,15.0,4900.0,36,11.21,MORTGAGE,credit_card,0,8,26.3,0
47700.0,646,0.0,7000.0,60,19.49,RENT,home_improvement,2,4,18.5,1
59900.0,805,2.0,5900.0,36,11.22,MORTGAGE,small_business,1,7,14.6,0
53600.0,599,1.0,16200.0,36,18.69,RENT,debt_consolidation,0,14,36.8,1
80200.0,612,0.0,25200.0,36,17.05,MORTGAGE,debt_consolidation,0,5,37.8,0
60800.0,658,2.0,9800.0,36,16.86,RENT,home_improvement,3,11,30.5,0
33300.0,676,20.0,14300.0,36,17.41,RENT,medical,0,8,45.6,0
130700.0,740,2.0,14100.0,36,10.8,OWN,home_improvement,0,7,26.8,0
53500.0,709,7.0,23800.0,36,15.95,RENT,debt_consolidation,1,15,56.6,0
45900.0,653,1.0,7900.0,36,15.29,MORTGAGE,credit_card,1,12,22.8,0
75600.0,671,7.0,9800.0,36,12.0,RENT,home_improvement,0,11,15.2,0
54800.0,659,20.0,9200.0,36,12.73,MORTGAGE,debt_consolidation,0,9,23.1,0
58700.0,621,3.0,11400.0,60,16.71,RENT,credit_card,0,3,27.2,0
150500.0,622,10.0,38300.0,36,17.6,RENT,credit_card,2,9,,1
43300.0,747,20.0,11100.0,60,14.37,RENT,debt_consolidation,0,6,29.2,0
42500.0,561,,7100.0,60,17.43,RENT,home_improvement,0,8,19.2,1
51700.0,785,3.0,6100.0,36,10.04,OWN,home_improvement,1,4,20.2,0
79400.0,658,7.0,20500.0,36,15.64,OWN,other,0,12,36.3,0
24900.0,630,10.0,7100.0,60,17.47,OWN,credit_card,0,8,41.8,0
20200.0,728,1.0,15200.0,36,16.66,RENT,credit_card,0,10,65.0,1
37600.0,777,4.0,7800.0,36,12.37,RENT,debt_consolidation,0,18,27.5,0
23500.0,753,3.0,5800.0,36,12.24,MORTGAGE,credit_card,0,15,30.2,0
40500.0,713,3.0,14800.0,36,19.38,OWN,debt_consolidation,0,13,48.2,0
61500.0,751,15.0,8000.0,36,13.45,MORTGAGE,debt_consolidation,1,6,17.2,0
32800.0,568,4.0,13500.0,36,20.28,RENT,debt_consolidation,0,7,54.8,0
25800.0,646,3.0,14000.0,36,15.6,MORTGAGE,home_improvement,0,12,59.5,0
50600.0,621,7.0,14400.0,36,15.05,RENT,credit_card,0,9,39.8,0
72300.0,760,2.0,9600.0,60,13.01,OWN,major_purchase,0,7,13.5,0
22900.0,655,2.0,15400.0,36,16.77,OWN,credit_card,0,11,65.0,0
70900.0,735,5.0,6900.0,36,12.98,OWN,credit_card,0,9,9.4,0
70800.0,715,4.0,3200.0,60,11.84,RENT,debt_consolidation,0,10,10.2,0
75300.0,624,3.0,15600.0,36,13.23,MORTGAGE,small_business,0,11,30.5,0
84800.0,642,0.0,11900.0,36,11.67,MORTGAGE,debt_consolidation,0,7,21.3,0
132000.0,764,5.0,8100.0,60,17.31,RENT,credit_card,2,9,20.0,0
41800.0,630,10.0,5200.0,60,16.58,MORTGAGE,debt_consolidation,0,7,15.3,0
51500.0,688,15.0,4000.0,36,13.57,MORTGAGE,major_purchase,0,8,13.9,0
40600.0,629,2.0,11200.0,36,15.73,RENT,home_improvement,0,8,41.6,0
49100.0,660,7.0,24900.0,36,13.32,RENT,small_business,0,4,50.3,0
97700.0,677,15.0,10200.0,36,12.53,RENT,debt_consolidation,0,11,27.4,0
26800.0,629,4.0,9100.0,36,16.84,OWN,home_improvement,1,8,48.5,1
33300.0,618,15.0,10800.0,36,14.96,MORTGAGE,small_business,0,6,41.6,0
91100.0,699,15.0,32500.0,36,14.47,MORTGAGE,debt_consolidation,0,7,49.2,0
77600.0,625,2.0,15900.0,36,17.06,RENT,debt_consolidation,2,11,38.1,0
41600.0,627,2.0,6900.0,36,15.12,MORTGAGE,debt_consolidation,0,14,19.6,0
72000.0,619,2.0,11100.0,60,14.44,RENT,small_business,0,9,17.5,0
57200.0,675,2.0,12900.0,60,14.63,MORTGAGE,debt_consolidation,0,8,27.9,1
96300.0,741,15.0,6400.0,60,13.3,MORTGAGE,debt_consolidation,0,11,14.4,0
50700.0,778,15.0,16000.0,36,13.29,MORTGAGE,debt_consolidation,0,8,49.5,0
77800.0,633,0.0,7300.0,36,14.06,RENT,credit_card,0,10,15.7,0
161000.0,820,7.0,5100.0,60,9.63,RENT,debt_consolidation,0,13,20.2,0
64200.0,615,5.0,11400.0,36,15.0,OWN,medical,1,13,21.1,0
50100.0,750,4.0,10500.0,36,14.34,OWN,debt_consolidation,2,10,36.1,0
67900.0,633,7.0,10900.0,36,12.93,MORTGAGE,debt_consolidation,0,6,14.4,0
41600.0,623,20.0,7500.0,36,15.12,RENT,home_improvement,0,11,10.8,0
143600.0,632,1.0,8000.0,60,18.61,MORTGAGE,other,0,8,25.3,0
53200.0,677,1.0,19200.0,36,15.94,MORTGAGE,medical,0,10,49.0,1
43400.0,718,0.0,13600.0,36,12.19,MORTGAGE,debt_consolidation,0,7,41.4,1
33700.0,724,3.0,6800.0,36,14.72,MORTGAGE,debt_consolidation,0,7,38.9,0
80300.0,619,3.0,4100.0,36,16.99,RENT,credit_card,1,11,23.0,0
72400.0,616,4.0,6900.0,36,15.06,MORTGAGE,debt_consolidation,0,7,26.7,0
39200.0,620,5.0,11800.0,60,19.05,RENT,credit_card,0,8,41.9,0
63500.0,673,10.0,8000.0,36,17.01,RENT,credit_card,1,6,31.5,0
24900.0,666,4.0,7700.0,60,18.88,RENT,home_improvement,0,13,33.5,0
53300.0,618,3.0,8100.0,36,15.87,RENT,other,2,10,23.6,1
60100.0,698,10.0,10500.0,36,12.37,MORTGAGE,debt_consolidation,0,11,28.3,0
105700.0,827,10.0,16200.0,60,11.94,MORTGAGE,home_improvement,0,8,31.4,0
34700.0,647,2.0,10900.0,60,17.0,MORTGAGE,credit_card,0,11,39.1,0
27600.0,652,3.0,11300.0,60,19.93,MORTGAGE,credit_card,0,11,59.3,0
32800.0,716,10.0,9800.0,36,9.8,OWN,home_improvement,0,7,17.9,0
26900.0,644,0.0,8500.0,36,18.45,OWN,other,1,12,48.0,0
89500.0,723,3.0,17100.0,36,13.88,MORTGAGE,medical,0,8,35.4,0
98400.0,633,4.0,15900.0,36,14.54,RENT,home_improvement,0,9,24.6,0
56600.0,799,2.0,30400.0,36,13.29,RENT,credit_card,0,10,64.6,0
84900.0,702,1.0,14800.0,36,16.18,MORTGAGE,credit_card,0,6,20.6,0
52100.0,640,4.0,8500.0,60,14.98,MORTGAGE,major_purchase,0,5,18.4,0
47000.0,642,10.0,7000.0,36,13.44,RENT,debt_consolidation,0,8,30.9,0
42200.0,647,10.0,17600.0,36,15.68,RENT,home_improvement,0,14,46.7,0
42600.0,769,20.0,7300.0,36,14.5,MORTGAGE,credit_card,1,9,43.2,0
24400.0,598,0.0,16400.0,36,22.29,MORTGAGE,home_improvement,1,8,65.0,1
55200.0,637,2.0,7500.0,60,17.64,MORTGAGE,debt_consolidation,1,9,14.2,0
48100.0,643,10.0,13000.0,36,17.3,MORTGAGE,small_business,1,6,32.2,0
68600.0,679,5.0,6400.0,60,14.71,MORTGAGE,home_improvement,1,13,,0
51100.0,662,3.0,16200.0,60,18.54,RENT,debt_consolidation,1,8,36.0,0
45600.0,583,2.0,5900.0,60,17.65,MORTGAGE,credit_card,0,8,21.3,0
33100.0,654,3.0,12500.0,60,19.06,OWN,home_improvement,0,8,42.1,0
50600.0,674,4.0,9900.0,36,14.94,RENT,other,0,9,35.7,0
68300.0,639,1.0,11500.0,36,17.46,MORTGAGE,debt_consolidation,1,8,25.6,0
29300.0,725,20.0,9000.0,36,15.13,RENT,debt_consolidation,0,8,35.7,0
51000.0,740,1.0,8900.0,36,14.2,RENT,debt_consolidation,0,12,29.2,0
54400.0,675,20.0,11800.0,60,18.07,MORTGAGE,other,2,9,35.4,1
35500.0,695,10.0,6600.0,60,14.94,MORTGAGE,major_purchase,0,5,17.6,0
37600.0,540,4.0,6600.0,36,16.28,MORTGAGE,home_improvement,0,7,21.8,1
54400.0,653,10.0,9100.0,36,13.45,RENT,debt_consolidation,0,10,17.4,0
29400.0,745,7.0,9000.0,36,9.81,MORTGAGE,credit_card,0,8,43.0,0
57400.0,652,2.0,6600.0,36,16.06,RENT,small_business,0,11,32.0,0
32800.0,632,3.0,17400.0,36,18.74,RENT,medical,0,5,60.0,0
79100.0,828,5.0,9300.0,36,12.54,RENT,credit_card,2,12,29.5,0
140400.0,798,7.0,9800.0,36,10.2,MORTGAGE,other,0,13,14.1,0
33300.0,710,5.0,5600.0,36,10.84,RENT,debt_consolidation,0,9,24.7,0
62300.0,754,5.0,30800.0,36,13.93,RENT,credit_card,0,12,63.4,0
35300.0,535,4.0,36800.0,36,20.78,RENT,medical,1,8,,1
78300.0,629,5.0,7400.0,36,11.43,MORTGAGE,home_improvement,0,7,12.5,0
27700.0,649,4.0,20200.0,60,21.23,MORTGAGE,major_purchase,0,4,65.0,1
60900.0,665,5.0,10400.0,36,15.41,MORTGAGE,other,0,4,24.9,0
33100.0,648,15.0,24400.0,36,17.12,MORTGAGE,credit_card,0,10,65.0,1
44700.0,514,7.0,12900.0,60,21.27,RENT,debt_consolidation,0,7,42.2,1
30800.0,705,10.0,11500.0,36,15.73,OWN,small_business,0,6,39.7,0
71000.0,715,7.0,3100.0,36,11.16,RENT,credit_card,0,11,6.4,0
33600.0,784,,7000.0,36,13.76,RENT,major_purchase,0,7,42.2,0
62800.0,629,5.0,11100.0,36,15.14,MORTGAGE,credit_card,1,4,31.5,1
42000.0,623,0.0,12100.0,36,16.28,MORTGAGE,major_purchase,0,11,44.0,1
46600.0,506,20.0,6000.0,36,18.77,RENT,other,0,6,33.3,0
52400.0,661,0.0,7600.0,36,13.1,OWN,small_business,0,13,26.7,0
34800.0,739,4.0,14400.0,36,14.44,MORTGAGE,small_business,0,11,33.0,0
53900.0,640,1.0,5500.0,36,13.6,MORTGAGE,home_improvement,0,13,25.6,0
97600.0,819,1.0,11700.0,36,7.65,RENT,credit_card,0,15,13.1,0
34500.0,663,10.0,20300.0,36,14.6,RENT,other,0,12,65.0,1
83100.0,690,4.0,13300.0,36,13.0,OWN,home_improvement,0,11,18.5,0
96200.0,591,10.0,12900.0,36,15.49,MORTGAGE,medical,0,7,17.4,0
34000.0,699,2.0,4000.0,36,12.27,MORTGAGE,credit_card,1,24,27.8,0
25500.0,551,2.0,7300.0,36,20.17,MORTGAGE,credit_card,0,7,37.7,1
56200.0,725,2.0,30500.0,36,13.76,MORTGAGE,home_improvement,0,5,61.6,0
38300.0,727,7.0,8100.0,36,13.08,MORTGAGE,small_business,0,14,19.9,0
113600.0,768,10.0,20600.0,36,11.3,RENT,credit_card,0,10,25.2,0
49800.0,614,4.0,8100.0,60,19.78,MORTGAGE,credit_card,1,9,42.7,0
34200.0,690,3.0,9500.0,36,17.15,MORTGAGE,debt_consolidation,0,6,42.1,0
29300.0,717,20.0,14200.0,36,16.61,OWN,credit_card,0,8,50.4,0
80100.0,709,1.0,11500.0,36,14.87,MORTGAGE,debt_consolidation,1,9,26.8,0
37900.0,624,5.0,13200.0,36,17.82,RENT,credit_card,0,8,41.8,1
50000.0,525,4.0,7300.0,36,18.74,RENT,medical,0,10,21.4,0
75400.0,703,1.0,6200.0,60,12.9,MORTGAGE,other,0,8,7.7,0
39400.0,670,2.0,7000.0,36,13.23,MORTGAGE,home_improvement,0,12,27.3,0
48000.0,643,0.0,8400.0,60,13.3,RENT,debt_consolidation,0,10,24.6,0
48700.0,730,15.0,9800.0,36,11.28,MORTGAGE,credit_card,0,8,25.2,0
66700.0,677,7.0,18400.0,36,15.07,MORTGAGE,home_improvement,0,6,42.8,0
63900.0,594,10.0,11400.0,60,13.69,RENT,credit_card,0,9,17.6,0
44400.0,554,5.0,13900.0,36,17.16,MORTGAGE,debt_consolidation,0,6,42.0,1
50400.0,607,7.0,11700.0,36,15.49,RENT,debt_consolidation,0,6,33.1,0
41500.0,836,7.0,6300.0,36,7.62,RENT,credit_card,0,11,10.2,0
25200.0,727,15.0,11000.0,60,22.78,RENT,debt_consolidation,2,10,65.0,0
55000.0,692,1.0,11700.0,36,16.8,MORTGAGE,debt_consolidation,0,4,31.3,0
114900.0,668,3.0,16000.0,36,14.92,OWN,medical,0,8,18.3,0
32900.0,664,7.0,6400.0,36,16.75,MORTGAGE,major_purchase,0,13,27.2,0
34600.0,756,20.0,3900.0,36,12.11,RENT,debt_consolidation,0,8,26.4,0
33100.0,648,20.0,11900.0,36,18.04,RENT,debt_consolidation,0,5,47.0,0
67900.0,717,7.0,13100.0,36,13.85,MORTGAGE,credit_card,0,11,,0
60000.0,657,2.0,10000.0,36,13.93,RENT,debt_consolidation,0,11,26.4,0
45600.0,806,1.0,11100.0,60,11.87,MORTGAGE,small_business,0,10,32.1,0
32400.0,728,20.0,17000.0,36,15.68,RENT,credit_card,0,5,58.3,0
51100.0,761,4.0,8700.0,60,12.72,RENT,credit_card,0,7,25.0,0
24200.0,642,2.0,9500.0,36,14.27,RENT,debt_consolidation,0,6,40.6,1
52300.0,749,15.0,11400.0,36,11.0,MORTGAGE,debt_consolidation,0,10,28.6,0
72600.0,660,1.0,5900.0,60,16.78,RENT,medical,0,5,21.2,0
27900.0,687,10.0,10100.0,36,15.99,RENT,major_purchase,0,16,42.7,0
24600.0,786,7.0,10600.0,36,12.44,MORTGAGE,other,1,14,51.9,0
99800.0,612,1.0,24800.0,36,18.86,MORTGAGE,small_business,0,6,46.0,0
37200.0,693,3.0,9400.0,36,14.86,OWN,home_improvement,0,9,33.8,0
81700.0,708,1.0,12100.0,60,14.84,RENT,debt_consolidation,0,17,30.8,0
45700.0,714,7.0,17300.0,36,16.78,RENT,home_improvement,0,7,53.7,0
45600.0,651,5.0,7200.0,60,14.89,MORTGAGE,other,0,6,22.7,0
59700.0,816,0.0,21800.0,60,14.95,RENT,debt_consolidation,0,15,44.8,0
32900.0,596,20.0,26400.0,36,15.96,RENT,credit_card,0,12,65.0,1
52000.0,775,3.0,10800.0,60,12.53,RENT,debt_consolidation,0,12,32.8,0
41300.0,759,2.0,8400.0,36,11.46,OWN,major_purchase,0,3,26.7,0
27100.0,804,2.0,24700.0,36,12.75,RENT,home_improvement,0,7,65.0,0
57100.0,577,1.0,16300.0,60,22.39,MORTGAGE,medical,3,13,46.5,1
43500.0,624,20.0,11400.0,36,18.94,OWN,debt_consolidation,1,12,40.9,0
45700.0,777,3.0,22300.0,36,15.93,OWN,other,0,8,62.0,0
28400.0,558,4.0,21200.0,36,19.9,MORTGAGE,debt_consolidation,0,9,65.0,1
100300.0,576,15.0,9200.0,36,15.99,OWN,debt_consolidation,0,8,22.7,0
72700.0,648,7.0,12400.0,36,18.15,MORTGAGE,debt_consolidation,0,9,41.6,0
75600.0,692,3.0,14600.0,36,13.5,RENT,debt_consolidation,0,3,27.3,0
42700.0,783,15.0,11100.0,36,13.06,OWN,debt_consolidation,1,10,,0
22500.0,668,10.0,5500.0,60,14.4,MORTGAGE,credit_card,0,9,34.4,0
118000.0,640,2.0,6800.0,36,13.43,RENT,major_purchase,0,12,8.0,0
47700.0,700,7.0,5500.0,36,14.08,MORTGAGE,medical,0,10,17.0,0
35000.0,711,15.0,14000.0,36,17.76,MORTGAGE,credit_card,2,8,53.2,0
59100.0,709,5.0,6100.0,60,14.26,OWN,debt_consolidation,0,16,19.8,0
82900.0,668,10.0,12000.0,36,16.4,MORTGAGE,debt_consolidation,1,6,25.0,1
48500.0,553,20.0,27300.0,60,22.52,RENT,credit_card,0,9,61.9,1
87100.0,620,7.0,22300.0,36,14.35,RENT,major_purchase,0,8,44.1,0
79800.0,772,1.0,4400.0,36,9.92,MORTGAGE,home_improvement,0,7,12.3,0
30200.0,692,2.0,5800.0,36,17.73,MORTGAGE,home_improvement,0,15,32.7,0
36200.0,659,7.0,7400.0,36,15.07,RENT,debt_consolidation,0,7,29.9,0
75400.0,753,2.0,6100.0,36,12.09,RENT,credit_card,0,10,16.8,0
15000.0,607,20.0,4800.0,36,19.33,RENT,credit_card,3,6,49.6,1
45800.0,665,4.0,10900.0,36,11.53,MORTGAGE,home_improvement,0,11,20.6,0
25700.0,689,4.0,15600.0,60,17.04,RENT,debt_consolidation,0,12,60.1,1
39600.0,651,7.0,17600.0,60,17.19,RENT,debt_consolidation,0,15,62.5,1
42900.0,687,5.0,8600.0,36,10.07,MORTGAGE,other,0,3,17.5,0
41700.0,668,4.0,9500.0,60,14.15,RENT,credit_card,0,11,28.5,0
38200.0,589,0.0,13100.0,36,20.78,RENT,small_business,3,5,47.6,1
29900.0,692,7.0,10400.0,36,16.22,OWN,debt_consolidation,1,4,49.4,0
137500.0,594,15.0,16400.0,36,10.44,MORTGAGE,home_improvement,0,13,7.9,0
113600.0,691,7.0,13600.0,36,14.35,RENT,credit_card,0,6,30.2,0
29100.0,769,4.0,9100.0,60,16.53,OWN,debt_consolidation,0,8,47.1,0
99900.0,662,1.0,4300.0,36,16.48,RENT,credit_card,0,7,25.6,0
41000.0,604,10.0,23100.0,36,17.75,MORTGAGE,credit_card,1,14,65.0,1
52000.0,672,20.0,7800.0,36,11.74,RENT,debt_consolidation,1,7,15.2,0
47600.0,626,4.0,13100.0,36,16.92,MORTGAGE,debt_consolidation,0,6,28.8,0
36400.0,719,10.0,4200.0,36,13.1,RENT,home_improvement,0,8,11.8,0
76300.0,670,4.0,10900.0,36,13.37,RENT,credit_card,0,13,5.9,0
51900.0,791,5.0,11500.0,36,7.52,MORTGAGE,debt_consolidation,0,9,32.2,0
39600.0,756,10.0,11800.0,60,14.11,MORTGAGE,small_business,0,13,41.3,0
27300.0,670,1.0,40000.0,36,17.48,MORTGAGE,small_business,2,9,65.0,1
32800.0,727,5.0,8000.0,36,12.53,MORTGAGE,medical,1,12,21.2,0
23400.0,654,2.0,16500.0,36,17.83,MORTGAGE,credit_card,0,10,65.0,1
49300.0,682,3.0,14200.0,36,12.7,MORTGAGE,debt_consolidation,0,11,34.2,0
28600.0,657,7.0,7800.0,36,13.66,MORTGAGE,medical,0,9,32.4,0
43500.0,730,0.0,16400.0,60,15.75,RENT,debt_consolidation,0,8,38.9,0
90800.0,773,7.0,10100.0,60,14.33,OWN,home_improvement,0,9,21.7,0
84100.0,732,3.0,16900.0,60,16.44,MORTGAGE,debt_consolidation,0,9,24.7,0
48300.0,740,7.0,29200.0,36,16.49,OWN,home_improvement,0,8,64.7,0
47100.0,740,1.0,11800.0,36,13.65,MORTGAGE,medical,0,13,28.1,0
114200.0,716,10.0,9500.0,60,15.23,MORTGAGE,credit_card,0,8,27.9,0
62000.0,606,7.0,18500.0,60,17.48,OWN,credit_card,0,8,32.9,0
42300.0,791,20.0,22000.0,36,12.33,RENT,other,0,12,57.7,0
25800.0,797,15.0,7000.0,60,14.22,OWN,debt_consolidation,1,9,30.0,0
58500.0,665,3.0,8700.0,60,19.02,RENT,debt_consolidation,0,11,31.8,0
71200.0,656,0.0,15300.0,36,15.78,RENT,other,1,6,34.3,0
36900.0,720,7.0,10200.0,36,14.81,RENT,home_improvement,0,9,46.6,0
55900.0,716,7.0,6800.0,36,14.0,MORTGAGE,credit_card,0,9,29.2,0
41600.0,667,0.0,14300.0,60,16.16,RENT,home_improvement,0,9,51.9,0
45100.0,599,1.0,15300.0,36,17.22,RENT,debt_consolidation,0,9,,0
16000.0,700,5.0,9300.0,36,16.07,MORTGAGE,debt_consolidation,0,10,56.3,1
44400.0,716,15.0,11300.0,36,15.17,MORTGAGE,debt_consolidation,0,4,27.2,0
75800.0,727,15.0,8200.0,36,11.42,MORTGAGE,debt_consolidation,0,11,13.1,0
36900.0,703,1.0,6300.0,36,13.76,RENT,credit_card,0,12,24.5,0
50200.0,662,4.0,8500.0,36,12.57,RENT,credit_card,0,10,21.7,0
34900.0,745,0.0,11300.0,60,13.64,RENT,credit_card,0,8,43.1,0
57700.0,684,4.0,5200.0,60,16.26,MORTGAGE,debt_consolidation,0,14,23.7,0
44500.0,650,10.0,8800.0,60,18.37,RENT,debt_consolidation,0,10,28.2,0
32100.0,668,10.0,11400.0,36,15.94,RENT,credit_card,0,10,43.2,0
89300.0,567,5.0,19900.0,36,16.3,MORTGAGE,credit_card,0,7,29.3,0
74500.0,668,1.0,9400.0,60,14.58,MORTGAGE,debt_consolidation,0,8,27.6,0
37300.0,725,4.0,5900.0,36,13.75,RENT,home_improvement,0,7,26.2,0
61300.0,702,15.0,9800.0,36,14.94,MORTGAGE,debt_consolidation,1,13,30.8,0
62400.0,779,2.0,8200.0,36,10.16,RENT,debt_consolidation,2,11,23.6,0
65400.0,663,3.0,14400.0,36,13.02,RENT,medical,0,14,34.2,0
22900.0,712,10.0,9200.0,36,14.63,RENT,debt_consolidation,0,12,53.5,0
77100.0,732,10.0,2800.0,36,12.51,MORTGAGE,other,0,14,7.1,0
37900.0,832,15.0,40000.0,60,15.43,MORTGAGE,other,1,11,65.0,0
41700.0,689,4.0,11700.0,36,14.37,OWN,small_business,1,8,41.9,0
160700.0,612,5.0,11400.0,60,12.86,OWN,credit_card,0,5,16.8,0
56200.0,735,4.0,5100.0,36,12.35,MORTGAGE,major_purchase,0,7,19.6,0
41200.0,801,15.0,5300.0,36,8.78,RENT,medical,0,12,17.5,0
18200.0,659,10.0,10400.0,36,17.88,MORTGAGE,small_business,0,11,61.6,0
91600.0,735,10.0,12900.0,60,12.55,MORTGAGE,debt_consolidation,0,14,27.9,0
26800.0,760,1.0,15500.0,60,16.99,MORTGAGE,debt_consolidation,0,12,62.3,0
31200.0,746,10.0,12300.0,36,15.65,RENT,debt_consolidation,0,7,43.4,0
42200.0,688,4.0,6000.0,36,16.85,MORTGAGE,debt_consolidation,1,11,20.9,0
92700.0,635,0.0,3100.0,36,16.18,MORTGAGE,debt_consolidation,2,13,23.0,0
69400.0,675,0.0,10400.0,60,12.44,MORTGAGE,credit_card,0,16,28.5,0
45700.0,710,7.0,8400.0,36,14.13,MORTGAGE,credit_card,1,11,36.1,0
56300.0,739,3.0,5800.0,60,14.58,MORTGAGE,small_business,2,6,22.3,1
37400.0,702,15.0,16500.0,36,13.48,MORTGAGE,debt_consolidation,0,7,44.6,0
52200.0,655,10.0,5000.0,36,12.65,MORTGAGE,debt_consolidation,0,9,13.9,0
50700.0,716,,14900.0,36,15.9,MORTGAGE,home_improvement,1,16,35.6,0
75800.0,736,7.0,5400.0,60,10.51,OWN,credit_card,0,7,10.1,0
75800.0,705,2.0,11700.0,36,14.98,OWN,home_improvement,1,15,24.0,0
61200.0,626,4.0,17400.0,36,15.76,MORTGAGE,credit_card,0,10,33.2,0
41600.0,668,7.0,9200.0,60,16.02,RENT,small_business,0,10,27.0,1
68400.0,742,15.0,25500.0,36,13.86,RENT,small_business,0,8,47.6,0
47000.0,590,4.0,28500.0,36,19.38,OWN,home_improvement,0,7,61.8,1
30100.0,544,10.0,12300.0,36,23.39,RENT,debt_consolidation,1,11,50.8,1
40900.0,778,10.0,14300.0,36,11.19,RENT,medical,0,6,36.3,0
50900.0,713,4.0,18600.0,36,13.65,MORTGAGE,credit_card,0,8,42.9,0
73800.0,719,5.0,14400.0,60,14.65,RENT,debt_consolidation,1,9,26.5,0
45100.0,610,7.0,13600.0,36,19.58,MORTGAGE,small_business,1,6,39.3,1
28400.0,728,0.0,8400.0,36,15.43,MORTGAGE,credit_card,1,11,41.9,0
50300.0,698,15.0,4700.0,60,11.41,RENT,debt_consolidation,0,8,19.3,0
51600.0,577,10.0,5500.0,60,16.38,MORTGAGE,major_purchase,0,9,8.9,0
53300.0,773,2.0,36000.0,60,16.44,MORTGAGE,credit_card,0,5,65.0,0
74200.0,690,20.0,12900.0,60,12.17,MORTGAGE,small_business,0,6,15.9,0
77500.0,654,1.0,9700.0,60,18.86,RENT,small_business,0,10,31.9,0
37500.0,655,15.0,20600.0,60,18.03,OWN,debt_consolidation,0,7,47.1,0
37200.0,549,3.0,7500.0,60,20.56,RENT,home_improvement,0,8,27.5,1
30700.0,719,10.0,14600.0,60,16.1,RENT,credit_card,0,12,47.6,0
67100.0,697,4.0,11400.0,36,11.35,MORTGAGE,credit_card,0,7,23.8,0
94100.0,667,,13800.0,36,12.42,OWN,debt_consolidation,0,7,15.7,0
42500.0,763,1.0,9200.0,60,12.23,MORTGAGE,home_improvement,0,8,34.9,0
44000.0,590,2.0,6800.0,36,13.0,MORTGAGE,major_purchase,0,4,22.8,0
94900.0,641,1.0,7200.0,60,17.48,MORTGAGE,other,1,10,6.4,0
61500.0,625,15.0,7400.0,36,17.7,RENT,debt_consolidation,0,9,19.8,0
59700.0,662,3.0,10900.0,60,18.1,RENT,debt_consolidation,0,11,28.1,0
28700.0,684,7.0,5000.0,36,13.65,RENT,credit_card,0,14,28.4,0
66500.0,708,10.0,5900.0,36,11.97,RENT,debt_consolidation,0,7,10.9,0
32300.0,657,15.0,11700.0,60,18.48,MORTGAGE,credit_card,0,9,45.9,0
29400.0,623,1.0,10300.0,36,19.22,RENT,other,0,8,41.8,0
41900.0,790,15.0,12000.0,36,16.54,OWN,debt_consolidation,3,7,44.4,0
37700.0,837,2.0,10700.0,36,9.01,OWN,credit_card,1,12,40.0,0
44400.0,689,10.0,38500.0,36,19.89,MORTGAGE,home_improvement,3,12,65.0,1
25600.0,631,10.0,11700.0,36,14.42,MORTGAGE,debt_consolidation,0,8,47.3,0
75500.0,776,0.0,9000.0,36,14.37,RENT,debt_consolidation,1,14,24.1,0
81400.0,586,2.0,11500.0,60,17.26,MORTGAGE,other,0,9,23.5,0
20400.0,658,5.0,18200.0,36,17.09,MORTGAGE,debt_consolidation,0,9,65.0,0
76100.0,635,4.0,10700.0,36,15.68,RENT,home_improvement,2,7,28.7,1
34000.0,605,15.0,15400.0,60,19.63,RENT,debt_consolidation,0,10,63.2,1
72100.0,662,3.0,13300.0,36,16.77,MORTGAGE,home_improvement,0,8,43.8,0
47500.0,624,15.0,9500.0,36,14.13,MORTGAGE,debt_consolidation,0,12,26.3,0
49700.0,681,4.0,11600.0,36,15.69,MORTGAGE,debt_consolidation,1,14,34.3,0
45100.0,682,20.0,24300.0,36,15.77,OWN,debt_consolidation,0,6,59.8,0
84600.0,640,10.0,12400.0,36,13.34,MORTGAGE,debt_consolidation,0,7,20.2,0
28100.0,656,10.0,6700.0,60,16.89,RENT,other,0,7,44.1,0
64400.0,665,1.0,9300.0,36,13.83,MORTGAGE,credit_card,1,8,17.7,0
80500.0,733,5.0,3800.0,36,13.99,MORTGAGE,major_purchase,2,14,13.8,0
67700.0,670,1.0,11700.0,36,12.04,MORTGAGE,other,0,15,19.6,0
139500.0,734,3.0,21100.0,36,13.36,OWN,debt_consolidation,0,8,27.9,0
38600.0,718,7.0,5600.0,36,11.91,RENT,medical,1,4,29.2,0
75400.0,717,10.0,11800.0,36,10.94,RENT,small_business,0,14,24.6,0
46700.0,770,0.0,17900.0,36,12.82,MORTGAGE,home_improvement,0,6,46.8,0
85400.0,607,5.0,18900.0,36,18.89,RENT,major_purchase,2,10,35.6,0
48900.0,649,5.0,20700.0,60,18.37,MORTGAGE,debt_consolidation,0,10,49.2,1
41200.0,795,0.0,4300.0,36,9.93,MORTGAGE,debt_consolidation,0,8,5.5,0
88200.0,663,5.0,14100.0,60,16.12,RENT,debt_consolidation,0,14,25.2,0
39300.0,497,7.0,5200.0,36,18.91,MORTGAGE,medical,1,9,26.4,1
26000.0,667,0.0,6600.0,36,12.88,MORTGAGE,debt_consolidation,0,12,30.5,0
38800.0,689,10.0,16500.0,36,15.75,RENT,other,0,5,55.2,0
64800.0,510,5.0,11800.0,60,21.98,MORTGAGE,debt_consolidation,2,6,24.1,1
91700.0,767,10.0,15700.0,36,12.24,MORTGAGE,home_improvement,0,8,20.9,0
51500.0,634,2.0,6900.0,36,15.68,MORTGAGE,home_improvement,0,8,23.7,0
88700.0,701,10.0,22900.0,60,15.26,MORTGAGE,other,0,5,30.6,0
26600.0,665,1.0,15400.0,60,16.99,MORTGAGE,debt_consolidation,0,3,65.0,1
40200.0,596,4.0,17100.0,36,18.68,RENT,debt_consolidation,0,11,56.2,1
43100.0,610,2.0,6400.0,36,15.24,MORTGAGE,medical,0,5,28.1,0
46600.0,619,15.0,19600.0,36,18.44,MORTGAGE,other,0,11,53.7,1
50900.0,751,7.0,9300.0,36,11.54,MORTGAGE,debt_consolidation,0,10,29.6,0
66900.0,670,0.0,8100.0,36,10.9,RENT,home_improvement,0,8,7.5,0
40100.0,646,0.0,15000.0,60,16.14,RENT,debt_consolidation,0,12,42.5,1
52200.0,619,3.0,14600.0,36,14.95,MORTGAGE,small_business,0,10,31.4,1
48000.0,758,1.0,7200.0,36,8.18,RENT,major_purchase,0,5,9.8,0
32300.0,775,7.0,30600.0,36,12.96,MORTGAGE,major_purchase,1,4,65.0,1
46600.0,757,7.0,27100.0,36,16.18,MORTGAGE,credit_card,0,13,62.5,1
46000.0,712,20.0,14800.0,36,14.13,MORTGAGE,debt_consolidation,0,7,43.0,0
45500.0,699,20.0,13600.0,36,13.14,RENT,home_improvement,0,9,39.8,0
49700.0,601,7.0,12900.0,36,16.53,RENT,major_purchase,0,6,31.7,1
50700.0,664,0.0,5000.0,60,12.37,RENT,other,0,10,22.1,0
40400.0,636,3.0,11600.0,36,14.07,MORTGAGE,credit_card,0,13,36.1,0
86900.0,561,5.0,11500.0,36,13.83,OWN,debt_consolidation,0,5,14.8,1
29000.0,749,5.0,8200.0,36,15.06,RENT,debt_consolidation,3,5,44.0,0
35400.0,635,7.0,9400.0,60,16.43,MORTGAGE,major_purchase,0,13,25.6,1
171300.0,758,20.0,3300.0,60,11.92,RENT,credit_card,0,15,17.4,0
30700.0,737,15.0,6300.0,36,12.05,MORTGAGE,home_improvement,0,8,30.3,0
26700.0,716,1.0,17300.0,36,14.26,RENT,debt_consolidation,0,8,65.0,0
68200.0,720,2.0,26000.0,36,16.07,RENT,debt_consolidation,2,9,50.0,1
19300.0,640,10.0,6800.0,36,17.36,MORTGAGE,other,0,8,45.8,0
44100.0,801,10.0,12000.0,60,11.59,MORTGAGE,major_purchase,0,15,33.1,0
128700.0,683,2.0,18900.0,36,17.0,RENT,credit_card,2,8,30.0,0
24500.0,700,10.0,8400.0,36,14.81,RENT,credit_card,0,6,43.4,0
20100.0,638,7.0,15300.0,36,16.99,RENT,other,0,5,65.0,1
25000.0,619,5.0,10800.0,36,16.58,MORTGAGE,debt_consolidation,0,8,51.2,0
73400.0,711,2.0,19800.0,60,13.57,OWN,major_purchase,0,7,31.2,0
81300.0,694,15.0,5800.0,36,13.58,RENT,debt_consolidation,2,10,23.2,0
38900.0,629,7.0,6300.0,36,14.65,MORTGAGE,medical,0,11,31.0,0
66700.0,587,1.0,12600.0,36,17.07,RENT,home_improvement,0,7,35.7,0
91600.0,597,7.0,11500.0,36,16.44,RENT,credit_card,0,16,34.4,0
109600.0,758,10.0,10600.0,36,13.7,MORTGAGE,small_business,1,9,17.2,0
43900.0,640,15.0,14600.0,36,17.17,MORTGAGE,debt_consolidation,0,15,45.8,0
17400.0,658,2.0,6900.0,36,16.5,RENT,debt_consolidation,0,8,58.8,0
33900.0,774,20.0,5500.0,60,13.3,MORTGAGE,credit_card,0,10,32.3,0
40500.0,607,1.0,8500.0,36,15.61,RENT,home_improvement,0,11,25.3,0
43600.0,633,7.0,9000.0,36,13.12,MORTGAGE,debt_consolidation,0,8,28.6,0
45000.0,630,7.0,9500.0,60,16.33,MORTGAGE,credit_card,0,13,29.0,0
81100.0,785,4.0,20600.0,60,13.53,RENT,debt_consolidation,0,7,35.1,0
87000.0,810,5.0,16100.0,60,13.45,MORTGAGE,home_improvement,0,4,36.6,0
45400.0,729,15.0,14300.0,36,13.95,RENT,other,0,10,45.8,0
80400.0,731,7.0,12200.0,36,12.27,RENT,debt_consolidation,0,11,19.0,0
57600.0,642,5.0,8800.0,36,14.8,RENT,debt_consolidation,0,11,27.6,0
50500.0,807,1.0,7100.0,36,10.99,RENT,home_improvement,0,5,25.6,0
73700.0,697,0.0,6000.0,60,15.2,RENT,credit_card,1,13,28.3,0
50600.0,735,1.0,7700.0,36,9.4,RENT,small_business,0,12,26.9,0
123700.0,673,20.0,10700.0,60,15.3,RENT,debt_consolidation,0,8,14.6,0
25700.0,663,10.0,6100.0,36,18.07,RENT,credit_card,1,10,42.0,1
38900.0,788,20.0,11900.0,36,18.62,OWN,credit_card,3,16,,1
46300.0,715,0.0,9900.0,36,11.39,MORTGAGE,debt_consolidation,0,14,27.7,0
59700.0,774,7.0,9000.0,36,10.81,RENT,small_business,0,11,17.1,0
86700.0,697,0.0,19600.0,60,11.74,MORTGAGE,major_purchase,0,11,30.4,0
48500.0,625,10.0,3200.0,36,14.96,MORTGAGE,debt_consolidation,0,8,19.3,0
25800.0,642,4.0,9000.0,36,18.96,RENT,home_improvement,1,11,41.8,0
71600.0,687,1.0,3400.0,60,15.28,RENT,debt_consolidation,0,6,,0
68900.0,639,5.0,12300.0,60,13.52,OWN,major_purchase,0,8,23.8,0
20500.0,608,3.0,16000.0,60,19.07,MORTGAGE,debt_consolidation,0,8,65.0,1
48900.0,758,7.0,5600.0,36,13.48,MORTGAGE,debt_consolidation,1,6,19.4,0
24000.0,645,7.0,5900.0,60,14.69,MORTGAGE,other,0,7,32.3,0
36300.0,689,7.0,4700.0,60,17.56,MORTGAGE,credit_card,0,9,32.0,0
32700.0,699,20.0,11300.0,36,15.22,MORTGAGE,home_improvement,0,6,37.2,0
70600.0,642,4.0,9200.0,36,16.54,MORTGAGE,major_purchase,0,6,18.3,0
51700.0,774,4.0,9500.0,60,13.98,MORTGAGE,small_business,0,10,26.2,0
27500.0,607,10.0,9100.0,60,22.11,RENT,credit_card,2,12,50.0,1
72800.0,697,5.0,6700.0,60,17.4,MORTGAGE,credit_card,2,7,22.9,0
25700.0,696,0.0,19300.0,36,18.97,MORTGAGE,other,0,6,65.0,0
56900.0,676,10.0,12500.0,36,11.15,RENT,debt_consolidation,0,6,21.4,0
34000.0,596,0.0,6000.0,36,16.24,RENT,medical,0,6,40.4,0
41600.0,737,1.0,7700.0,36,12.42,OWN,small_business,0,9,27.0,0
61500.0,728,1.0,7100.0,36,11.96,OWN,home_improvement,0,5,16.5,0
62000.0,636,0.0,22100.0,36,14.69,MORTGAGE,debt_consolidation,0,6,37.8,0
89500.0,726,0.0,15600.0,36,12.36,RENT,debt_consolidation,0,15,18.2,0
47200.0,704,0.0,10300.0,36,15.45,RENT,credit_card,0,6,27.3,0
56300.0,597,4.0,25700.0,36,18.95,RENT,major_purchase,1,4,55.3,1
40300.0,624,,22600.0,36,17.53,MORTGAGE,small_business,0,14,65.0,1
53200.0,754,1.0,9700.0,36,12.65,MORTGAGE,home_improvement,0,8,23.8,0
59700.0,700,7.0,8900.0,36,19.27,OWN,other,3,9,29.9,0
46900.0,643,2.0,9100.0,60,13.3,OWN,other,0,5,32.3,0
21800.0,624,0.0,6800.0,36,13.94,RENT,credit_card,0,9,31.7,1
56900.0,646,4.0,26000.0,60,17.34,RENT,debt_consolidation,0,8,57.1,1
57800.0,651,3.0,6600.0,60,15.62,OWN,credit_card,0,15,28.7,0
36100.0,625,3.0,16900.0,36,18.74,MORTGAGE,medical,0,9,53.9,1
27500.0,567,4.0,15400.0,60,24.3,MORTGAGE,credit_card,1,14,63.0,1
95200.0,754,7.0,9400.0,36,7.32,MORTGAGE,debt_consolidation,0,14,18.3,0
61200.0,743,7.0,27000.0,36,15.56,MORTGAGE,small_business,0,9,50.0,0
44200.0,597,15.0,5000.0,36,16.17,MORTGAGE,home_improvement,1,9,16.7,0
29400.0,689,5.0,10500.0,36,18.75,RENT,other,3,11,57.7,0
33900.0,621,5.0,8600.0,36,14.35,RENT,credit_card,0,8,22.9,0
88100.0,663,2.0,17700.0,36,15.29,MORTGAGE,other,0,6,24.2,0
52200.0,658,,13100.0,36,14.58,RENT,debt_consolidation,0,5,20.8,0
38300.0,652,1.0,4600.0,36,15.03,OWN,medical,0,10,9.0,0
61700.0,810,5.0,20300.0,36,7.2,RENT,credit_card,0,10,32.5,0
34000.0,651,4.0,13900.0,36,14.89,MORTGAGE,major_purchase,0,3,56.2,0
96300.0,627,7.0,6500.0,60,16.79,MORTGAGE,other,0,9,14.6,0
90100.0,630,15.0,9200.0,36,17.81,MORTGAGE,home_improvement,3,14,,1
39700.0,748,20.0,5700.0,36,12.62,RENT,small_business,0,12,23.4,0
36900.0,573,1.0,10000.0,36,16.28,MORTGAGE,other,0,7,36.3,0
15100.0,630,2.0,11800.0,36,20.38,RENT,credit_card,1,13,65.0,1
25200.0,774,10.0,9300.0,36,13.92,RENT,credit_card,0,9,39.8,0
26800.0,696,5.0,8700.0,60,15.53,RENT,medical,0,10,49.2,0
52100.0,692,4.0,4900.0,36,13.53,RENT,home_improvement,0,3,20.3,0
42300.0,819,,12900.0,60,15.36,OWN,medical,0,3,45.6,0
26800.0,696,7.0,4200.0,60,12.67,MORTGAGE,home_improvement,0,6,25.2,0
43200.0,634,20.0,11100.0,36,16.07,RENT,small_business,0,10,32.2,0
61500.0,662,5.0,4400.0,60,16.62,OWN,debt_consolidation,0,9,20.5,0
62200.0,606,4.0,11200.0,36,15.65,RENT,debt_consolidation,0,10,32.1,0
20900.0,762,5.0,10900.0,60,17.65,RENT,major_purchase,0,6,53.8,0
46300.0,717,10.0,13400.0,36,11.36,RENT,credit_card,0,8,41.8,0
26300.0,753,7.0,16800.0,36,13.33,MORTGAGE,credit_card,0,10,65.0,0
73600.0,759,7.0,18500.0,60,10.51,MORTGAGE,other,0,3,34.1,0
69800.0,653,20.0,4900.0,36,14.49,RENT,credit_card,0,9,23.0,0
32700.0,619,7.0,10600.0,60,18.23,RENT,debt_consolidation,0,7,42.4,0
34700.0,677,4.0,29900.0,36,18.14,MORTGAGE,credit_card,1,8,65.0,1
39800.0,623,7.0,11600.0,36,17.61,MORTGAGE,credit_card,1,13,41.3,0
17800.0,691,7.0,7200.0,36,15.44,MORTGAGE,other,0,11,54.5,0
57000.0,754,0.0,10500.0,60,14.08,MORTGAGE,small_business,0,9,26.9,0
43400.0,669,4.0,9000.0,36,14.04,MORTGAGE,credit_card,0,3,30.1,0
75900.0,690,10.0,6100.0,36,17.99,MORTGAGE,credit_card,0,8,20.3,0
29900.0,674,5.0,16900.0,36,19.0,MORTGAGE,other,3,9,65.0,1
37100.0,732,10.0,14600.0,60,15.85,RENT,home_improvement,0,10,65.0,1
24900.0,637,4.0,5600.0,36,15.83,RENT,credit_card,0,8,28.2,0
31200.0,537,20.0,10400.0,36,17.93,MORTGAGE,credit_card,0,10,38.9,0
28800.0,711,3.0,8200.0,36,14.74,MORTGAGE,debt_consolidation,0,10,42.7,0
76700.0,744,1.0,4900.0,36,15.41,RENT,other,0,7,20.8,0
35800.0,709,4.0,5400.0,60,14.23,MORTGAGE,small_business,0,11,19.0,0
51800.0,638,5.0,5800.0,36,14.37,RENT,credit_card,1,9,24.8,1
41300.0,606,3.0,10600.0,60,18.36,RENT,debt_consolidation,0,10,29.3,1
27700.0,712,2.0,8700.0,36,14.96,RENT,debt_consolidation,0,7,47.4,0
45400.0,689,7.0,6800.0,36,17.73,RENT,credit_card,2,7,32.1,1
64200.0,672,3.0,9000.0,36,10.97,RENT,credit_card,0,7,19.0,0
28500.0,798,7.0,15900.0,60,13.13,RENT,credit_card,0,9,56.7,0
70600.0,618,10.0,13100.0,36,16.39,MORTGAGE,medical,2,16,23.8,1
33400.0,795,10.0,18100.0,36,14.91,RENT,other,0,8,,0
39400.0,682,3.0,9800.0,36,13.77,MORTGAGE,credit_card,0,10,39.9,0
62200.0,561,5.0,24400.0,60,22.82,RENT,debt_consolidation,1,14,44.5,0
36400.0,668,4.0,13000.0,36,15.51,RENT,major_purchase,0,11,50.7,0
49900.0,742,15.0,8600.0,60,13.58,MORTGAGE,credit_card,0,5,29.6,0
42500.0,656,15.0,11500.0,36,17.21,MORTGAGE,debt_consolidation,0,13,40.3,0
52000.0,584,3.0,5900.0,36,12.44,MORTGAGE,debt_consolidation,1,6,16.7,0
16800.0,669,1.0,9400.0,36,18.84,RENT,debt_consolidation,0,9,65.0,1
21500.0,624,1.0,13600.0,36,19.17,MORTGAGE,debt_consolidation,0,5,65.0,1
64700.0,712,3.0,14900.0,60,13.6,RENT,other,0,8,,0
78200.0,730,5.0,8900.0,36,12.69,MORTGAGE,credit_card,0,7,23.2,0
32500.0,611,7.0,40000.0,36,20.99,RENT,debt_consolidation,1,6,65.0,1
43900.0,634,3.0,10000.0,36,16.73,MORTGAGE,debt_consolidation,0,11,45.8,1
56000.0,729,7.0,4700.0,36,12.72,MORTGAGE,debt_consolidation,0,9,18.5,0
67000.0,624,15.0,20100.0,60,21.71,MORTGAGE,credit_card,2,11,51.9,0
19700.0,610,7.0,14800.0,60,22.78,OWN,small_business,2,9,65.0,1
32900.0,603,1.0,12300.0,36,17.73,OWN,debt_consolidation,0,11,45.8,1
42200.0,703,,8700.0,36,17.04,MORTGAGE,other,3,8,29.3,0
67300.0,700,5.0,13300.0,36,13.34,OWN,major_purchase,0,6,33.5,0
150900.0,636,15.0,24600.0,60,19.3,RENT,major_purchase,0,4,21.9,1
44200.0,680,3.0,12100.0,60,10.87,RENT,debt_consolidation,0,9,26.2,0
26000.0,779,4.0,5200.0,60,12.66,MORTGAGE,credit_card,0,5,26.5,0
58700.0,617,7.0,1900.0,36,16.25,OWN,credit_card,1,12,,0
88800.0,553,5.0,13300.0,36,18.91,MORTGAGE,credit_card,0,15,28.8,0
51500.0,710,7.0,6700.0,36,11.95,RENT,debt_consolidation,0,11,18.7,0
32600.0,673,0.0,10400.0,36,15.97,MORTGAGE,other,0,10,46.4,0
75400.0,634,5.0,7300.0,36,15.15,RENT,medical,0,9,18.1,0
66100.0,722,1.0,7000.0,36,12.47,MORTGAGE,debt_consolidation,0,9,19.7,0
30900.0,735,3.0,7500.0,36,11.34,RENT,medical,0,5,25.1,0
58200.0,536,7.0,7800.0,36,16.18,RENT,home_improvement,0,9,23.6,0
76800.0,638,1.0,16100.0,36,13.09,RENT,debt_consolidation,0,13,32.7,0
83400.0,831,3.0,14600.0,36,9.32,MORTGAGE,debt_consolidation,0,6,27.9,0
47600.0,718,7.0,6000.0,60,14.32,MORTGAGE,debt_consolidation,0,8,19.5,0
41700.0,724,7.0,6400.0,36,13.77,RENT,debt_consolidation,0,13,20.0,0
85200.0,756,1.0,13200.0,60,12.55,RENT,debt_consolidation,0,9,7.5,0
28400.0,681,5.0,18500.0,36,15.15,MORTGAGE,credit_card,0,7,65.0,0
59700.0,732,1.0,18400.0,60,15.04,OWN,credit_card,0,14,38.1,0
26500.0,727,2.0,6600.0,36,13.05,OWN,debt_consolidation,0,9,31.4,0
79200.0,715,4.0,17900.0,36,11.82,RENT,credit_card,0,8,27.9,0
43600.0,659,1.0,4500.0,36,14.53,RENT,debt_consolidation,1,6,21.1,0
86800.0,691,20.0,9900.0,60,15.65,RENT,credit_card,0,10,29.2,0
61200.0,642,1.0,14000.0,36,18.26,RENT,debt_consolidation,2,11,39.4,1
28300.0,681,10.0,3900.0,36,19.48,MORTGAGE,home_improvement,3,7,30.2,0
93100.0,604,10.0,31100.0,60,17.64,RENT,debt_consolidation,0,14,32.7,0
98500.0,629,20.0,21200.0,36,13.32,OWN,credit_card,0,9,18.4,0
72900.0,662,4.0,15100.0,36,13.14,MORTGAGE,medical,0,10,24.2,0
34800.0,619,15.0,6800.0,60,17.08,RENT,credit_card,1,7,36.4,0
42700.0,647,20.0,10600.0,60,15.76,MORTGAGE,credit_card,0,11,37.5,0
52300.0,669,1.0,16200.0,36,16.22,MORTGAGE,debt_consolidation,0,8,42.3,1
35700.0,706,5.0,6200.0,60,14.98,MORTGAGE,home_improvement,1,14,28.2,0
105000.0,742,0.0,10000.0,36,9.18,OWN,other,0,4,20.8,0
52300.0,650,7.0,17200.0,36,16.78,RENT,debt_consolidation,0,13,41.5,0
15000.0,767,5.0,5200.0,60,16.69,MORTGAGE,credit_card,2,16,56.8,0
57100.0,741,2.0,12900.0,36,14.09,RENT,home_improvement,0,13,37.0,0
41900.0,713,10.0,4500.0,36,12.74,MORTGAGE,debt_consolidation,0,5,12.5,0
47400.0,690,0.0,6800.0,60,13.9,MORTGAGE,other,0,6,25.0,0
41500.0,701,10.0,8500.0,36,11.89,RENT,credit_card,0,14,19.7,0
70500.0,757,0.0,14100.0,36,13.29,RENT,debt_consolidation,0,8,38.1,0
81100.0,760,7.0,7700.0,36,12.01,RENT,debt_consolidation,0,9,12.1,0
55700.0,767,0.0,11600.0,36,10.19,RENT,credit_card,0,8,36.4,0
42100.0,683,2.0,7800.0,36,15.56,MORTGAGE,debt_consolidation,0,6,,0
48100.0,716,10.0,8400.0,36,13.43,OWN,small_business,0,9,19.3,0
49500.0,767,3.0,20400.0,60,15.63,RENT,debt_consolidation,1,14,45.9,0
34200.0,639,5.0,6200.0,60,18.87,RENT,debt_consolidation,0,7,36.7,0
63600.0,659,15.0,16000.0,36,16.41,RENT,debt_consolidation,0,10,34.4,0
60300.0,681,0.0,10900.0,36,12.75,RENT,major_purchase,0,9,27.1,0
98000.0,738,10.0,8200.0,36,9.55,RENT,debt_consolidation,0,8,,0
86200.0,739,0.0,6000.0,36,10.04,MORTGAGE,debt_consolidation,0,7,25.2,0
36000.0,665,1.0,6200.0,36,14.15,OWN,credit_card,0,3,21.8,0
70900.0,582,1.0,7600.0,36,14.6,OWN,debt_consolidation,0,9,20.8,0
32000.0,696,20.0,10100.0,36,11.87,RENT,other,0,10,30.9,0
67000.0,620,2.0,14800.0,36,16.76,RENT,credit_card,0,9,33.6,0
38900.0,583,15.0,9400.0,60,19.98,MORTGAGE,debt_consolidation,0,11,32.8,0
30900.0,598,20.0,9700.0,36,19.04,RENT,other,1,9,45.7,0
55600.0,701,4.0,10500.0,36,11.03,MORTGAGE,debt_consolidation,0,8,24.8,0
15000.0,768,7.0,13900.0,36,14.76,MORTGAGE,major_purchase,2,8,65.0,1
22300.0,683,10.0,15100.0,36,17.93,RENT,home_improvement,1,5,65.0,1
45300.0,694,4.0,5500.0,36,14.0,RENT,credit_card,0,13,20.6,0
50900.0,757,1.0,9500.0,36,13.14,OWN,credit_card,0,9,25.9,0
41500.0,580,4.0,20200.0,36,20.76,MORTGAGE,medical,1,6,65.0,1
24100.0,714,10.0,5700.0,60,13.7,MORTGAGE,credit_card,0,7,30.2,0
33900.0,679,10.0,11400.0,60,17.77,RENT,credit_card,0,6,40.0,0
58500.0,717,2.0,10000.0,36,13.14,MORTGAGE,credit_card,0,11,24.2,0
63700.0,649,1.0,8200.0,36,12.32,RENT,debt_consolidation,0,9,21.5,0
48700.0,627,15.0,24200.0,36,19.0,MORTGAGE,credit_card,0,9,47.4,0
82500.0,689,0.0,11100.0,36,13.03,MORTGAGE,debt_consolidation,0,12,20.5,0
58600.0,787,10.0,23300.0,36,12.87,RENT,debt_consolidation,0,14,46.7,0
35000.0,736,0.0,11000.0,36,13.58,RENT,credit_card,0,3,31.9,0
43200.0,647,10.0,13800.0,36,17.1,MORTGAGE,credit_card,0,9,47.2,0
26100.0,593,15.0,8200.0,36,16.41,MORTGAGE,debt_consolidation,0,10,46.0,0
46700.0,571,3.0,8200.0,36,12.51,MORTGAGE,debt_consolidation,0,11,17.4,1
80900.0,766,,13400.0,36,11.96,MORTGAGE,debt_consolidation,0,8,31.2,0
66700.0,618,5.0,13500.0,60,18.25,MORTGAGE,debt_consolidation,0,6,28.4,0
92100.0,659,3.0,14700.0,60,17.08,MORTGAGE,credit_card,0,11,23.6,0
42800.0,766,4.0,13200.0,36,14.14,MORTGAGE,debt_consolidation,1,6,40.1,0
89800.0,575,7.0,5600.0,36,15.11,RENT,small_business,0,7,18.1,0
44900.0,777,2.0,7300.0,36,8.72,RENT,debt_consolidation,0,12,21.5,0
95100.0,664,3.0,16700.0,36,13.38,MORTGAGE,debt_consolidation,0,13,20.7,0
48500.0,605,10.0,4100.0,36,14.34,MORTGAGE,other,0,11,25.6,0
67400.0,664,7.0,12700.0,36,14.91,MORTGAGE,credit_card,0,19,28.7,0
95200.0,633,3.0,10300.0,36,15.49,MORTGAGE,debt_consolidation,0,7,22.8,0
44900.0,709,7.0,16700.0,36,13.18,MORTGAGE,medical,0,9,56.2,0
54100.0,638,10.0,13500.0,60,22.06,RENT,debt_consolidation,2,13,40.9,0
87600.0,556,7.0,7800.0,36,15.8,MORTGAGE,other,1,6,22.6,0
46200.0,666,2.0,7700.0,36,13.32,RENT,debt_consolidation,0,10,28.5,0
27100.0,592,0.0,8400.0,36,18.79,MORTGAGE,medical,1,5,37.1,0
128600.0,693,10.0,14600.0,36,15.22,RENT,debt_consolidation,0,11,17.3,0
39700.0,603,10.0,3500.0,36,15.12,RENT,other,0,6,15.8,0
52700.0,648,7.0,11800.0,60,20.16,MORTGAGE,home_improvement,0,11,38.5,0
82500.0,692,0.0,7000.0,60,14.37,RENT,debt_consolidation,0,13,25.3,0
37300.0,666,5.0,12000.0,36,15.54,MORTGAGE,medical,1,10,47.4,0
31100.0,696,10.0,13000.0,36,17.09,MORTGAGE,credit_card,0,10,53.4,0
55000.0,724,4.0,4800.0,36,12.66,MORTGAGE,small_business,0,11,,0
21900.0,605,2.0,9800.0,60,21.17,RENT,home_improvement,1,8,52.2,1
43100.0,676,5.0,11800.0,60,13.64,RENT,small_business,0,5,22.9,0
54700.0,464,10.0,11400.0,36,24.41,MORTGAGE,debt_consolidation,0,15,33.4,0
43400.0,696,0.0,10300.0,60,15.19,RENT,other,0,14,30.1,0
24500.0,660,7.0,5900.0,36,13.38,OWN,credit_card,0,6,23.1,0
100400.0,616,7.0,6400.0,36,15.09,RENT,debt_consolidation,0,12,17.0,0
51400.0,701,7.0,5500.0,36,13.85,MORTGAGE,debt_consolidation,0,12,27.3,0
93300.0,756,7.0,14400.0,36,12.93,RENT,small_business,0,11,26.1,0
43600.0,649,7.0,10300.0,60,18.67,RENT,medical,1,5,37.6,1
33000.0,619,1.0,10700.0,36,17.31,OWN,small_business,0,12,43.5,0
55300.0,691,2.0,4700.0,60,12.65,MORTGAGE,debt_consolidation,0,10,25.7,0
44500.0,593,7.0,10800.0,60,16.82,MORTGAGE,debt_consolidation,0,6,35.4,0
28900.0,637,0.0,15000.0,60,19.7,RENT,credit_card,0,13,65.0,1
95000.0,759,7.0,4400.0,36,12.62,OWN,debt_consolidation,0,14,18.7,0
37000.0,684,7.0,8400.0,60,13.87,MORTGAGE,credit_card,0,6,15.3,0
21400.0,558,2.0,5000.0,36,17.69,RENT,home_improvement,0,13,33.3,0
89100.0,563,7.0,8900.0,60,17.85,RENT,debt_consolidation,0,7,18.2,0
39100.0,691,5.0,7000.0,36,15.22,RENT,credit_card,1,8,38.3,1
37300.0,736,2.0,13200.0,36,12.79,RENT,credit_card,0,4,42.9,0
22100.0,575,4.0,11900.0,60,19.23,OWN,credit_card,0,7,57.5,1
107300.0,709,15.0,20900.0,60,14.0,RENT,home_improvement,0,8,42.1,0
27400.0,766,4.0,10600.0,60,17.4,RENT,major_purchase,0,8,48.7,1
50300.0,803,7.0,13000.0,36,9.63,RENT,home_improvement,0,4,38.6,0
73900.0,702,0.0,8300.0,36,14.23,RENT,debt_consolidation,1,13,16.5,0
59300.0,713,0.0,6300.0,36,12.61,RENT,medical,0,5,22.4,0
47700.0,541,1.0,16600.0,36,18.7,RENT,home_improvement,0,11,41.7,0
22800.0,816,,20400.0,36,14.5,RENT,other,0,13,65.0,0
34100.0,643,3.0,15600.0,36,16.91,MORTGAGE,other,0,9,56.5,0
53300.0,619,2.0,11700.0,60,20.31,RENT,credit_card,2,11,38.0,1
34400.0,663,10.0,6700.0,60,14.62,OWN,other,0,8,27.0,0
53700.0,778,1.0,19400.0,36,8.25,MORTGAGE,credit_card,0,13,41.0,0
66600.0,824,2.0,14600.0,36,12.63,MORTGAGE,debt_consolidation,0,8,32.5,0
75600.0,688,4.0,30100.0,36,18.78,OWN,debt_consolidation,2,6,57.4,0
28200.0,745,3.0,6100.0,36,14.56,MORTGAGE,credit_card,0,8,27.6,0
131700.0,683,5.0,16800.0,60,14.3,MORTGAGE,small_business,0,13,27.6,0
69200.0,613,3.0,14400.0,36,15.18,RENT,other,0,14,26.8,0
49000.0,776,4.0,9200.0,36,10.93,MORTGAGE,credit_card,0,7,20.8,0
80000.0,640,15.0,21600.0,36,14.64,RENT,small_business,0,11,38.7,0
142100.0,780,15.0,13400.0,60,11.28,MORTGAGE,medical,0,11,16.5,0
25700.0,764,10.0,6800.0,60,15.58,MORTGAGE,credit_card,0,15,39.6,0
44300.0,720,15.0,10300.0,60,16.66,MORTGAGE,debt_consolidation,0,4,12.4,0
16800.0,799,5.0,6800.0,36,13.25,MORTGAGE,medical,0,9,45.4,0
53500.0,825,7.0,8700.0,36,8.39,RENT,home_improvement,0,8,19.9,0
57800.0,669,5.0,15600.0,36,16.26,RENT,small_business,1,9,42.6,0
48200.0,627,10.0,17900.0,36,17.52,MORTGAGE,home_improvement,0,8,,1
36500.0,559,5.0,12200.0,36,20.01,OWN,debt_consolidation,1,11,34.4,1
19500.0,826,1.0,7500.0,60,11.25,MORTGAGE,debt_consolidation,0,8,38.8,0
58000.0,651,10.0,13200.0,36,12.8,RENT,debt_consolidation,0,5,21.1,1
94400.0,754,10.0,15700.0,36,16.48,OWN,debt_consolidation,2,5,,0
37600.0,632,10.0,4100.0,60,14.78,RENT,major_purchase,0,9,19.3,0
59800.0,780,2.0,11600.0,36,11.01,OWN,home_improvement,0,11,23.9,0
24200.0,634,2.0,9900.0,36,18.29,RENT,debt_consolidation,0,9,45.1,0
60200.0,603,3.0,17600.0,36,17.12,OWN,credit_card,0,14,23.7,0
41100.0,666,5.0,13300.0,60,18.06,RENT,credit_card,0,8,45.4,0
34800.0,645,1.0,13900.0,36,15.69,MORTGAGE,debt_consolidation,0,10,50.1,0
34800.0,719,4.0,8600.0,36,14.07,MORTGAGE,debt_consolidation,0,11,37.3,0
41100.0,677,2.0,10900.0,60,16.67,MORTGAGE,credit_card,0,5,32.4,0
58200.0,721,2.0,17500.0,36,13.76,MORTGAGE,credit_card,0,10,41.4,0
27200.0,661,7.0,10600.0,60,17.47,MORTGAGE,other,0,3,48.0,0
41000.0,637,15.0,11900.0,36,19.19,RENT,other,2,11,52.5,1
48100.0,642,0.0,5100.0,36,15.14,RENT,credit_card,0,8,20.7,0
29900.0,813,5.0,10600.0,36,9.42,MORTGAGE,credit_card,0,9,40.8,0
110000.0,695,0.0,4000.0,36,13.06,MORTGAGE,home_improvement,0,12,8.8,0
33400.0,551,1.0,8500.0,36,18.44,RENT,debt_consolidation,0,10,35.0,1
36300.0,646,7.0,11300.0,36,15.02,RENT,debt_consolidation,0,12,35.6,0
31600.0,686,10.0,16100.0,36,16.28,MORTGAGE,debt_consolidation,0,7,50.8,0
110100.0,800,10.0,6600.0,36,9.2,MORTGAGE,debt_consolidation,1,9,11.4,0
62900.0,747,5.0,13200.0,36,9.68,MORTGAGE,debt_consolidation,0,11,26.1,0
32200.0,620,15.0,22800.0,60,18.15,RENT,home_improvement,0,15,65.0,1
80600.0,837,1.0,7900.0,36,9.55,OWN,debt_consolidation,0,7,12.2,0
53700.0,678,2.0,5000.0,36,14.44,OWN,debt_consolidation,0,9,16.2,0
55000.0,761,1.0,12600.0,36,10.42,RENT,home_improvement,0,8,29.9,0
42000.0,605,10.0,6000.0,36,14.8,MORTGAGE,home_improvement,0,6,20.9,0
35000.0,524,2.0,7300.0,60,22.67,MORTGAGE,debt_consolidation,0,10,39.8,1
57100.0,588,1.0,17400.0,60,16.92,MORTGAGE,major_purchase,0,7,40.6,0
38400.0,469,7.0,28000.0,60,23.17,MORTGAGE,home_improvement,0,6,65.0,1
111000.0,817,0.0,6600.0,36,11.32,MORTGAGE,credit_card,0,14,3.6,0
27700.0,694,0.0,7600.0,36,16.06,RENT,other,1,10,41.3,1
97900.0,620,1.0,8800.0,36,13.39,RENT,debt_consolidation,0,8,8.7,0
46600.0,709,0.0,8300.0,36,10.82,RENT,credit_card,0,12,28.9,0
56100.0,692,7.0,28800.0,60,20.46,MORTGAGE,debt_consolidation,3,6,65.0,1
71300.0,720,5.0,8400.0,60,15.9,RENT,debt_consolidation,0,5,18.8,0
36900.0,759,2.0,9000.0,36,12.2,MORTGAGE,debt_consolidation,0,7,28.9,0
72300.0,661,2.0,24500.0,36,16.25,RENT,home_improvement,0,6,43.2,0
15000.0,623,10.0,14600.0,36,20.22,RENT,credit_card,1,14,65.0,1
35500.0,734,5.0,17900.0,60,16.2,OWN,other,0,5,55.7,0
32300.0,732,7.0,7000.0,36,13.33,RENT,home_improvement,0,9,25.2,0
27900.0,687,4.0,8400.0,36,17.49,RENT,other,0,7,42.1,0
44500.0,822,2.0,6500.0,60,10.28,OWN,debt_consolidation,0,8,22.7,0
58300.0,652,20.0,16300.0,60,18.34,MORTGAGE,debt_consolidation,0,11,35.8,0
67300.0,622,5.0,20200.0,36,19.75,RENT,credit_card,1,9,45.3,1
54600.0,707,1.0,8100.0,36,12.27,RENT,major_purchase,0,5,13.3,0
36300.0,636,4.0,9100.0,60,17.83,OWN,debt_consolidation,0,8,26.5,0
57900.0,712,3.0,9300.0,36,16.33,MORTGAGE,other,2,8,24.8,0
51800.0,626,2.0,5000.0,60,14.97,RENT,debt_consolidation,0,6,18.4,0
74700.0,654,15.0,7800.0,36,15.44,OWN,medical,0,11,9.3,0
69500.0,803,15.0,16100.0,60,13.62,MORTGAGE,credit_card,0,8,28.7,1
49700.0,654,2.0,7100.0,60,20.75,OWN,credit_card,1,12,33.4,0
32700.0,628,3.0,11500.0,60,20.33,RENT,other,0,7,38.8,1
36500.0,756,10.0,5700.0,36,8.24,MORTGAGE,medical,0,11,21.0,0
38300.0,612,2.0,10200.0,36,16.68,RENT,other,0,8,45.0,0
42500.0,635,7.0,8300.0,36,13.51,MORTGAGE,home_improvement,0,13,19.3,1
55300.0,717,7.0,5900.0,60,13.5,RENT,other,1,11,12.1,0
67600.0,741,7.0,16200.0,36,14.9,RENT,small_business,2,11,35.7,0
47900.0,759,7.0,16700.0,36,16.1,RENT,major_purchase,3,10,53.8,1
49400.0,631,7.0,6700.0,36,14.35,RENT,small_business,0,9,20.3,0
52300.0,719,20.0,9800.0,60,15.53,OWN,major_purchase,0,15,38.7,0
38900.0,650,3.0,11200.0,60,16.83,RENT,home_improvement,0,12,35.8,1
32300.0,641,15.0,4400.0,60,16.61,MORTGAGE,small_business,0,15,15.4,0
22200.0,758,0.0,5400.0,36,14.41,MORTGAGE,credit_card,1,11,33.0,0
35900.0,644,3.0,20800.0,60,20.27,MORTGAGE,small_business,1,10,58.2,1
60700.0,698,0.0,6400.0,36,13.09,MORTGAGE,debt_consolidation,0,4,18.4,0
35700.0,690,7.0,20500.0,60,20.65,MORTGAGE,home_improvement,2,9,65.0,1
44000.0,610,1.0,5600.0,36,20.11,OWN,credit_card,1,6,28.9,0
60500.0,743,10.0,15200.0,36,13.74,MORTGAGE,medical,0,7,29.8,0
62000.0,716,7.0,9400.0,36,11.24,MORTGAGE,home_improvement,1,10,19.2,0
30200.0,551,0.0,10000.0,36,17.75,MORTGAGE,home_improvement,0,8,43.5,1
76800.0,698,7.0,27700.0,36,16.77,MORTGAGE,debt_consolidation,0,5,43.9,0
81400.0,630,15.0,5800.0,36,13.11,MORTGAGE,medical,0,3,19.8,0
29500.0,751,7.0,14700.0,36,11.59,RENT,debt_consolidation,0,4,48.3,0
33800.0,586,0.0,14400.0,36,16.85,RENT,medical,0,7,39.1,1
83800.0,657,15.0,40000.0,36,16.14,RENT,home_improvement,1,11,52.0,0
45900.0,704,10.0,6400.0,60,13.23,RENT,debt_consolidation,1,10,19.7,0
18100.0,684,,8000.0,60,19.42,MORTGAGE,other,2,10,60.9,0
26100.0,730,3.0,16400.0,60,16.35,RENT,debt_consolidation,0,9,62.9,0
43800.0,581,5.0,9900.0,36,15.61,MORTGAGE,debt_consolidation,0,9,33.6,0
29000.0,787,15.0,8700.0,60,10.41,OWN,debt_consolidation,0,12,28.1,0
40700.0,714,,17700.0,60,19.09,RENT,other,1,8,54.6,0
49700.0,768,1.0,9600.0,36,11.78,RENT,small_business,0,14,39.1,0
94700.0,737,15.0,7000.0,36,10.76,RENT,other,0,8,25.0,0
43000.0,679,0.0,15700.0,36,14.44,OWN,debt_consolidation,0,10,54.8,0
79400.0,597,15.0,13200.0,36,15.48,OWN,debt_consolidation,0,10,21.2,0
93200.0,643,3.0,9400.0,60,17.94,OWN,credit_card,0,8,28.7,0
93500.0,783,,9100.0,36,11.85,RENT,credit_card,0,11,21.4,0
55700.0,770,1.0,6900.0,36,12.69,RENT,small_business,0,12,,0
20300.0,640,15.0,15700.0,36,18.8,OWN,credit_card,0,7,65.0,1
60300.0,497,10.0,9100.0,36,18.92,RENT,credit_card,0,10,16.5,1
78600.0,666,15.0,7400.0,60,12.76,RENT,debt_consolidation,0,11,10.1,0
47300.0,661,7.0,5800.0,36,13.23,RENT,credit_card,0,6,17.2,0
107500.0,664,2.0,13300.0,36,14.53,OWN,debt_consolidation,0,11,,0
72200.0,714,3.0,8500.0,36,12.68,RENT,other,0,9,23.0,0
63300.0,737,5.0,4000.0,36,11.92,OWN,other,0,10,19.3,0
79900.0,744,7.0,6000.0,60,12.73,RENT,major_purchase,0,10,5.7,0
57000.0,709,15.0,9700.0,60,16.03,MORTGAGE,debt_consolidation,0,9,20.8,0
16000.0,563,4.0,9900.0,36,19.31,RENT,debt_consolidation,0,8,65.0,0
39200.0,658,7.0,9700.0,36,15.95,RENT,credit_card,0,11,29.9,0
84000.0,830,20.0,9000.0,36,10.38,MORTGAGE,small_business,0,13,18.6,0
34100.0,704,1.0,5200.0,36,13.37,MORTGAGE,other,0,9,18.7,0
44300.0,704,15.0,7100.0,36,12.06,MORTGAGE,medical,1,10,32.6,0
30600.0,703,4.0,19800.0,36,18.24,OWN,debt_consolidation,1,13,65.0,1
109400.0,707,10.0,18400.0,60,16.19,RENT,other,1,9,33.0,0
104500.0,525,3.0,14600.0,36,20.72,RENT,debt_consolidation,0,9,28.6,0
32900.0,664,3.0,14000.0,60,17.43,MORTGAGE,medical,0,7,34.4,0
52400.0,678,0.0,17200.0,36,14.51,OWN,home_improvement,0,15,48.6,0
36100.0,763,20.0,6200.0,36,12.13,MORTGAGE,home_improvement,0,13,30.9,0
64600.0,683,10.0,11100.0,36,12.54,MORTGAGE,home_improvement,0,12,34.2,0
61700.0,573,1.0,6200.0,36,16.14,MORTGAGE,medical,0,8,12.8,0
70600.0,708,20.0,6300.0,36,14.1,RENT,home_improvement,0,9,17.7,0
56900.0,628,7.0,13100.0,60,19.69,RENT,medical,1,8,33.6,0
183700.0,601,15.0,17600.0,36,18.1,MORTGAGE,debt_consolidation,2,8,20.4,0
30900.0,626,0.0,9900.0,36,18.54,MORTGAGE,medical,1,11,52.0,0
22700.0,715,4.0,24900.0,60,18.53,MORTGAGE,other,0,10,65.0,1
41100.0,762,7.0,12200.0,36,13.79,MORTGAGE,home_improvement,2,8,46.9,0
24200.0,711,1.0,7400.0,36,11.6,MORTGAGE,other,0,7,36.4,0
25000.0,721,5.0,6400.0,60,14.47,MORTGAGE,debt_consolidation,0,9,46.5,0
31200.0,711,4.0,18200.0,36,17.6,OWN,major_purchase,0,5,62.9,0
32400.0,687,2.0,11700.0,36,16.79,MORTGAGE,debt_consolidation,0,11,42.2,0
31900.0,725,3.0,15300.0,36,11.5,RENT,credit_card,0,10,51.4,0
61900.0,523,20.0,2900.0,36,14.22,MORTGAGE,home_improvement,0,4,0.0,0
39000.0,687,3.0,12400.0,36,17.68,MORTGAGE,home_improvement,0,11,40.7,0
45200.0,612,2.0,8500.0,60,16.81,MORTGAGE,home_improvement,0,16,30.2,0
73300.0,756,5.0,5400.0,36,9.49,OWN,debt_consolidation,0,9,17.2,0
34700.0,670,7.0,10600.0,36,13.83,RENT,other,0,5,45.4,0
43500.0,682,10.0,18900.0,36,15.4,MORTGAGE,debt_consolidation,0,9,39.6,0
57800.0,582,10.0,34000.0,60,21.79,MORTGAGE,home_improvement,0,8,65.0,1
20500.0,746,0.0,12300.0,60,17.27,RENT,medical,0,8,65.0,1
16800.0,721,4.0,7700.0,36,15.82,MORTGAGE,medical,0,12,57.0,0
57300.0,716,10.0,7400.0,60,16.82,MORTGAGE,small_business,2,6,26.1,0
61200.0,627,15.0,17700.0,36,12.79,MORTGAGE,home_improvement,0,5,42.5,0
124100.0,630,7.0,6600.0,36,14.71,MORTGAGE,credit_card,0,3,20.2,0
52600.0,695,0.0,14900.0,60,15.53,RENT,credit_card,0,9,42.2,1
70900.0,635,4.0,12700.0,36,14.16,MORTGAGE,credit_card,0,7,24.2,0
44900.0,708,0.0,12000.0,60,14.21,MORTGAGE,small_business,0,11,42.6,0
56000.0,540,10.0,5000.0,36,20.53,MORTGAGE,small_business,3,8,24.9,1
103800.0,648,0.0,9200.0,60,16.97,MORTGAGE,credit_card,0,5,19.6,0
18800.0,797,2.0,5300.0,36,9.21,MORTGAGE,small_business,0,11,47.1,0
59000.0,709,4.0,8200.0,60,14.21,RENT,credit_card,0,10,27.0,0
128200.0,691,4.0,17300.0,36,12.25,MORTGAGE,debt_consolidation,0,15,22.2,0
55700.0,809,4.0,20200.0,36,12.57,MORTGAGE,medical,0,10,42.0,0
103000.0,528,4.0,12200.0,36,17.52,MORTGAGE,medical,0,9,25.2,0
36900.0,627,7.0,8200.0,60,15.19,RENT,debt_consolidation,0,6,33.4,0
48300.0,654,3.0,24200.0,36,19.05,MORTGAGE,major_purchase,2,11,65.0,1
49800.0,736,5.0,8200.0,36,10.92,RENT,credit_card,1,11,21.8,0
18100.0,737,3.0,6200.0,60,15.38,OWN,debt_consolidation,0,10,44.9,0
29000.0,624,3.0,15500.0,36,18.11,OWN,credit_card,0,14,64.1,1
29900.0,745,7.0,13800.0,36,14.24,RENT,debt_consolidation,0,8,59.7,0
71000.0,654,5.0,8300.0,60,15.57,MORTGAGE,major_purchase,0,6,26.3,0
72600.0,759,10.0,11500.0,36,12.65,MORTGAGE,debt_consolidation,0,9,27.2,0
56700.0,613,5.0,13600.0,60,19.44,MORTGAGE,debt_consolidation,0,6,35.6,0
71000.0,672,10.0,12100.0,36,10.77,MORTGAGE,debt_consolidation,0,9,27.9,0
45500.0,648,4.0,13800.0,36,12.94,OWN,debt_consolidation,0,15,30.5,0
84200.0,749,5.0,8500.0,36,12.13,RENT,home_improvement,0,11,21.4,0
49200.0,646,7.0,14200.0,60,16.87,RENT,home_improvement,0,10,42.9,0
50300.0,677,2.0,11000.0,60,20.42,MORTGAGE,debt_consolidation,3,12,29.2,0
43500.0,713,4.0,8600.0,36,17.08,MORTGAGE,small_business,1,9,34.2,0
66700.0,715,7.0,9700.0,36,13.88,RENT,debt_consolidation,0,11,28.9,0
40600.0,738,0.0,10400.0,36,12.11,RENT,credit_card,0,7,38.0,0
76100.0,694,4.0,5300.0,60,16.28,MORTGAGE,debt_consolidation,0,15,15.8,0
29500.0,653,7.0,8000.0,36,14.65,MORTGAGE,small_business,0,9,36.7,0
29900.0,657,20.0,11300.0,36,15.25,RENT,credit_card,0,9,37.4,0
66800.0,682,15.0,5600.0,60,20.19,OWN,home_improvement,3,6,26.1,0
47100.0,696,3.0,8000.0,60,13.04,RENT,credit_card,0,9,20.1,0
40000.0,670,5.0,36000.0,36,22.06,RENT,debt_consolidation,3,7,65.0,1
73200.0,681,0.0,6200.0,60,15.59,RENT,small_business,0,10,9.6,0
37300.0,581,2.0,9000.0,60,17.52,OWN,credit_card,0,13,31.0,0
44800.0,723,10.0,7200.0,60,13.8,MORTGAGE,credit_card,0,6,21.8,0
92000.0,692,1.0,10300.0,36,13.76,RENT,debt_consolidation,0,9,16.6,0
98000.0,745,2.0,7300.0,36,12.39,RENT,home_improvement,1,9,12.0,0
99500.0,680,20.0,9700.0,60,14.34,MORTGAGE,debt_consolidation,0,3,24.0,0
43200.0,567,10.0,7600.0,36,19.1,MORTGAGE,credit_card,0,8,31.9,0
85300.0,657,10.0,18500.0,36,13.83,OWN,debt_consolidation,0,10,33.6,0
32000.0,667,15.0,11400.0,36,15.85,MORTGAGE,major_purchase,0,12,43.3,1
32600.0,728,10.0,6600.0,36,12.2,RENT,debt_consolidation,0,6,26.3,1
17000.0,545,1.0,16700.0,36,22.85,MORTGAGE,medical,0,12,65.0,1
104100.0,683,5.0,6800.0,60,14.67,RENT,medical,1,15,14.0,0
33200.0,713,4.0,5000.0,36,14.57,OWN,other,2,9,28.7,0
46300.0,637,3.0,10900.0,36,13.72,RENT,other,0,9,30.6,0
32500.0,685,10.0,28400.0,36,14.64,RENT,other,0,10,65.0,1
67000.0,639,4.0,4400.0,36,14.45,MORTGAGE,medical,0,11,28.6,1
41400.0,633,0.0,5600.0,36,15.59,RENT,debt_consolidation,0,7,24.9,1
27300.0,653,2.0,15900.0,60,18.78,RENT,credit_card,0,13,63.1,1
59800.0,634,2.0,7900.0,36,13.06,MORTGAGE,debt_consolidation,0,8,13.4,0
25700.0,724,15.0,14900.0,36,15.58,MORTGAGE,credit_card,0,10,52.5,1
33600.0,632,7.0,7200.0,60,19.83,MORTGAGE,credit_card,1,1,37.5,0
19000.0,621,5.0,11700.0,36,19.81,OWN,other,0,10,65.0,0
25800.0,795,5.0,26200.0,60,15.05,MORTGAGE,other,0,13,65.0,0
53100.0,742,7.0,6000.0,36,11.81,OWN,debt_consolidation,0,8,20.4,0
20300.0,559,10.0,18200.0,60,22.33,RENT,home_improvement,1,9,65.0,1
25200.0,630,5.0,15400.0,36,19.89,RENT,credit_card,0,11,64.9,1
49000.0,696,15.0,5200.0,60,18.99,MORTGAGE,credit_card,3,10,35.4,0
38400.0,701,20.0,14500.0,36,14.3,RENT,credit_card,0,8,47.3,0
120100.0,583,20.0,11300.0,36,16.34,RENT,other,0,6,20.8,0
111900.0,755,7.0,11400.0,36,12.71,OWN,medical,0,10,18.1,0
33200.0,734,,12900.0,36,13.93,MORTGAGE,debt_consolidation,0,11,49.5,0
63000.0,711,4.0,9200.0,60,14.58,RENT,debt_consolidation,1,7,30.6,0
68700.0,768,15.0,11300.0,36,11.51,MORTGAGE,small_business,0,11,20.5,0
37500.0,709,15.0,12300.0,36,16.06,RENT,small_business,2,10,53.1,1
25000.0,709,15.0,15900.0,36,17.07,MORTGAGE,home_improvement,0,13,65.0,0
48800.0,781,10.0,5100.0,60,10.97,RENT,other,0,7,21.1,0
45400.0,752,4.0,20900.0,36,13.23,RENT,debt_consolidation,0,11,59.5,0
40300.0,625,1.0,6100.0,36,17.97,RENT,credit_card,0,7,25.8,0
59800.0,721,3.0,16000.0,36,16.47,OWN,other,1,8,33.4,0
35000.0,637,10.0,11400.0,60,17.18,RENT,small_business,0,11,48.3,0
29200.0,713,2.0,5800.0,36,12.47,MORTGAGE,home_improvement,0,9,27.2,0
51500.0,711,5.0,14200.0,36,14.49,RENT,debt_consolidation,0,13,47.8,0
58300.0,590,5.0,6800.0,36,17.11,RENT,debt_consolidation,0,7,19.0,0
28900.0,672,7.0,18700.0,36,17.3,MORTGAGE,credit_card,0,4,65.0,0
74400.0,697,15.0,7700.0,36,12.82,MORTGAGE,credit_card,0,8,,0
22100.0,652,7.0,5200.0,36,14.15,MORTGAGE,credit_card,0,11,30.3,0
37800.0,700,10.0,23600.0,60,16.91,OWN,other,0,8,65.0,1
43600.0,732,5.0,12000.0,60,13.41,RENT,debt_consolidation,0,13,33.2,0
36800.0,678,10.0,16900.0,60,20.3,RENT,debt_consolidation,0,10,56.2,0
38000.0,695,2.0,7100.0,36,14.82,OWN,debt_consolidation,0,11,33.3,0
113800.0,770,2.0,4200.0,60,12.25,OWN,small_business,0,15,12.4,0
33400.0,711,15.0,25300.0,36,16.52,MORTGAGE,other,0,9,65.0,0
147100.0,693,7.0,10900.0,36,12.49,MORTGAGE,medical,0,8,20.0,0
59700.0,618,7.0,14000.0,36,14.49,RENT,small_business,0,10,21.6,0
51100.0,724,4.0,15200.0,36,19.69,MORTGAGE,debt_consolidation,2,10,50.7,0
60700.0,701,3.0,9200.0,36,12.49,RENT,debt_consolidation,0,12,20.5,0
153000.0,763,5.0,12200.0,36,8.5,OWN,medical,0,6,15.2,0
31300.0,683,1.0,24300.0,36,18.15,RENT,home_improvement,1,10,65.0,1
29600.0,562,4.0,10800.0,36,16.73,RENT,debt_consolidation,0,7,40.0,0
34900.0,569,4.0,17500.0,36,18.73,MORTGAGE,credit_card,0,11,,1
49700.0,728,5.0,4000.0,60,16.24,RENT,debt_consolidation,1,9,23.9,0
22500.0,643,,19200.0,60,16.45,MORTGAGE,credit_card,0,5,65.0,0
49500.0,708,20.0,5100.0,60,12.99,OWN,other,0,9,21.0,1
105000.0,687,7.0,18100.0,60,12.95,MORTGAGE,debt_consolidation,0,8,23.6,0
52500.0,669,15.0,13300.0,60,15.52,OWN,home_improvement,0,11,31.4,0
43000.0,674,5.0,10400.0,60,16.1,RENT,debt_consolidation,0,12,37.7,0
37100.0,624,7.0,10400.0,60,20.04,RENT,other,0,12,39.5,0
73400.0,679,0.0,9600.0,36,13.39,OWN,debt_consolidation,0,14,13.4,0
33800.0,642,1.0,7300.0,60,16.33,RENT,home_improvement,0,11,27.8,1
112500.0,656,5.0,9900.0,36,17.09,MORTGAGE,debt_consolidation,1,7,25.6,0
117000.0,659,4.0,33000.0,36,16.14,MORTGAGE,medical,0,9,39.2,0
55000.0,665,10.0,21000.0,60,17.54,RENT,debt_consolidation,1,14,44.0,0
48800.0,740,5.0,7100.0,36,14.45,MORTGAGE,credit_card,0,4,37.4,0
77900.0,672,15.0,12500.0,36,15.23,MORTGAGE,debt_consolidation,0,11,27.3,0
80200.0,747,20.0,11500.0,36,10.68,OWN,major_purchase,0,11,12.3,0
34100.0,780,1.0,10200.0,60,12.19,RENT,credit_card,0,17,40.2,0
38700.0,736,4.0,6600.0,60,13.6,MORTGAGE,debt_consolidation,1,6,29.8,0
27000.0,715,,13700.0,36,15.68,RENT,small_business,0,11,,0
58900.0,701,3.0,16700.0,36,17.77,MORTGAGE,major_purchase,2,7,30.8,0
66200.0,736,2.0,7200.0,60,14.1,RENT,credit_card,0,13,23.3,0
26700.0,686,10.0,29100.0,60,19.08,MORTGAGE,credit_card,0,12,65.0,0
39900.0,744,20.0,23400.0,36,12.71,RENT,home_improvement,0,13,53.7,0
26700.0,720,10.0,14400.0,60,17.75,RENT,home_improvement,0,4,65.0,0
32700.0,657,5.0,5900.0,36,12.64,MORTGAGE,home_improvement,0,5,20.0,0
62800.0,738,4.0,13400.0,36,13.7,RENT,debt_consolidation,0,8,30.3,0
35200.0,686,5.0,12600.0,60,20.39,MORTGAGE,other,1,5,47.9,0
42800.0,673,4.0,14100.0,60,16.18,MORTGAGE,debt_consolidation,0,3,37.2,0
23600.0,649,5.0,24200.0,36,18.85,RENT,credit_card,0,10,,1
53300.0,691,2.0,10000.0,36,11.64,RENT,debt_consolidation,0,7,25.2,0
48100.0,745,15.0,30500.0,36,16.2,OWN,other,1,8,65.0,1
35300.0,738,10.0,13400.0,60,18.94,OWN,major_purchase,1,13,50.4,1
45000.0,703,7.0,9500.0,60,14.46,RENT,major_purchase,0,13,33.6,0
53200.0,719,20.0,36300.0,36,15.78,RENT,debt_consolidation,0,7,65.0,1
34000.0,763,3.0,16600.0,36,14.74,RENT,small_business,0,8,61.9,0
25200.0,670,1.0,8700.0,36,14.37,MORTGAGE,debt_consolidation,0,4,48.6,1
110500.0,607,10.0,11400.0,60,19.99,MORTGAGE,other,1,10,15.2,0
36900.0,765,20.0,15000.0,36,17.33,RENT,credit_card,2,7,50.0,0
46900.0,646,5.0,10100.0,36,16.39,RENT,credit_card,0,12,31.8,0
77300.0,635,0.0,11700.0,60,16.66,MORTGAGE,credit_card,0,13,17.6,0
239900.0,563,10.0,7300.0,36,14.85,RENT,credit_card,0,12,12.3,0
28000.0,717,0.0,4700.0,36,14.62,MORTGAGE,small_business,0,9,28.6,0
60000.0,575,5.0,11500.0,36,15.47,RENT,credit_card,0,8,12.7,0
35700.0,631,2.0,11700.0,36,14.39,MORTGAGE,home_improvement,0,9,39.2,0
38500.0,718,15.0,14200.0,60,15.0,MORTGAGE,credit_card,0,6,46.0,0
35500.0,727,4.0,8200.0,36,11.29,MORTGAGE,small_business,0,6,28.7,0
29500.0,638,15.0,5600.0,36,16.23,MORTGAGE,medical,0,7,14.4,0
48100.0,671,3.0,6800.0,36,15.36,MORTGAGE,debt_consolidation,0,12,,0
25200.0,623,4.0,18500.0,36,20.98,MORTGAGE,debt_consolidation,0,9,65.0,1
75100.0,644,20.0,7800.0,36,14.88,RENT,small_business,1,10,11.4,1
50200.0,697,2.0,8800.0,36,11.73,OWN,credit_card,0,11,25.8,0
59300.0,647,5.0,9400.0,60,15.81,OWN,debt_consolidation,0,12,26.7,0
39700.0,664,4.0,8000.0,60,17.53,MORTGAGE,debt_consolidation,1,10,32.2,0
41600.0,585,10.0,7700.0,60,16.65,RENT,home_improvement,0,8,21.0,0
55800.0,754,1.0,7100.0,60,13.55,RENT,debt_consolidation,0,12,22.8,0
29000.0,713,4.0,22000.0,60,18.38,MORTGAGE,credit_card,1,11,65.0,1
41700.0,732,7.0,15400.0,60,15.25,OWN,other,0,8,43.6,0
33300.0,764,4.0,20400.0,36,17.19,RENT,small_business,3,13,65.0,1
32800.0,626,0.0,22600.0,36,18.4,MORTGAGE,major_purchase,0,10,65.0,1
19000.0,657,7.0,3400.0,36,14.19,MORTGAGE,debt_consolidation,0,8,23.2,1
89600.0,557,5.0,13000.0,36,17.68,RENT,debt_consolidation,1,8,24.3,0
36000.0,850,0.0,8200.0,60,11.98,MORTGAGE,debt_consolidation,0,4,37.1,0
82700.0,670,7.0,19100.0,36,12.22,MORTGAGE,other,0,11,30.4,0
79300.0,748,15.0,7500.0,36,11.38,RENT,small_business,0,11,19.9,0
27500.0,600,1.0,6500.0,36,19.18,RENT,debt_consolidation,0,13,27.9,0
30000.0,745,7.0,5300.0,36,11.72,RENT,credit_card,0,7,18.3,0
155200.0,801,10.0,9400.0,60,9.28,OWN,debt_consolidation,0,5,0.8,0
107800.0,676,0.0,17300.0,36,15.52,MORTGAGE,credit_card,0,7,,0
48300.0,614,0.0,12400.0,60,15.74,MORTGAGE,debt_consolidation,0,15,24.1,0
55000.0,671,4.0,6000.0,36,11.1,MORTGAGE,debt_consolidation,0,11,17.9,0
36900.0,535,10.0,32100.0,60,26.28,OWN,debt_consolidation,2,9,65.0,1
59500.0,678,1.0,15100.0,36,14.94,RENT,debt_consolidation,0,10,38.1,0
35500.0,733,,16100.0,60,17.8,RENT,small_business,1,7,51.4,0
19600.0,678,7.0,20800.0,36,15.98,RENT,credit_card,0,10,65.0,1
27000.0,662,3.0,4800.0,36,15.17,OWN,debt_consolidation,1,7,36.1,0
49500.0,714,5.0,6900.0,36,16.95,RENT,home_improvement,2,6,34.5,1
29500.0,719,20.0,16500.0,36,14.96,MORTGAGE,debt_consolidation,0,11,65.0,0
47600.0,572,2.0,7300.0,36,15.68,RENT,home_improvement,0,7,25.8,0
30200.0,686,5.0,9500.0,36,15.31,MORTGAGE,debt_consolidation,0,4,42.4,0
34500.0,838,7.0,10500.0,36,14.67,RENT,debt_consolidation,1,10,39.7,0
72000.0,593,1.0,5800.0,36,13.86,RENT,debt_consolidation,0,6,2.9,0
54800.0,674,0.0,9100.0,36,11.18,RENT,credit_card,0,8,17.1,0
48800.0,806,0.0,17300.0,36,12.5,MORTGAGE,other,0,12,52.5,0
72800.0,752,3.0,15800.0,60,17.24,MORTGAGE,debt_consolidation,1,6,39.5,0
60900.0,647,0.0,19100.0,36,15.66,OWN,debt_consolidation,0,9,43.4,0
94000.0,693,10.0,18100.0,36,11.66,RENT,debt_consolidation,0,13,26.0,0
39900.0,680,20.0,13400.0,36,15.61,MORTGAGE,credit_card,0,8,36.6,0
40400.0,631,0.0,12900.0,36,19.48,OWN,debt_consolidation,1,8,35.1,1
27300.0,675,4.0,12400.0,36,14.47,RENT,debt_consolidation,0,8,64.0,0
40400.0,662,0.0,8000.0,36,20.15,MORTGAGE,medical,2,9,41.2,1
75700.0,687,1.0,6500.0,60,16.92,MORTGAGE,debt_consolidation,0,9,29.2,0
88000.0,631,3.0,7700.0,60,15.2,RENT,small_business,0,4,17.2,0
75500.0,597,4.0,9300.0,36,16.29,RENT,debt_consolidation,0,12,26.2,0
21900.0,677,15.0,7900.0,36,14.41,RENT,debt_consolidation,0,18,37.0,0
79800.0,791,4.0,13500.0,36,11.28,MORTGAGE,major_purchase,0,12,37.5,0
21400.0,685,5.0,12100.0,36,16.73,RENT,small_business,1,6,65.0,0
73400.0,658,2.0,12800.0,36,12.99,RENT,debt_consolidation,0,11,34.2,0
41500.0,729,0.0,13000.0,60,18.74,MORTGAGE,debt_consolidation,2,11,40.6,0
67200.0,670,15.0,19900.0,36,17.1,RENT,credit_card,0,8,43.3,0
26900.0,801,1.0,10900.0,36,15.0,RENT,debt_consolidation,2,12,52.4,0
83000.0,680,20.0,18100.0,36,14.81,RENT,other,0,6,30.4,0
25400.0,726,1.0,14200.0,60,20.04,OWN,credit_card,1,3,65.0,1
36300.0,631,7.0,19200.0,36,15.62,RENT,other,0,12,57.3,1
31300.0,713,20.0,24500.0,60,14.24,RENT,credit_card,0,9,65.0,0
22300.0,698,1.0,14600.0,36,16.99,RENT,credit_card,0,12,65.0,0
51200.0,676,4.0,11500.0,36,14.51,RENT,debt_consolidation,1,11,36.2,1
110500.0,647,10.0,11500.0,36,11.43,MORTGAGE,major_purchase,0,11,18.4,0
162800.0,639,0.0,8600.0,36,14.45,OWN,debt_consolidation,0,12,24.1,0
51200.0,698,7.0,8500.0,36,16.12,MORTGAGE,small_business,1,12,32.4,0
81000.0,721,1.0,17200.0,60,18.43,RENT,credit_card,1,12,34.8,1
54400.0,672,2.0,6800.0,36,10.55,RENT,home_improvement,0,13,22.5,0
61400.0,699,1.0,24500.0,36,13.36,RENT,home_improvement,1,10,53.3,0
42000.0,678,15.0,10100.0,36,12.81,RENT,small_business,0,7,35.7,0
53500.0,686,2.0,40000.0,36,18.49,MORTGAGE,debt_consolidation,1,6,65.0,1
62400.0,667,0.0,7700.0,60,16.59,MORTGAGE,credit_card,0,15,17.3,0
37800.0,681,5.0,12400.0,36,13.16,RENT,credit_card,0,5,47.6,0
47300.0,850,3.0,9200.0,36,10.65,RENT,debt_consolidation,0,12,19.4,0
47700.0,700,4.0,7400.0,36,15.65,RENT,credit_card,0,14,29.2,0
71100.0,722,1.0,18600.0,60,11.91,MORTGAGE,other,0,5,33.9,0
30300.0,708,10.0,6300.0,36,13.2,MORTGAGE,other,0,14,28.1,0
47900.0,663,7.0,7800.0,36,13.15,MORTGAGE,debt_consolidation,0,5,21.7,0
115900.0,764,3.0,14700.0,36,10.15,MORTGAGE,medical,0,11,16.3,0
82800.0,661,1.0,15900.0,36,16.16,RENT,medical,0,7,22.0,0
90000.0,749,7.0,5500.0,60,14.27,OWN,debt_consolidation,0,6,12.1,0
49600.0,658,10.0,14600.0,36,14.49,RENT,home_improvement,0,7,35.6,0
56600.0,618,3.0,11700.0,36,16.38,RENT,medical,1,10,36.2,0
77000.0,704,0.0,6900.0,36,16.85,MORTGAGE,credit_card,1,8,35.6,0
98900.0,608,2.0,7400.0,36,15.45,RENT,credit_card,0,4,7.8,0
20400.0,715,7.0,4000.0,36,14.78,RENT,home_improvement,1,13,32.2,0
27100.0,602,20.0,25800.0,60,20.82,OWN,debt_consolidation,0,8,65.0,1
88400.0,659,0.0,18200.0,36,13.5,MORTGAGE,debt_consolidation,0,11,28.6,0
43300.0,587,3.0,5700.0,36,17.45,RENT,major_purchase,0,5,32.8,0
36200.0,850,0.0,16300.0,36,8.67,MORTGAGE,debt_consolidation,0,7,48.7,0
27900.0,572,3.0,8200.0,60,17.47,MORTGAGE,major_purchase,0,8,30.7,1
38200.0,681,4.0,17300.0,36,19.02,RENT,debt_consolidation,1,9,61.2,0
26100.0,754,15.0,8500.0,36,15.74,MORTGAGE,credit_card,2,8,38.7,0
125600.0,747,1.0,9100.0,60,15.65,OWN,credit_card,2,16,22.8,0
48500.0,735,10.0,9500.0,36,13.9,OWN,major_purchase,0,8,36.2,0
47800.0,659,4.0,7900.0,36,13.02,MORTGAGE,medical,1,12,21.5,0
63900.0,768,10.0,22000.0,36,15.3,RENT,major_purchase,0,7,36.0,0
75600.0,739,5.0,17100.0,36,12.51,MORTGAGE,home_improvement,0,11,36.4,0
75000.0,694,0.0,11600.0,36,16.57,RENT,debt_consolidation,2,7,30.3,0
79500.0,696,20.0,18300.0,60,16.22,MORTGAGE,credit_card,0,4,33.3,1
36900.0,660,1.0,4800.0,36,14.18,RENT,debt_consolidation,0,8,25.7,0
42900.0,621,7.0,5900.0,36,14.79,MORTGAGE,debt_consolidation,0,12,23.3,0
69300.0,760,15.0,13900.0,36,11.74,RENT,credit_card,0,5,25.7,0
38700.0,765,0.0,15800.0,36,15.82,OWN,debt_consolidation,2,7,53.6,0
48900.0,623,5.0,12600.0,60,18.58,RENT,debt_consolidation,1,10,29.8,0
58700.0,670,10.0,4300.0,36,15.29,RENT,debt_consolidation,0,10,17.4,0
69800.0,671,20.0,6400.0,60,13.7,MORTGAGE,credit_card,0,7,11.2,0
22000.0,678,10.0,13500.0,60,18.23,RENT,debt_consolidation,0,8,61.8,0
67600.0,684,2.0,36800.0,60,17.05,MORTGAGE,debt_consolidation,0,7,65.0,0
44100.0,742,7.0,20100.0,36,13.99,OWN,credit_card,0,12,55.6,0
67400.0,631,7.0,24100.0,36,11.56,MORTGAGE,debt_consolidation,0,8,29.8,0
69500.0,625,7.0,13000.0,36,17.31,MORTGAGE,debt_consolidation,1,12,27.2,0
101100.0,760,15.0,12900.0,36,11.27,RENT,credit_card,0,7,13.2,0
90100.0,650,1.0,6500.0,36,14.57,MORTGAGE,credit_card,1,6,21.2,0
89900.0,598,1.0,17600.0,36,18.19,RENT,other,0,8,25.8,0
93900.0,648,7.0,10500.0,60,16.32,MORTGAGE,debt_consolidation,0,10,22.2,0
55900.0,659,20.0,15500.0,36,15.3,MORTGAGE,home_improvement,0,10,,0
49700.0,781,4.0,11100.0,36,8.26,MORTGAGE,debt_consolidation,0,9,35.0,0
72600.0,740,20.0,12600.0,36,10.83,OWN,debt_consolidation,0,10,28.9,0
68100.0,755,15.0,10500.0,36,13.16,MORTGAGE,credit_card,0,12,27.2,0
42700.0,733,15.0,12200.0,36,11.65,MORTGAGE,credit_card,0,11,40.2,0
58800.0,742,15.0,18000.0,36,15.22,MORTGAGE,credit_card,0,6,48.3,0
48300.0,635,15.0,5800.0,36,16.16,RENT,major_purchase,2,8,20.6,0
33400.0,667,10.0,5200.0,36,13.35,RENT,major_purchase,0,18,23.7,0
87600.0,616,7.0,13500.0,36,14.81,RENT,debt_consolidation,0,7,15.0,0
50300.0,666,0.0,22500.0,36,18.86,RENT,debt_consolidation,2,7,58.2,1
123200.0,724,1.0,25500.0,36,14.32,OWN,credit_card,1,6,28.5,0
23600.0,689,1.0,5900.0,36,14.53,RENT,debt_consolidation,0,9,28.0,0
38200.0,765,0.0,8900.0,36,12.83,MORTGAGE,major_purchase,1,15,24.3,0
49700.0,606,1.0,5200.0,36,15.97,MORTGAGE,other,0,10,26.4,0
81800.0,713,15.0,8300.0,36,10.26,MORTGAGE,debt_consolidation,0,7,11.0,0
58700.0,599,7.0,19200.0,60,18.54,MORTGAGE,major_purchase,0,5,36.9,0
56400.0,686,3.0,10900.0,36,15.23,RENT,home_improvement,1,9,39.3,0
29500.0,728,,9100.0,36,12.73,OWN,home_improvement,0,11,38.0,0
29100.0,666,5.0,14400.0,60,20.53,OWN,debt_consolidation,1,12,54.5,0
56700.0,716,1.0,7400.0,36,11.15,MORTGAGE,debt_consolidation,0,8,19.1,0
26500.0,618,15.0,24300.0,36,21.44,OWN,credit_card,0,13,65.0,1
38600.0,572,3.0,11000.0,60,22.13,RENT,home_improvement,0,8,38.3,0
61400.0,716,7.0,8900.0,36,14.21,RENT,other,0,5,19.2,0
31500.0,793,3.0,14700.0,60,15.42,MORTGAGE,home_improvement,0,10,55.2,0
101000.0,615,5.0,17500.0,36,14.98,MORTGAGE,credit_card,0,12,16.4,1
85000.0,759,10.0,24300.0,36,11.21,RENT,other,0,16,37.2,0
24200.0,683,1.0,9800.0,36,12.49,MORTGAGE,credit_card,1,10,39.2,0
32200.0,593,20.0,18800.0,36,18.79,RENT,debt_consolidation,0,8,65.0,0
17500.0,606,0.0,11500.0,36,18.96,OWN,home_improvement,0,10,65.0,1
34500.0,681,5.0,8100.0,60,13.79,MORTGAGE,debt_consolidation,0,10,25.5,0
69200.0,654,15.0,7400.0,36,12.72,RENT,other,0,9,20.7,0
40700.0,595,20.0,6300.0,60,16.2,OWN,credit_card,0,6,19.5,0
60300.0,570,2.0,7500.0,36,15.91,RENT,debt_consolidation,0,11,18.0,0
24700.0,625,1.0,19100.0,60,18.48,MORTGAGE,debt_consolidation,0,6,65.0,0
70200.0,693,10.0,15600.0,36,18.16,RENT,home_improvement,2,12,20.9,1
38200.0,680,0.0,5900.0,36,13.67,RENT,credit_card,0,11,24.9,0
49300.0,647,5.0,4600.0,36,15.24,RENT,credit_card,1,3,16.9,0
47000.0,693,,6300.0,36,16.53,RENT,home_improvement,1,17,15.8,0
27700.0,748,5.0,7400.0,36,12.78,OWN,debt_consolidation,0,8,32.1,0
29200.0,706,2.0,9400.0,36,14.85,MORTGAGE,debt_consolidation,0,9,38.3,0
75800.0,672,5.0,19700.0,36,17.29,RENT,home_improvement,0,15,39.7,0
58700.0,740,15.0,8300.0,36,15.03,MORTGAGE,debt_consolidation,0,8,21.1,0
78600.0,618,7.0,25300.0,36,19.58,MORTGAGE,other,0,7,48.3,1
56700.0,665,10.0,4700.0,60,13.44,OWN,debt_consolidation,0,13,28.7,0
52300.0,667,3.0,9200.0,36,11.61,MORTGAGE,credit_card,0,5,22.2,0
22500.0,600,2.0,16200.0,36,21.08,MORTGAGE,debt_consolidation,0,6,65.0,1
43400.0,653,2.0,16700.0,60,15.38,RENT,debt_consolidation,0,8,43.8,0
48400.0,545,5.0,9200.0,36,18.47,RENT,major_purchase,1,7,35.3,1
118100.0,804,3.0,18000.0,60,11.56,MORTGAGE,home_improvement,0,9,16.4,0
66800.0,619,5.0,16400.0,60,21.15,RENT,debt_consolidation,0,8,28.1,0
97900.0,783,7.0,7800.0,36,13.38,MORTGAGE,debt_consolidation,0,9,14.4,0
64100.0,682,10.0,12800.0,60,13.83,MORTGAGE,debt_consolidation,0,9,24.3,0
35600.0,717,1.0,15500.0,36,13.3,RENT,credit_card,0,8,54.4,0
51700.0,648,10.0,8100.0,60,18.71,OWN,small_business,0,9,27.1,0
54500.0,694,7.0,25500.0,36,18.09,OWN,debt_consolidation,0,6,55.8,0
32100.0,722,0.0,7200.0,36,10.89,MORTGAGE,debt_consolidation,0,8,35.3,0
41200.0,723,0.0,11800.0,60,13.93,MORTGAGE,small_business,0,10,32.5,0
44700.0,730,7.0,5900.0,60,12.23,RENT,small_business,0,8,15.9,0
101000.0,656,4.0,11500.0,36,15.77,RENT,debt_consolidation,0,13,30.4,0
19200.0,649,1.0,6400.0,36,19.13,OWN,credit_card,0,13,41.2,1
84300.0,576,0.0,9400.0,36,15.85,RENT,medical,0,10,24.5,0
32200.0,714,1.0,4900.0,60,12.37,RENT,small_business,0,10,27.8,0
26400.0,750,20.0,16300.0,36,16.45,RENT,debt_consolidation,1,10,65.0,0
83400.0,785,10.0,13100.0,60,13.85,MORTGAGE,credit_card,0,10,18.3,0
68100.0,700,5.0,18800.0,36,12.42,RENT,other,0,7,30.1,0
86200.0,630,20.0,9200.0,36,15.99,OWN,credit_card,0,8,21.3,0
70300.0,570,7.0,19300.0,36,16.05,RENT,small_business,0,6,22.7,0
123900.0,748,10.0,11200.0,60,11.89,OWN,debt_consolidation,0,9,17.6,0
63000.0,563,3.0,11600.0,60,18.49,OWN,major_purchase,0,6,31.0,0
45700.0,658,5.0,31500.0,36,16.6,MORTGAGE,home_improvement,0,9,65.0,0
57200.0,665,1.0,8600.0,60,13.95,MORTGAGE,debt_consolidation,0,4,33.1,1
85800.0,675,4.0,20200.0,60,17.88,RENT,credit_card,0,5,38.4,0
34500.0,682,0.0,13900.0,60,17.56,OWN,debt_consolidation,0,11,48.7,1
36600.0,689,2.0,8200.0,60,19.24,MORTGAGE,major_purchase,3,15,36.2,1
42700.0,523,0.0,5700.0,36,19.5,RENT,small_business,0,10,23.9,0
19000.0,681,4.0,6500.0,36,15.53,MORTGAGE,credit_card,0,11,38.2,0
52200.0,535,10.0,19300.0,36,20.75,RENT,credit_card,0,10,39.4,1
21000.0,728,3.0,26000.0,60,18.56,MORTGAGE,credit_card,0,11,65.0,1
50200.0,644,10.0,11400.0,60,19.48,RENT,debt_consolidation,0,8,37.8,0
72400.0,540,7.0,11800.0,36,19.63,MORTGAGE,credit_card,0,8,15.5,1
39600.0,627,5.0,16100.0,60,15.91,MORTGAGE,debt_consolidation,1,12,44.8,1
104300.0,643,2.0,11300.0,60,16.33,RENT,debt_consolidation,0,6,15.1,0
25400.0,757,15.0,19000.0,36,16.55,OWN,other,0,14,65.0,0
83800.0,693,0.0,12700.0,36,17.52,MORTGAGE,debt_consolidation,3,5,24.0,1
66400.0,702,7.0,11700.0,60,13.61,MORTGAGE,credit_card,1,4,20.1,0
22600.0,757,7.0,7700.0,36,13.15,OWN,medical,0,13,35.2,0
166000.0,674,4.0,6800.0,36,15.7,MORTGAGE,credit_card,1,6,,0
47600.0,729,2.0,2300.0,36,9.93,MORTGAGE,credit_card,0,7,15.6,0
33000.0,724,4.0,20300.0,60,17.44,RENT,debt_consolidation,0,8,65.0,1
26000.0,596,15.0,10200.0,36,18.06,MORTGAGE,debt_consolidation,1,9,50.9,0
44400.0,776,10.0,9000.0,60,11.11,OWN,credit_card,0,12,24.9,0
46300.0,588,20.0,4100.0,36,17.31,MORTGAGE,credit_card,1,7,19.9,0
51300.0,740,3.0,7900.0,36,10.78,MORTGAGE,debt_consolidation,0,6,27.8,0
42900.0,581,4.0,7400.0,36,17.31,OWN,credit_card,1,8,33.6,1
65200.0,719,0.0,7400.0,60,14.01,RENT,major_purchase,0,5,15.5,0
41200.0,801,20.0,12900.0,36,11.83,RENT,debt_consolidation,0,9,38.4,0
20500.0,666,3.0,11600.0,36,17.0,OWN,debt_consolidation,0,11,,0
45800.0,663,4.0,5500.0,36,15.93,RENT,debt_consolidation,0,6,23.1,0
16900.0,720,15.0,5700.0,60,17.62,RENT,small_business,1,5,45.0,0
57500.0,659,5.0,5700.0,36,10.9,OWN,major_purchase,0,6,9.7,0
31500.0,798,5.0,27000.0,36,14.26,MORTGAGE,debt_consolidation,1,11,65.0,0
52800.0,692,1.0,23100.0,36,15.51,MORTGAGE,medical,0,7,55.0,0
88600.0,659,5.0,7100.0,36,16.11,MORTGAGE,home_improvement,0,8,30.5,0
32000.0,645,15.0,4100.0,36,9.11,RENT,credit_card,0,16,12.3,0
79000.0,619,5.0,11700.0,36,15.05,MORTGAGE,debt_consolidation,0,11,23.7,1
40300.0,639,2.0,11200.0,36,16.41,MORTGAGE,credit_card,0,14,31.9,0
107900.0,657,0.0,12800.0,36,15.35,RENT,other,1,8,19.5,0
41600.0,648,3.0,15800.0,36,13.79,MORTGAGE,other,1,10,32.3,1
33600.0,637,5.0,13700.0,36,17.24,RENT,home_improvement,0,4,43.4,0
66800.0,816,0.0,6300.0,60,8.86,RENT,home_improvement,0,8,7.3,0
40300.0,613,7.0,12700.0,36,17.56,RENT,debt_consolidation,1,9,53.8,0
33600.0,690,5.0,16800.0,36,16.27,RENT,other,0,8,58.8,0
39500.0,719,10.0,7600.0,60,13.07,OWN,small_business,1,6,30.6,0
48000.0,721,0.0,12700.0,36,15.3,RENT,credit_card,1,14,37.3,0
89700.0,676,10.0,8300.0,36,12.84,RENT,major_purchase,0,9,7.7,0
20500.0,664,5.0,29700.0,36,17.54,RENT,debt_consolidation,0,7,65.0,1
49500.0,709,3.0,5600.0,36,15.02,MORTGAGE,debt_consolidation,1,12,28.5,1
64900.0,697,20.0,19500.0,36,16.5,RENT,major_purchase,1,11,37.4,0
53500.0,663,1.0,4700.0,60,16.15,RENT,credit_card,0,13,0.0,0
88400.0,578,5.0,26800.0,36,17.11,MORTGAGE,credit_card,1,6,40.2,1
47400.0,650,3.0,6200.0,36,15.99,MORTGAGE,home_improvement,2,15,30.1,0
45100.0,605,5.0,12000.0,60,19.68,MORTGAGE,debt_consolidation,0,6,35.6,1
64000.0,637,5.0,4800.0,36,14.56,MORTGAGE,debt_consolidation,0,5,17.1,0
51300.0,682,1.0,5600.0,36,13.93,RENT,home_improvement,0,12,29.9,0
41100.0,703,7.0,17100.0,36,16.25,MORTGAGE,debt_consolidation,0,13,57.5,0
61800.0,796,7.0,18300.0,60,16.85,MORTGAGE,credit_card,1,7,37.5,0
36500.0,645,10.0,12300.0,36,16.43,RENT,credit_card,0,12,48.5,0
37200.0,730,1.0,15800.0,36,12.65,RENT,other,0,8,47.5,0
38700.0,700,3.0,18400.0,36,17.18,RENT,debt_consolidation,1,15,57.4,0
90100.0,764,7.0,7800.0,36,11.87,RENT,credit_card,1,7,23.7,0
15000.0,717,1.0,5400.0,36,12.66,RENT,other,0,11,34.7,0
58600.0,614,7.0,10900.0,36,15.16,OWN,debt_consolidation,0,19,24.3,0
49800.0,568,0.0,8200.0,36,16.86,MORTGAGE,major_purchase,0,14,18.1,0
23000.0,700,3.0,13300.0,60,15.13,MORTGAGE,debt_consolidation,0,5,54.7,0
56400.0,646,10.0,14400.0,60,18.23,RENT,medical,0,7,32.9,1
60700.0,616,10.0,7800.0,60,18.18,RENT,credit_card,0,14,21.9,1
63900.0,598,7.0,15600.0,36,14.62,MORTGAGE,other,0,10,28.8,0
15000.0,690,15.0,15200.0,36,19.66,MORTGAGE,debt_consolidation,0,5,65.0,1
90700.0,778,7.0,15700.0,36,9.89,MORTGAGE,small_business,0,10,17.4,0
35200.0,653,5.0,8900.0,36,15.85,RENT,small_business,1,12,29.0,0
66800.0,718,20.0,16200.0,36,14.79,RENT,small_business,0,6,36.8,0
68400.0,673,7.0,14200.0,36,12.35,OWN,debt_consolidation,0,7,27.5,0
33000.0,596,7.0,15100.0,36,22.2,RENT,debt_consolidation,1,12,59.1,1
66000.0,728,4.0,25300.0,36,15.02,RENT,debt_consolidation,0,8,49.6,0
41200.0,609,15.0,12900.0,36,18.58,RENT,debt_consolidation,1,8,43.3,1
19300.0,681,3.0,8100.0,36,14.16,RENT,home_improvement,0,9,44.1,0
82900.0,658,0.0,6300.0,60,16.16,MORTGAGE,debt_consolidation,0,14,16.8,0
34600.0,738,2.0,19200.0,36,18.96,MORTGAGE,small_business,0,13,65.0,0
33400.0,611,1.0,13100.0,60,18.41,RENT,credit_card,0,9,51.8,1
40900.0,705,3.0,25200.0,60,19.29,RENT,debt_consolidation,0,7,65.0,0
55400.0,625,10.0,4000.0,60,19.32,MORTGAGE,debt_consolidation,2,16,11.0,1
47800.0,647,7.0,17200.0,60,17.74,RENT,debt_consolidation,0,13,47.7,0
62700.0,444,1.0,9600.0,36,23.83,RENT,credit_card,0,11,33.0,1
26800.0,816,10.0,9200.0,36,8.76,OWN,home_improvement,0,9,53.6,0
35100.0,716,5.0,7500.0,60,15.11,MORTGAGE,home_improvement,1,15,34.7,0
46500.0,630,5.0,17200.0,36,17.31,MORTGAGE,other,0,10,45.0,1
115200.0,607,3.0,14900.0,36,14.42,MORTGAGE,debt_consolidation,0,10,13.9,0
46600.0,648,15.0,6200.0,36,15.81,RENT,major_purchase,2,13,18.3,0
79900.0,727,3.0,11900.0,36,13.88,OWN,small_business,0,6,30.2,0
49900.0,557,1.0,15600.0,60,18.79,MORTGAGE,debt_consolidation,0,10,40.0,0
39400.0,671,3.0,12000.0,36,18.2,RENT,other,1,8,51.8,0
43900.0,795,7.0,19000.0,36,13.26,RENT,other,0,11,50.8,0
45400.0,606,7.0,9500.0,60,21.38,RENT,credit_card,3,12,35.9,1
64300.0,685,2.0,3500.0,36,13.35,RENT,credit_card,0,9,19.0,0
91000.0,823,1.0,12000.0,60,11.31,RENT,major_purchase,1,7,25.3,0
57600.0,721,7.0,12000.0,60,14.84,RENT,credit_card,0,6,32.1,0
83600.0,688,7.0,12800.0,60,14.97,RENT,major_purchase,0,10,,0
31800.0,713,3.0,19000.0,36,16.29,RENT,debt_consolidation,1,3,65.0,1
40700.0,654,10.0,4100.0,60,22.75,RENT,debt_consolidation,3,6,35.1,1
35400.0,764,20.0,9700.0,36,13.3,RENT,debt_consolidation,0,8,32.2,0
56500.0,654,2.0,6900.0,36,15.96,RENT,credit_card,1,11,32.0,0
41700.0,553,5.0,6000.0,36,17.81,RENT,medical,0,8,36.4,0
68100.0,655,0.0,10500.0,36,18.48,RENT,credit_card,0,12,27.2,0
32200.0,617,7.0,15500.0,60,18.83,MORTGAGE,credit_card,0,11,52.7,0
50000.0,662,4.0,12700.0,36,12.68,RENT,credit_card,1,8,33.3,0
66800.0,663,2.0,7800.0,36,14.77,RENT,debt_consolidation,0,4,22.5,0
19400.0,758,10.0,10200.0,36,10.17,OWN,major_purchase,0,12,55.2,0
127400.0,725,10.0,17400.0,60,15.48,MORTGAGE,home_improvement,0,9,27.9,0
43200.0,697,1.0,15400.0,60,17.4,MORTGAGE,other,0,6,45.3,0
19700.0,680,0.0,8300.0,36,15.65,MORTGAGE,credit_card,0,13,43.0,0
52600.0,611,3.0,8000.0,36,18.45,RENT,credit_card,0,8,22.4,0
49800.0,538,7.0,4600.0,36,18.15,MORTGAGE,other,0,6,18.3,1
47200.0,687,10.0,8800.0,36,15.47,MORTGAGE,debt_consolidation,1,8,23.0,0
76600.0,732,5.0,4600.0,36,11.53,RENT,debt_consolidation,0,9,3.7,0
68600.0,673,5.0,30700.0,60,17.09,MORTGAGE,credit_card,0,7,57.4,0
56100.0,645,10.0,7100.0,36,15.75,MORTGAGE,credit_card,0,13,24.2,0
60000.0,710,5.0,19000.0,36,14.39,RENT,credit_card,0,4,31.7,0
46800.0,675,7.0,27100.0,60,17.42,RENT,debt_consolidation,0,11,64.0,1
109000.0,790,5.0,12200.0,36,10.56,RENT,other,0,6,37.5,0
25200.0,760,15.0,10400.0,36,14.63,RENT,small_business,0,6,54.7,0
52200.0,742,2.0,5600.0,60,13.99,RENT,debt_consolidation,0,9,13.8,0
50500.0,729,2.0,8500.0,36,11.07,RENT,debt_consolidation,0,13,28.9,0
70700.0,596,1.0,24400.0,60,19.31,RENT,medical,1,12,40.5,1
33500.0,723,10.0,13000.0,60,14.71,OWN,credit_card,0,9,52.9,0
22400.0,704,4.0,11100.0,36,17.35,MORTGAGE,credit_card,2,6,61.9,1
52600.0,719,3.0,21100.0,36,12.76,MORTGAGE,debt_consolidation,0,12,44.3,0
55600.0,712,20.0,15500.0,36,13.13,RENT,debt_consolidation,0,10,31.7,0
95800.0,709,15.0,10200.0,36,11.98,RENT,credit_card,0,9,26.3,0
27700.0,850,20.0,12200.0,36,10.07,MORTGAGE,home_improvement,0,5,40.8,0
82400.0,675,1.0,7400.0,36,11.11,RENT,debt_consolidation,0,10,10.8,0
142200.0,741,15.0,8300.0,60,13.74,RENT,other,0,7,12.3,0
41400.0,649,3.0,9900.0,60,14.63,MORTGAGE,debt_consolidation,0,5,30.3,0
27400.0,731,0.0,14500.0,36,15.34,RENT,major_purchase,0,9,64.3,1
40800.0,741,,5900.0,36,10.77,RENT,credit_card,0,6,18.7,0
49300.0,704,5.0,11400.0,36,14.71,OWN,major_purchase,0,8,25.0,0
63200.0,789,1.0,9000.0,60,13.06,RENT,other,0,10,23.2,0
37600.0,623,5.0,7000.0,36,19.92,MORTGAGE,debt_consolidation,1,9,29.8,0
98700.0,648,,9000.0,36,13.29,OWN,credit_card,1,15,8.9,0
29700.0,694,3.0,3400.0,36,14.01,RENT,debt_consolidation,1,10,20.4,0
22400.0,737,3.0,7500.0,36,14.9,OWN,small_business,0,10,43.7,0
80700.0,692,3.0,6300.0,60,13.34,RENT,major_purchase,0,9,16.9,0
17600.0,764,15.0,9500.0,36,14.41,OWN,credit_card,1,5,64.9,1
44700.0,637,0.0,3500.0,36,12.88,RENT,credit_card,0,7,13.8,1
199400.0,606,4.0,12000.0,36,14.88,OWN,debt_consolidation,0,7,10.2,0
48800.0,700,2.0,17200.0,60,15.58,MORTGAGE,debt_consolidation,0,7,45.3,0
29600.0,675,15.0,10300.0,36,18.71,MORTGAGE,debt_consolidation,0,8,40.8,0
47800.0,715,1.0,14000.0,36,14.33,MORTGAGE,debt_consolidation,0,9,38.8,0
47900.0,678,4.0,8500.0,60,13.96,MORTGAGE,debt_consolidation,0,8,23.4,0
52700.0,658,4.0,5000.0,36,17.15,RENT,other,1,10,27.3,1
66000.0,675,15.0,10900.0,36,13.28,RENT,debt_consolidation,0,9,24.2,0
30700.0,682,2.0,15400.0,36,17.64,RENT,debt_consolidation,0,10,58.4,1
104800.0,660,7.0,5600.0,60,15.44,MORTGAGE,credit_card,0,9,20.4,0
54700.0,667,1.0,8700.0,36,15.77,MORTGAGE,other,1,10,20.2,0
68000.0,654,20.0,9700.0,36,12.59,MORTGAGE,major_purchase,0,16,15.8,0
37000.0,736,7.0,40000.0,36,16.81,RENT,debt_consolidation,0,11,65.0,0
87500.0,693,7.0,12200.0,36,10.82,MORTGAGE,small_business,0,9,6.7,0
43700.0,827,4.0,4200.0,36,10.19,RENT,major_purchase,1,15,9.4,0
55500.0,690,3.0,3700.0,60,17.71,MORTGAGE,other,1,6,18.9,0
32200.0,644,2.0,15800.0,36,18.86,RENT,medical,0,6,64.3,0
31300.0,850,7.0,37900.0,60,15.02,RENT,debt_consolidation,0,7,65.0,1
66800.0,707,20.0,9500.0,36,14.93,MORTGAGE,credit_card,0,13,,0
40100.0,744,3.0,9200.0,60,15.06,RENT,small_business,0,9,22.7,0
33400.0,718,15.0,13600.0,60,14.09,RENT,other,0,14,38.7,0
36700.0,720,1.0,7300.0,36,13.86,MORTGAGE,debt_consolidation,0,9,29.5,0
67100.0,715,15.0,3100.0,60,12.2,MORTGAGE,credit_card,0,6,15.5,0
36900.0,608,3.0,18400.0,36,17.4,MORTGAGE,credit_card,0,9,58.7,0
46500.0,704,,8000.0,36,13.18,OWN,credit_card,0,11,21.4,0
49400.0,594,4.0,18500.0,36,17.95,MORTGAGE,credit_card,1,6,41.5,0
20700.0,669,7.0,7500.0,36,16.81,MORTGAGE,credit_card,0,15,46.6,0
25300.0,633,7.0,11600.0,60,22.29,RENT,other,0,6,60.4,1
57000.0,703,5.0,16800.0,36,16.45,MORTGAGE,major_purchase,2,12,48.0,1
35200.0,702,5.0,18700.0,36,14.95,RENT,small_business,0,6,65.0,1
78900.0,711,0.0,12300.0,36,12.91,MORTGAGE,credit_card,0,7,21.2,0
75700.0,699,3.0,12000.0,36,11.61,RENT,medical,0,8,22.0,0
67800.0,641,3.0,14900.0,60,17.18,RENT,debt_consolidation,0,13,30.4,0
111200.0,663,5.0,13800.0,60,15.26,MORTGAGE,debt_consolidation,0,10,11.9,0
47200.0,740,5.0,5700.0,36,15.83,MORTGAGE,other,0,7,22.6,0
65600.0,749,7.0,5800.0,36,12.08,RENT,credit_card,0,8,19.0,0
37700.0,605,7.0,3800.0,36,18.76,RENT,debt_consolidation,3,7,25.6,1
147800.0,580,2.0,16000.0,36,14.87,MORTGAGE,other,0,7,11.6,0
119700.0,633,10.0,9000.0,36,13.38,MORTGAGE,other,0,9,12.4,0
49300.0,748,0.0,16500.0,36,15.4,RENT,medical,1,9,42.6,0
58300.0,759,7.0,13400.0,60,9.39,MORTGAGE,debt_consolidation,1,7,26.2,0
90400.0,620,1.0,6600.0,36,15.25,RENT,debt_consolidation,0,7,12.1,0
45900.0,700,10.0,10300.0,36,15.1,RENT,credit_card,2,11,22.6,0
36500.0,799,5.0,8700.0,60,12.61,MORTGAGE,home_improvement,0,7,23.6,0
72600.0,707,4.0,8100.0,36,12.28,RENT,other,0,10,22.0,0
50800.0,772,7.0,17300.0,36,13.55,MORTGAGE,other,0,15,42.7,0
53200.0,745,0.0,38400.0,36,14.27,OWN,other,0,9,65.0,0
33700.0,621,2.0,19100.0,36,16.29,MORTGAGE,debt_consolidation,0,5,62.6,0
22600.0,668,,10800.0,60,18.11,MORTGAGE,small_business,0,15,56.9,0
54500.0,682,10.0,20500.0,36,15.08,MORTGAGE,medical,0,5,42.5,0
73700.0,687,4.0,25800.0,60,16.09,OWN,debt_consolidation,0,10,38.2,0
44300.0,740,2.0,5500.0,60,10.46,RENT,debt_consolidation,0,11,22.2,0
93600.0,707,5.0,20200.0,36,14.71,MORTGAGE,small_business,1,6,26.3,0
35700.0,489,7.0,16100.0,36,21.25,MORTGAGE,debt_consolidation,0,19,54.4,1
30500.0,595,4.0,19800.0,36,19.73,OWN,other,0,7,65.0,1
47600.0,538,15.0,16400.0,36,18.98,RENT,debt_consolidation,0,8,45.9,0
47200.0,691,5.0,9800.0,36,16.88,RENT,credit_card,0,11,28.6,0
69300.0,696,0.0,30200.0,36,17.52,OWN,other,1,10,62.9,1
34600.0,698,2.0,13000.0,36,17.44,RENT,other,1,10,47.5,0
90700.0,618,4.0,8800.0,60,18.77,RENT,major_purchase,0,11,16.9,1
118800.0,724,7.0,14100.0,36,13.47,MORTGAGE,major_purchase,0,11,22.9,0
48200.0,727,2.0,17800.0,36,14.26,MORTGAGE,other,0,10,43.9,0
86000.0,598,20.0,11500.0,60,19.7,MORTGAGE,other,0,6,20.8,0
30500.0,585,3.0,13300.0,36,18.33,MORTGAGE,home_improvement,1,5,52.9,1
79500.0,680,5.0,11400.0,36,15.84,MORTGAGE,small_business,0,3,36.8,0
78500.0,796,0.0,7900.0,60,11.28,RENT,home_improvement,0,9,34.1,0
72300.0,790,15.0,7300.0,36,10.27,MORTGAGE,credit_card,0,10,15.2,0
48700.0,717,10.0,5400.0,36,10.37,RENT,medical,0,9,11.0,0
15000.0,633,2.0,23400.0,36,18.06,RENT,small_business,2,10,65.0,1
36700.0,738,15.0,9800.0,36,10.93,OWN,medical,0,13,39.3,0
37000.0,651,3.0,2000.0,36,16.19,RENT,debt_consolidation,0,6,17.1,0
31600.0,630,7.0,13300.0,36,17.79,MORTGAGE,home_improvement,1,13,61.5,1
51800.0,541,10.0,13200.0,36,18.36,OWN,debt_consolidation,0,10,39.2,0
40600.0,687,10.0,4300.0,36,11.76,RENT,credit_card,0,13,14.6,0
33800.0,639,15.0,7200.0,60,18.86,RENT,home_improvement,0,14,33.9,0
30400.0,686,15.0,7100.0,36,11.73,MORTGAGE,medical,0,6,30.9,0
35500.0,531,20.0,7500.0,36,16.27,RENT,debt_consolidation,0,8,19.4,0
81200.0,691,2.0,20100.0,60,21.1,MORTGAGE,debt_consolidation,0,5,39.0,0
36400.0,522,3.0,10200.0,36,21.12,RENT,other,0,5,,1
38900.0,751,7.0,8800.0,36,12.73,OWN,other,1,8,39.0,0
39900.0,714,10.0,19200.0,36,17.72,MORTGAGE,debt_consolidation,0,11,65.0,0
57100.0,662,5.0,14000.0,60,15.43,OWN,debt_consolidation,0,8,27.8,0
60200.0,717,0.0,4600.0,60,13.85,RENT,debt_consolidation,0,13,9.7,0
15000.0,616,10.0,8000.0,60,17.92,RENT,small_business,0,12,57.0,1
77600.0,685,20.0,12800.0,36,13.75,RENT,small_business,0,12,30.0,0
93600.0,732,4.0,6900.0,36,12.18,MORTGAGE,credit_card,0,8,12.4,0
30600.0,479,2.0,30200.0,36,22.06,RENT,small_business,1,12,65.0,1
31600.0,651,0.0,11600.0,60,16.74,MORTGAGE,credit_card,0,4,39.3,0
40000.0,679,2.0,7500.0,36,13.51,MORTGAGE,debt_consolidation,0,9,17.4,0
34900.0,667,7.0,6200.0,36,15.45,MORTGAGE,small_business,0,5,28.7,1
54200.0,775,15.0,17400.0,36,12.77,MORTGAGE,major_purchase,0,11,38.6,1
20400.0,607,1.0,7900.0,36,19.94,MORTGAGE,medical,1,13,50.2,0
29600.0,640,5.0,13200.0,36,13.95,RENT,other,0,6,51.2,0
98000.0,555,7.0,6200.0,36,11.84,RENT,small_business,0,4,1.3,0
32300.0,778,2.0,11300.0,36,13.36,MORTGAGE,debt_consolidation,1,7,41.6,1
85800.0,664,5.0,8000.0,36,15.27,MORTGAGE,debt_consolidation,0,9,17.6,0
57500.0,652,7.0,9300.0,36,13.54,RENT,small_business,0,13,21.8,0
21700.0,677,10.0,7300.0,36,14.11,MORTGAGE,debt_consolidation,0,13,48.4,0
65200.0,721,4.0,18300.0,36,10.54,MORTGAGE,debt_consolidation,0,10,39.6,0
46500.0,703,10.0,8600.0,36,13.2,RENT,debt_consolidation,0,8,26.1,0
39900.0,850,3.0,10200.0,60,9.41,MORTGAGE,other,0,8,39.7,0
54700.0,710,2.0,10400.0,36,13.84,RENT,debt_consolidation,1,8,36.3,0
60700.0,650,2.0,24500.0,36,15.71,RENT,debt_consolidation,0,9,51.9,0
67400.0,644,3.0,17100.0,36,12.2,MORTGAGE,other,0,10,33.8,0
83300.0,654,0.0,16200.0,36,13.95,OWN,home_improvement,0,11,25.9,0
58900.0,582,3.0,5000.0,36,18.49,MORTGAGE,debt_consolidation,0,9,16.8,0
26400.0,683,7.0,7900.0,60,21.11,OWN,major_purchase,1,8,43.6,0
39600.0,731,7.0,19800.0,36,17.46,MORTGAGE,debt_consolidation,0,11,59.9,0
184300.0,640,0.0,6100.0,60,13.01,MORTGAGE,major_purchase,0,6,3.8,0
67900.0,628,3.0,11400.0,60,19.47,MORTGAGE,home_improvement,0,15,26.2,0
142400.0,779,5.0,6400.0,36,11.74,RENT,debt_consolidation,1,6,26.2,0
91900.0,587,3.0,6800.0,36,13.26,RENT,small_business,0,5,8.4,0
54700.0,546,4.0,25300.0,36,19.15,MORTGAGE,credit_card,0,5,56.2,0
56100.0,605,7.0,15700.0,36,18.12,MORTGAGE,home_improvement,0,11,41.5,0
48200.0,580,0.0,17900.0,60,18.29,MORTGAGE,medical,0,12,45.5,0
22400.0,705,2.0,16200.0,60,17.86,MORTGAGE,debt_consolidation,0,11,65.0,0
49400.0,657,1.0,10200.0,36,12.66,RENT,credit_card,0,11,19.9,0
84500.0,666,1.0,7700.0,36,18.66,RENT,other,2,15,23.9,0
37400.0,755,20.0,8900.0,36,12.1,RENT,credit_card,0,9,21.7,0
59000.0,635,3.0,9900.0,36,12.86,RENT,credit_card,0,8,10.8,0
71900.0,730,5.0,26600.0,36,12.31,OWN,debt_consolidation,0,9,41.3,0
32600.0,778,10.0,5600.0,60,13.87,MORTGAGE,credit_card,0,11,26.2,0
40000.0,650,0.0,8300.0,36,15.69,RENT,credit_card,0,3,29.8,0
31000.0,728,2.0,6900.0,36,12.17,MORTGAGE,debt_consolidation,0,12,35.1,0
33900.0,664,10.0,18600.0,36,15.39,MORTGAGE,debt_consolidation,0,11,55.9,0
27500.0,740,15.0,27600.0,60,14.65,MORTGAGE,home_improvement,1,11,65.0,1
32700.0,578,3.0,12800.0,60,19.51,OWN,debt_consolidation,0,5,43.0,1
92900.0,573,3.0,13300.0,60,19.02,MORTGAGE,credit_card,1,9,14.9,0
32500.0,655,10.0,11400.0,36,14.82,OWN,small_business,0,3,47.5,0
51900.0,622,3.0,13600.0,36,15.07,OWN,debt_consolidation,0,3,35.2,0
39100.0,646,1.0,16100.0,36,19.09,RENT,small_business,0,7,54.0,1
83300.0,666,2.0,13500.0,36,15.04,RENT,credit_card,1,12,23.7,0
88400.0,727,4.0,14000.0,60,14.81,MORTGAGE,other,0,11,35.2,0
72300.0,654,0.0,16100.0,36,12.63,MORTGAGE,other,0,6,26.6,0
56300.0,626,5.0,4500.0,36,13.17,MORTGAGE,major_purchase,0,10,14.2,0
44200.0,657,10.0,10900.0,60,16.9,MORTGAGE,debt_consolidation,0,12,33.3,0
28700.0,630,5.0,12700.0,36,19.92,MORTGAGE,other,1,10,58.8,1
117500.0,619,,13500.0,36,18.29,MORTGAGE,other,2,9,23.8,1
34800.0,575,4.0,10000.0,36,16.48,MORTGAGE,credit_card,0,3,39.0,0
66100.0,685,7.0,11900.0,36,14.31,RENT,home_improvement,0,6,27.3,0
79000.0,643,0.0,7600.0,60,15.22,RENT,debt_consolidation,0,5,27.9,0
38200.0,743,0.0,4500.0,60,12.56,MORTGAGE,debt_consolidation,0,8,25.6,0
78200.0,586,3.0,17900.0,36,17.56,MORTGAGE,credit_card,0,4,36.1,0
69100.0,645,2.0,6200.0,36,17.25,MORTGAGE,home_improvement,2,8,13.3,0
106700.0,798,15.0,10100.0,36,12.78,RENT,debt_consolidation,0,10,15.4,0
39700.0,619,5.0,7500.0,36,19.74,RENT,debt_consolidation,0,6,30.3,0
27500.0,665,3.0,24200.0,36,16.56,MORTGAGE,major_purchase,0,7,65.0,1
39000.0,601,7.0,10500.0,60,22.62,OWN,credit_card,2,11,,1
53900.0,592,3.0,9400.0,36,16.88,OWN,home_improvement,0,9,23.4,0
50300.0,781,1.0,15900.0,36,12.91,MORTGAGE,home_improvement,2,8,44.7,0
41100.0,691,2.0,32200.0,36,16.41,OWN,credit_card,0,14,65.0,0
20800.0,689,7.0,13400.0,36,18.23,RENT,debt_consolidation,0,15,64.9,1
60600.0,570,0.0,9100.0,36,16.83,OWN,home_improvement,0,9,25.7,0
119100.0,703,2.0,15500.0,36,15.94,MORTGAGE,debt_consolidation,1,7,26.8,0
60400.0,755,2.0,5000.0,36,10.49,MORTGAGE,major_purchase,0,11,13.6,0
64500.0,755,2.0,11200.0,36,12.28,RENT,debt_consolidation,1,7,25.9,0
63400.0,723,7.0,29600.0,36,13.28,OWN,debt_consolidation,0,11,45.7,0
58600.0,607,10.0,11800.0,60,15.59,MORTGAGE,credit_card,0,9,32.6,0
74600.0,700,7.0,11500.0,36,15.59,RENT,small_business,0,16,23.3,1
58600.0,723,7.0,11100.0,36,10.64,RENT,small_business,0,10,24.5,0
42600.0,563,15.0,9000.0,36,19.27,RENT,debt_consolidation,0,7,29.4,1
34300.0,607,0.0,12800.0,36,20.13,MORTGAGE,credit_card,1,11,50.8,1
43800.0,738,1.0,16100.0,36,13.92,RENT,debt_consolidation,0,10,,0
56500.0,737,4.0,9300.0,60,15.79,MORTGAGE,major_purchase,0,8,33.1,0
42500.0,579,3.0,3100.0,60,17.4,MORTGAGE,debt_consolidation,0,9,11.2,0
56500.0,732,4.0,13800.0,36,12.73,OWN,major_purchase,0,8,,0
59700.0,686,2.0,31800.0,36,17.38,RENT,other,1,11,65.0,0
71300.0,731,1.0,9100.0,36,13.9,RENT,other,0,17,24.1,0
87300.0,639,5.0,5200.0,36,11.17,RENT,medical,0,11,8.6,0
50800.0,722,15.0,15300.0,36,10.9,RENT,debt_consolidation,0,8,44.8,0
27200.0,735,4.0,26200.0,60,21.42,MORTGAGE,credit_card,3,7,65.0,1
42000.0,657,0.0,14300.0,36,17.24,MORTGAGE,debt_consolidation,1,8,49.9,0
50000.0,681,7.0,25900.0,36,17.76,MORTGAGE,debt_consolidation,0,13,65.0,0
21500.0,638,3.0,16300.0,36,17.61,RENT,debt_consolidation,1,12,65.0,1
91600.0,787,2.0,15600.0,36,9.55,MORTGAGE,home_improvement,0,10,20.6,0
52300.0,672,3.0,8400.0,36,15.41,OWN,credit_card,0,9,25.0,0
58200.0,620,10.0,12600.0,60,18.89,MORTGAGE,other,1,13,39.9,0
90600.0,633,10.0,10800.0,36,14.76,OWN,credit_card,1,7,22.4,0
36900.0,688,5.0,10600.0,36,10.21,RENT,home_improvement,0,8,36.9,0
63500.0,729,3.0,9600.0,60,14.67,RENT,credit_card,0,6,10.8,0
46700.0,593,3.0,12200.0,60,18.88,OWN,major_purchase,0,6,37.4,0
45100.0,800,1.0,5700.0,60,13.52,MORTGAGE,other,1,15,20.7,0
34600.0,700,15.0,16400.0,36,17.19,RENT,credit_card,0,8,59.3,1
103700.0,710,7.0,7100.0,60,11.25,RENT,debt_consolidation,0,7,10.1,0
41400.0,674,0.0,9700.0,60,15.3,MORTGAGE,debt_consolidation,0,6,34.9,0
67200.0,681,7.0,12900.0,60,13.96,MORTGAGE,small_business,0,10,28.3,0
21100.0,670,4.0,6900.0,60,21.5,MORTGAGE,debt_consolidation,3,7,59.7,1
83400.0,746,20.0,4100.0,60,9.76,RENT,major_purchase,0,8,17.6,0
78700.0,679,10.0,9000.0,36,12.64,MORTGAGE,small_business,1,9,18.1,0
51200.0,730,1.0,5300.0,36,14.69,MORTGAGE,small_business,1,13,14.0,0
44300.0,652,10.0,15600.0,36,18.19,MORTGAGE,major_purchase,3,7,50.7,1
58700.0,693,5.0,6100.0,36,17.36,MORTGAGE,small_business,3,6,39.0,1
137300.0,628,2.0,23000.0,36,16.11,MORTGAGE,home_improvement,0,8,26.7,0
22200.0,759,7.0,10900.0,36,18.52,RENT,debt_consolidation,2,7,63.6,0
69700.0,626,5.0,11300.0,36,17.7,MORTGAGE,credit_card,0,8,36.4,0
32500.0,659,0.0,4100.0,36,14.83,RENT,home_improvement,0,14,23.5,0
48600.0,660,7.0,11800.0,36,15.08,RENT,other,1,8,32.4,1
43800.0,657,7.0,10500.0,36,15.04,RENT,home_improvement,1,14,29.5,0
40400.0,727,1.0,5700.0,60,14.2,RENT,home_improvement,0,11,30.4,0
48800.0,659,3.0,11400.0,60,17.84,MORTGAGE,credit_card,0,13,34.8,0
29400.0,771,5.0,9000.0,36,9.96,RENT,debt_consolidation,0,7,31.3,0
77900.0,627,1.0,9800.0,36,15.72,MORTGAGE,credit_card,0,11,14.4,0
21900.0,691,15.0,11100.0,36,13.98,OWN,debt_consolidation,0,6,62.8,0
62500.0,630,0.0,8600.0,36,15.82,RENT,debt_consolidation,1,6,20.3,0
42300.0,707,1.0,12400.0,60,14.82,RENT,debt_consolidation,1,10,36.0,0
28900.0,679,1.0,10500.0,36,16.24,MORTGAGE,home_improvement,0,9,50.8,0
53700.0,670,5.0,13900.0,36,15.72,RENT,medical,0,5,39.2,0
24300.0,757,7.0,8400.0,60,13.86,MORTGAGE,major_purchase,0,10,51.3,0
49900.0,637,4.0,6400.0,60,19.16,RENT,debt_consolidation,1,5,26.2,0
25800.0,718,3.0,7700.0,36,12.76,RENT,debt_consolidation,0,5,32.4,0
60300.0,630,10.0,22500.0,36,16.19,OWN,credit_card,1,6,48.3,0
32300.0,687,0.0,17600.0,36,14.55,RENT,debt_consolidation,0,13,65.0,1
40000.0,602,3.0,20100.0,36,19.93,RENT,credit_card,0,15,65.0,0
56000.0,637,0.0,20800.0,60,18.67,RENT,credit_card,1,16,51.1,1
34600.0,675,0.0,8700.0,60,16.07,RENT,debt_consolidation,0,4,38.0,0
47800.0,798,3.0,12700.0,36,12.28,RENT,credit_card,0,10,37.8,0
24800.0,687,2.0,11400.0,60,14.31,RENT,credit_card,0,11,50.8,0
65100.0,788,2.0,15200.0,36,10.11,MORTGAGE,credit_card,0,9,30.5,0
108500.0,694,10.0,9500.0,36,12.83,MORTGAGE,home_improvement,0,8,11.2,0
172200.0,655,1.0,11500.0,36,13.65,MORTGAGE,debt_consolidation,0,9,19.3,0
51100.0,780,10.0,11300.0,60,12.69,MORTGAGE,debt_consolidation,0,8,21.6,0
69900.0,708,7.0,14300.0,60,13.37,MORTGAGE,debt_consolidation,0,10,23.5,0
22000.0,638,3.0,15200.0,36,18.39,OWN,debt_consolidation,0,11,65.0,1
96400.0,711,5.0,11500.0,36,13.35,MORTGAGE,debt_consolidation,0,9,18.5,0
69500.0,661,4.0,11600.0,36,11.73,OWN,debt_consolidation,0,8,26.4,0
39400.0,551,1.0,12200.0,60,23.69,MORTGAGE,credit_card,2,11,29.5,1
85500.0,741,15.0,24900.0,36,15.56,MORTGAGE,small_business,0,6,32.4,0
43700.0,751,5.0,4600.0,36,13.03,MORTGAGE,debt_consolidation,2,5,28.6,0
39900.0,799,15.0,6700.0,60,13.29,OWN,debt_consolidation,0,7,36.9,0
60700.0,707,10.0,15300.0,36,14.89,MORTGAGE,credit_card,1,13,35.3,0
30400.0,664,0.0,12500.0,36,16.91,MORTGAGE,small_business,0,7,,0
77600.0,734,2.0,12500.0,60,17.95,MORTGAGE,credit_card,3,14,35.3,0
30500.0,735,1.0,15300.0,36,16.64,MORTGAGE,debt_consolidation,1,9,50.5,1
30600.0,786,10.0,12200.0,36,10.49,OWN,credit_card,0,9,44.6,0
32600.0,677,15.0,8300.0,36,12.51,RENT,debt_consolidation,0,8,34.9,0
69000.0,669,5.0,15000.0,36,12.01,MORTGAGE,home_improvement,0,10,27.6,1
37100.0,633,1.0,11100.0,36,16.17,RENT,small_business,0,4,38.5,0
26700.0,715,1.0,8700.0,36,11.89,RENT,small_business,0,19,47.1,0
37300.0,579,10.0,15400.0,36,18.09,OWN,debt_consolidation,0,12,59.5,1
48300.0,730,15.0,15100.0,36,14.72,MORTGAGE,medical,0,9,51.2,0
28800.0,718,2.0,12200.0,36,12.71,RENT,other,0,13,52.2,0
29200.0,718,0.0,25800.0,36,18.14,MORTGAGE,debt_consolidation,0,5,65.0,1
126800.0,689,3.0,21200.0,36,14.34,MORTGAGE,debt_consolidation,0,8,31.4,0
33300.0,780,0.0,18100.0,36,14.04,RENT,small_business,0,12,58.4,0
42400.0,737,10.0,39500.0,36,17.09,RENT,small_business,0,13,65.0,1
41600.0,641,5.0,10200.0,36,12.68,MORTGAGE,credit_card,0,14,26.1,0
40600.0,642,7.0,8700.0,36,19.64,RENT,other,1,9,40.0,1
64800.0,623,4.0,16800.0,36,13.67,RENT,debt_consolidation,0,5,31.6,0
75100.0,716,3.0,9600.0,60,13.71,RENT,credit_card,0,7,5.9,0
42700.0,615,2.0,11000.0,36,16.02,OWN,debt_consolidation,0,9,,0
28100.0,750,10.0,6700.0,36,16.39,RENT,debt_consolidation,2,12,40.8,0
87000.0,766,,14800.0,36,14.57,MORTGAGE,debt_consolidation,0,14,29.1,0
47000.0,623,3.0,5200.0,36,13.75,MORTGAGE,credit_card,0,12,20.1,0
106800.0,668,3.0,10400.0,36,13.75,RENT,home_improvement,0,8,,0
17800.0,681,0.0,10900.0,36,18.38,MORTGAGE,debt_consolidation,0,7,65.0,1
53500.0,737,0.0,8800.0,60,14.23,MORTGAGE,home_improvement,0,6,32.4,0
116200.0,785,7.0,4500.0,36,7.83,MORTGAGE,credit_card,0,10,13.5,0
41800.0,570,5.0,4500.0,36,18.67,OWN,debt_consolidation,1,8,29.6,0
44300.0,659,4.0,7500.0,36,13.11,RENT,debt_consolidation,0,7,25.6,0
56000.0,663,10.0,14300.0,36,16.36,MORTGAGE,debt_consolidation,0,13,32.2,0
38100.0,589,5.0,12600.0,60,18.7,RENT,home_improvement,0,7,50.2,1
42600.0,648,4.0,10800.0,36,18.57,RENT,home_improvement,0,7,29.2,0
42100.0,708,1.0,7000.0,36,12.47,RENT,home_improvement,0,8,13.7,0
37000.0,662,10.0,13000.0,36,17.06,MORTGAGE,debt_consolidation,0,19,41.7,0
85200.0,580,5.0,4400.0,60,16.23,RENT,other,0,13,7.9,0
60300.0,850,1.0,3300.0,36,10.74,MORTGAGE,credit_card,0,8,10.2,0
54900.0,697,7.0,9700.0,36,13.36,MORTGAGE,major_purchase,0,7,22.9,0
70500.0,687,4.0,8300.0,36,16.21,MORTGAGE,debt_consolidation,0,11,21.1,0
43500.0,609,10.0,18200.0,36,16.78,MORTGAGE,credit_card,0,7,45.0,0
34600.0,697,15.0,11800.0,36,15.14,RENT,credit_card,0,10,42.0,0
37400.0,669,7.0,25000.0,36,17.05,MORTGAGE,major_purchase,1,12,65.0,1
49100.0,557,10.0,8300.0,60,18.66,OWN,home_improvement,0,5,24.7,0
30400.0,610,0.0,14000.0,36,17.03,RENT,credit_card,0,5,51.7,1
39100.0,732,5.0,9600.0,36,10.88,MORTGAGE,debt_consolidation,0,7,31.3,0
38900.0,806,10.0,21800.0,60,18.03,RENT,other,0,5,61.6,0
127500.0,704,5.0,9900.0,60,15.74,MORTGAGE,debt_consolidation,0,6,12.6,0
15000.0,752,7.0,16800.0,36,15.56,MORTGAGE,debt_consolidation,1,5,65.0,1
45200.0,670,15.0,6400.0,36,18.41,OWN,debt_consolidation,3,18,30.1,1
106600.0,674,2.0,8900.0,60,18.65,MORTGAGE,debt_consolidation,2,10,24.0,0
51800.0,751,1.0,10500.0,36,11.96,MORTGAGE,debt_consolidation,0,9,24.5,0
68800.0,788,7.0,20600.0,36,9.55,RENT,small_business,0,6,30.5,0
51300.0,765,10.0,3600.0,36,11.13,MORTGAGE,home_improvement,0,12,17.2,0
36300.0,611,15.0,9300.0,36,16.79,MORTGAGE,debt_consolidation,1,8,27.0,0
17900.0,676,7.0,9100.0,60,17.87,MORTGAGE,other,0,10,59.2,0
53800.0,698,10.0,3900.0,36,10.96,MORTGAGE,home_improvement,0,10,16.7,0
34600.0,663,7.0,8700.0,36,12.53,OWN,small_business,0,4,30.4,0
34200.0,705,1.0,5100.0,36,17.16,RENT,credit_card,0,10,37.4,0
39200.0,733,10.0,3400.0,36,12.11,RENT,credit_card,0,9,20.3,0
107500.0,745,1.0,9600.0,60,13.21,OWN,debt_consolidation,0,8,19.6,0
144700.0,790,2.0,9400.0,36,7.64,MORTGAGE,major_purchase,0,11,10.7,0
54100.0,659,4.0,9700.0,36,12.5,MORTGAGE,other,0,11,25.9,0
39800.0,591,3.0,12400.0,36,20.43,RENT,debt_consolidation,0,13,48.6,1
28900.0,703,3.0,7000.0,36,16.96,RENT,major_purchase,0,10,43.0,0
60500.0,802,1.0,26800.0,36,13.44,RENT,credit_card,1,7,51.8,0
109300.0,649,3.0,10800.0,60,15.72,RENT,debt_consolidation,1,7,13.1,0
43900.0,725,0.0,20800.0,36,18.16,MORTGAGE,other,1,8,58.4,0
16800.0,725,5.0,4700.0,36,14.1,MORTGAGE,debt_consolidation,0,10,42.4,0
66300.0,692,10.0,7200.0,36,10.52,OWN,debt_consolidation,0,10,22.8,0
76400.0,680,15.0,15400.0,36,17.51,RENT,medical,0,6,25.1,0
24000.0,620,10.0,9800.0,36,16.56,RENT,credit_card,0,10,43.1,0
53100.0,532,4.0,6400.0,36,19.41,MORTGAGE,home_improvement,0,5,26.0,0
60100.0,608,10.0,4400.0,36,14.02,RENT,small_business,0,9,14.5,0
47400.0,655,3.0,15800.0,60,20.04,MORTGAGE,debt_consolidation,0,5,45.4,0
34300.0,751,0.0,15200.0,60,18.44,MORTGAGE,debt_consolidation,0,8,53.7,0
77400.0,673,7.0,12400.0,36,13.91,OWN,other,0,10,26.5,0
40900.0,646,7.0,8500.0,36,16.14,RENT,debt_consolidation,2,13,45.7,1
25100.0,622,10.0,6300.0,36,17.06,RENT,credit_card,0,8,45.8,0
19500.0,723,7.0,10700.0,60,18.41,RENT,debt_consolidation,0,12,64.1,1
86500.0,768,1.0,5700.0,60,12.69,RENT,medical,0,15,23.4,0
64700.0,749,15.0,7500.0,36,9.89,MORTGAGE,other,0,4,20.6,0
51000.0,719,7.0,20600.0,60,19.16,OWN,debt_consolidation,0,11,56.3,0
40200.0,584,10.0,4300.0,36,15.24,RENT,home_improvement,0,14,8.1,0
38600.0,657,10.0,15300.0,36,16.35,RENT,major_purchase,0,13,53.6,1
30200.0,807,3.0,23100.0,36,12.42,RENT,major_purchase,0,8,65.0,0
40400.0,753,0.0,16500.0,60,13.28,MORTGAGE,credit_card,0,7,43.9,0
18900.0,580,1.0,13300.0,36,19.91,MORTGAGE,debt_consolidation,0,6,65.0,1
35200.0,676,1.0,8700.0,60,18.55,MORTGAGE,credit_card,2,14,35.2,0
42600.0,704,2.0,7900.0,36,11.9,MORTGAGE,small_business,0,11,30.4,0
64500.0,630,4.0,3600.0,36,16.51,MORTGAGE,other,2,14,20.9,0
48100.0,530,15.0,11100.0,36,19.65,MORTGAGE,credit_card,0,11,40.5,1
70100.0,686,15.0,8900.0,36,12.08,MORTGAGE,debt_consolidation,0,12,7.7,0
90000.0,629,7.0,7700.0,36,15.49,RENT,debt_consolidation,0,16,16.5,0
78900.0,629,0.0,10800.0,60,17.8,RENT,other,1,10,25.1,1
60600.0,657,3.0,11300.0,36,12.33,RENT,credit_card,0,7,22.8,0
49300.0,671,7.0,8000.0,36,20.27,RENT,small_business,3,10,34.3,0
31500.0,679,1.0,24500.0,36,19.19,RENT,home_improvement,0,14,65.0,1
68400.0,623,10.0,15800.0,60,19.82,RENT,medical,0,9,43.4,0
104400.0,666,15.0,17100.0,36,11.81,RENT,debt_consolidation,0,7,25.9,0
57200.0,566,3.0,10400.0,60,18.23,MORTGAGE,credit_card,0,4,24.1,0
116200.0,700,7.0,14100.0,60,13.54,MORTGAGE,other,0,8,25.6,0
24700.0,494,1.0,7000.0,36,19.6,RENT,home_improvement,0,5,37.0,0
29200.0,661,7.0,15300.0,36,17.99,MORTGAGE,debt_consolidation,0,6,65.0,1
72000.0,740,0.0,9900.0,36,10.68,MORTGAGE,debt_consolidation,0,8,19.3,0
55200.0,611,1.0,6600.0,36,18.04,RENT,debt_consolidation,1,9,15.9,0
88500.0,727,7.0,10800.0,36,14.26,OWN,other,2,12,21.1,0
48700.0,755,7.0,9500.0,36,12.55,RENT,debt_consolidation,0,7,27.7,0
33200.0,465,7.0,34900.0,60,25.03,MORTGAGE,medical,0,5,65.0,1
44500.0,670,5.0,13600.0,60,16.71,OWN,debt_consolidation,0,6,29.9,0
24600.0,493,7.0,24100.0,36,22.2,MORTGAGE,debt_consolidation,0,13,65.0,1
29500.0,672,10.0,19300.0,36,16.79,MORTGAGE,medical,0,10,65.0,1
75900.0,680,20.0,11100.0,36,12.05,OWN,medical,0,13,21.1,0
72600.0,519,15.0,8800.0,60,19.11,RENT,debt_consolidation,0,15,9.8,1
57700.0,805,10.0,4600.0,36,8.76,RENT,debt_consolidation,1,12,6.2,0
22600.0,699,7.0,7100.0,36,14.2,MORTGAGE,credit_card,1,8,45.8,0
41700.0,625,5.0,15200.0,36,15.69,OWN,debt_consolidation,0,8,31.5,0
28200.0,775,1.0,9400.0,36,15.43,MORTGAGE,other,2,15,52.3,0
83200.0,563,1.0,13200.0,36,16.35,OWN,credit_card,0,6,39.4,0
37700.0,600,10.0,4000.0,36,19.05,RENT,credit_card,1,13,23.5,0
30100.0,531,10.0,13700.0,36,21.91,MORTGAGE,debt_consolidation,0,10,55.6,1
49700.0,797,7.0,18900.0,36,11.97,OWN,debt_consolidation,1,6,45.2,0
36800.0,702,4.0,4500.0,60,13.07,MORTGAGE,credit_card,0,15,18.3,0
95600.0,723,0.0,13200.0,36,11.88,OWN,debt_consolidation,0,1,22.9,0
35200.0,700,3.0,21400.0,36,18.45,RENT,home_improvement,0,8,65.0,1
26100.0,717,4.0,25300.0,60,17.66,OWN,major_purchase,0,12,65.0,1
18600.0,685,5.0,8500.0,60,19.92,OWN,debt_consolidation,0,8,56.2,1
48300.0,698,15.0,16200.0,36,14.99,RENT,home_improvement,0,9,33.7,0
38100.0,687,1.0,22400.0,36,16.28,MORTGAGE,major_purchase,0,6,65.0,1
25800.0,640,5.0,13400.0,60,21.02,MORTGAGE,credit_card,0,5,60.1,0
83700.0,677,3.0,20800.0,36,12.0,RENT,other,0,17,27.1,0
66200.0,698,20.0,10700.0,60,13.21,RENT,debt_consolidation,0,18,16.7,0
48400.0,687,15.0,13300.0,36,11.99,RENT,debt_consolidation,0,12,28.2,0
90600.0,584,4.0,8000.0,60,19.5,MORTGAGE,debt_consolidation,0,9,16.7,0
66000.0,593,20.0,10100.0,36,19.49,MORTGAGE,other,2,13,26.1,0
33900.0,750,5.0,13600.0,36,16.19,OWN,debt_consolidation,1,11,,0
30700.0,660,1.0,7700.0,60,12.2,RENT,credit_card,0,12,24.2,0
70800.0,718,5.0,9800.0,36,11.26,MORTGAGE,medical,0,13,23.1,0
58600.0,609,2.0,16000.0,36,17.35,RENT,other,0,10,43.1,0
52900.0,584,7.0,30500.0,36,19.41,MORTGAGE,other,1,6,65.0,1
33500.0,625,15.0,3900.0,36,14.85,OWN,credit_card,0,8,23.8,0
64400.0,666,10.0,29400.0,36,13.77,RENT,home_improvement,0,12,59.6,1
34900.0,637,2.0,9600.0,36,19.68,RENT,debt_consolidation,0,7,35.7,0
46800.0,764,3.0,17700.0,36,16.58,MORTGAGE,home_improvement,1,4,45.0,0
94000.0,692,0.0,19500.0,36,13.37,RENT,debt_consolidation,2,9,24.1,1
36400.0,800,3.0,23900.0,60,12.83,RENT,small_business,0,8,65.0,0
24200.0,706,1.0,7600.0,36,15.37,RENT,debt_consolidation,1,10,45.1,0
30500.0,523,5.0,9800.0,36,18.18,RENT,medical,0,7,43.0,1
76700.0,749,7.0,10600.0,60,12.0,MORTGAGE,debt_consolidation,0,8,21.6,0
55000.0,582,10.0,9100.0,60,19.4,OWN,home_improvement,0,8,24.6,0
46300.0,695,0.0,21100.0,36,11.86,MORTGAGE,credit_card,0,10,43.7,0
39000.0,630,3.0,10500.0,36,12.95,RENT,debt_consolidation,0,9,38.4,0
61000.0,819,3.0,4900.0,36,7.37,RENT,debt_consolidation,0,8,6.2,0
33500.0,774,1.0,8000.0,36,13.95,OWN,debt_consolidation,0,4,36.6,0
56200.0,632,3.0,5000.0,60,14.9,OWN,other,0,6,10.9,0
35300.0,672,3.0,9800.0,36,18.07,RENT,other,1,9,33.5,0
32700.0,696,7.0,15300.0,60,13.53,OWN,debt_consolidation,0,11,46.0,0
36800.0,736,15.0,7900.0,36,12.35,OWN,credit_card,1,12,24.1,0
41400.0,682,4.0,8900.0,36,12.1,RENT,credit_card,0,4,27.9,0
48000.0,613,10.0,9500.0,36,15.83,MORTGAGE,credit_card,0,14,34.0,0
54500.0,633,1.0,11700.0,36,12.1,MORTGAGE,debt_consolidation,0,11,21.5,0
15000.0,680,15.0,14200.0,36,14.71,RENT,other,0,7,65.0,0
34100.0,760,1.0,16400.0,36,10.97,RENT,other,0,9,43.6,0
41100.0,708,2.0,33800.0,36,16.34,RENT,debt_consolidation,0,11,65.0,0
96500.0,630,1.0,11600.0,36,15.47,OWN,home_improvement,0,8,19.9,0
30200.0,722,3.0,15800.0,36,15.23,MORTGAGE,debt_consolidation,0,5,62.8,0
52700.0,655,5.0,4900.0,36,13.59,RENT,home_improvement,0,10,14.1,0
96100.0,738,20.0,9000.0,36,10.08,MORTGAGE,medical,0,9,10.7,0
27200.0,844,10.0,9600.0,36,10.46,RENT,home_improvement,0,9,38.4,0
58500.0,657,4.0,6600.0,60,16.62,MORTGAGE,credit_card,0,11,15.0,0
34200.0,732,5.0,8400.0,60,12.2,MORTGAGE,other,0,6,40.2,0
39100.0,632,7.0,10400.0,60,16.88,MORTGAGE,small_business,0,12,26.7,0
34200.0,673,10.0,8500.0,60,19.1,RENT,debt_consolidation,3,6,37.9,1
35300.0,682,10.0,40000.0,36,15.05,RENT,credit_card,0,6,65.0,1
166900.0,667,5.0,14100.0,36,14.78,MORTGAGE,small_business,1,10,22.5,0
71700.0,840,7.0,29700.0,36,11.72,MORTGAGE,debt_consolidation,0,9,52.7,0
80500.0,660,10.0,23100.0,36,17.82,MORTGAGE,debt_consolidation,2,9,30.2,0
61200.0,718,1.0,7900.0,36,16.15,MORTGAGE,medical,1,15,21.2,0
23800.0,555,2.0,11100.0,36,22.47,MORTGAGE,debt_consolidation,0,12,53.3,1
58600.0,708,7.0,8800.0,36,13.26,MORTGAGE,home_improvement,0,7,14.0,0
79400.0,754,15.0,10100.0,36,13.68,OWN,debt_consolidation,0,10,24.3,0
33400.0,646,4.0,6700.0,36,13.11,RENT,major_purchase,0,8,33.7,0
75700.0,517,20.0,8800.0,60,20.92,OWN,medical,0,7,38.8,1
67300.0,677,2.0,13100.0,36,16.14,RENT,other,0,6,24.6,0
112800.0,681,,12900.0,60,14.17,MORTGAGE,debt_consolidation,0,13,28.5,0
40600.0,727,3.0,12400.0,36,13.48,MORTGAGE,credit_card,0,8,41.0,0
29900.0,811,15.0,10600.0,36,10.48,RENT,home_improvement,0,10,43.8,0
41700.0,655,3.0,16800.0,36,16.15,OWN,other,0,14,42.1,1
93500.0,624,5.0,9600.0,36,14.69,RENT,debt_consolidation,0,10,19.3,0
21500.0,604,2.0,21900.0,60,21.94,MORTGAGE,debt_consolidation,0,8,65.0,1
19300.0,693,5.0,4300.0,36,11.82,MORTGAGE,debt_consolidation,0,13,32.6,0
51000.0,711,15.0,15200.0,36,11.03,RENT,credit_card,0,6,41.4,0
40200.0,645,3.0,14000.0,36,17.27,OWN,small_business,0,8,53.2,0
49200.0,731,10.0,7800.0,60,14.27,MORTGAGE,small_business,0,16,24.1,0
75000.0,710,15.0,9200.0,60,13.18,OWN,debt_consolidation,0,12,18.8,0
38200.0,683,0.0,13800.0,60,16.14,MORTGAGE,major_purchase,1,13,47.4,0
21100.0,621,10.0,17300.0,36,18.67,MORTGAGE,home_improvement,2,5,65.0,1
123000.0,649,2.0,4600.0,36,14.68,RENT,credit_card,1,12,4.2,0
31300.0,522,1.0,15000.0,36,20.78,MORTGAGE,home_improvement,0,10,58.2,1
30400.0,695,7.0,8700.0,36,11.87,RENT,major_purchase,0,12,40.3,0
80600.0,682,7.0,19200.0,36,10.98,MORTGAGE,debt_consolidation,0,11,24.8,0
41200.0,692,4.0,4400.0,36,17.08,RENT,other,2,14,19.7,0
47600.0,713,0.0,37100.0,36,17.68,RENT,debt_consolidation,0,10,65.0,0
60900.0,705,,7000.0,36,13.38,RENT,other,1,9,28.5,1
79800.0,673,10.0,22400.0,36,13.54,OWN,small_business,0,9,37.6,0
42200.0,683,2.0,10600.0,36,18.38,MORTGAGE,home_improvement,3,10,35.2,0
97100.0,589,5.0,7300.0,36,15.33,MORTGAGE,debt_consolidation,0,9,16.3,1
18700.0,642,0.0,12500.0,36,15.13,MORTGAGE,other,0,11,65.0,0
69000.0,683,3.0,18300.0,36,11.69,MORTGAGE,debt_consolidation,0,5,42.7,0
33600.0,632,5.0,5000.0,36,13.25,RENT,small_business,0,9,21.7,0
90900.0,736,5.0,15500.0,36,10.88,MORTGAGE,medical,0,3,22.7,0
52300.0,637,2.0,10900.0,36,16.81,OWN,debt_consolidation,1,8,38.5,0
36200.0,694,10.0,14600.0,60,18.29,RENT,other,1,7,53.9,1
66100.0,688,3.0,11000.0,36,16.78,MORTGAGE,home_improvement,0,11,22.1,0
73300.0,729,5.0,8200.0,36,10.96,MORTGAGE,home_improvement,0,14,23.5,0
65400.0,739,2.0,6300.0,36,10.66,RENT,other,0,6,24.0,0
30800.0,725,4.0,15300.0,60,19.42,OWN,credit_card,3,12,59.1,1
39400.0,543,2.0,15300.0,36,18.7,RENT,credit_card,0,10,45.8,1
48900.0,758,7.0,15200.0,60,12.09,RENT,home_improvement,0,14,35.0,0
48100.0,779,4.0,13500.0,60,15.11,OWN,credit_card,0,10,40.0,0
68700.0,649,0.0,17500.0,36,14.52,MORTGAGE,debt_consolidation,0,4,29.3,0
19800.0,695,0.0,22100.0,36,17.27,RENT,debt_consolidation,0,5,65.0,0
57000.0,622,5.0,4300.0,36,13.64,RENT,debt_consolidation,0,11,,0
43000.0,553,2.0,3400.0,36,19.24,OWN,debt_consolidation,1,11,25.1,1
33600.0,632,5.0,25800.0,36,19.71,RENT,small_business,0,5,65.0,1
35100.0,645,4.0,5600.0,60,16.0,MORTGAGE,debt_consolidation,0,6,21.2,0
44500.0,657,7.0,6400.0,36,17.41,RENT,debt_consolidation,3,9,40.8,0
15000.0,618,20.0,9500.0,36,18.01,OWN,credit_card,0,7,65.0,1
35800.0,632,5.0,4800.0,36,15.75,MORTGAGE,other,0,1,28.4,0
33100.0,679,10.0,9000.0,36,17.93,MORTGAGE,debt_consolidation,0,4,39.5,1
62300.0,630,10.0,6800.0,36,15.99,MORTGAGE,major_purchase,1,9,30.8,0
34100.0,715,15.0,9700.0,60,14.36,OWN,credit_card,0,9,36.5,0
44500.0,724,2.0,12600.0,36,10.56,OWN,debt_consolidation,0,9,42.9,0
98100.0,835,10.0,9200.0,36,12.11,MORTGAGE,debt_consolidation,0,11,21.1,0
76700.0,753,15.0,9000.0,36,13.84,MORTGAGE,credit_card,2,7,23.8,0
73600.0,696,4.0,12400.0,60,12.56,RENT,debt_consolidation,0,8,24.3,0
39100.0,640,3.0,18400.0,60,15.41,RENT,home_improvement,0,12,53.0,0
62600.0,699,20.0,24400.0,36,13.88,MORTGAGE,credit_card,0,10,,0
44100.0,701,7.0,9800.0,36,13.19,MORTGAGE,small_business,0,5,31.4,0
44900.0,647,4.0,27200.0,36,17.95,OWN,debt_consolidation,0,12,65.0,1
58900.0,731,10.0,17000.0,60,15.31,RENT,home_improvement,0,10,41.9,0
37500.0,589,3.0,5900.0,36,17.93,MORTGAGE,debt_consolidation,1,10,28.0,0
96000.0,664,1.0,5800.0,36,11.65,MORTGAGE,small_business,0,8,14.1,0
45600.0,716,5.0,8200.0,36,13.24,MORTGAGE,debt_consolidation,0,8,25.0,0
64700.0,661,5.0,22500.0,36,15.84,RENT,home_improvement,0,7,48.1,0
94400.0,667,10.0,8500.0,36,11.02,MORTGAGE,medical,0,14,24.6,0
78000.0,671,4.0,4200.0,36,13.54,RENT,credit_card,1,11,19.1,0
26000.0,626,10.0,9800.0,36,17.78,MORTGAGE,debt_consolidation,0,9,46.3,0
59900.0,756,3.0,4100.0,36,10.37,MORTGAGE,medical,0,12,2.0,0
71900.0,614,5.0,6500.0,36,16.19,MORTGAGE,credit_card,0,13,25.5,0
73200.0,701,2.0,8200.0,36,14.38,MORTGAGE,small_business,0,7,12.9,0
29700.0,707,4.0,11800.0,60,17.4,OWN,debt_consolidation,0,8,43.4,0
36500.0,618,15.0,18300.0,36,17.48,RENT,debt_consolidation,0,6,65.0,1
76700.0,685,2.0,15500.0,36,12.43,MORTGAGE,home_improvement,0,12,28.4,0
34800.0,621,10.0,6100.0,60,16.85,RENT,debt_consolidation,0,9,32.3,0
42800.0,770,,9100.0,60,14.47,MORTGAGE,medical,1,4,29.7,0
99600.0,606,0.0,11400.0,36,11.12,MORTGAGE,credit_card,0,9,9.6,0
48000.0,637,1.0,9600.0,36,11.03,MORTGAGE,debt_consolidation,0,20,27.9,0
35300.0,600,,9600.0,60,17.33,MORTGAGE,debt_consolidation,0,13,39.0,0
33000.0,592,2.0,4600.0,36,13.12,MORTGAGE,major_purchase,0,11,22.9,0
56900.0,783,7.0,6100.0,60,10.57,RENT,medical,0,8,18.9,0
26900.0,715,7.0,8900.0,60,15.02,OWN,credit_card,0,10,33.5,0
43900.0,689,3.0,2300.0,36,8.82,MORTGAGE,debt_consolidation,0,8,12.2,0
57000.0,637,5.0,15100.0,36,14.52,MORTGAGE,credit_card,0,9,35.7,0
88000.0,739,4.0,5500.0,36,12.06,MORTGAGE,major_purchase,0,8,24.5,0
66200.0,626,20.0,15400.0,60,17.78,OWN,debt_consolidation,0,11,37.4,0
35500.0,732,3.0,14800.0,60,16.6,RENT,credit_card,0,9,48.3,0
83300.0,623,2.0,8300.0,36,16.15,RENT,credit_card,0,3,16.5,0
42800.0,638,3.0,18000.0,36,15.06,RENT,medical,0,2,47.7,1
28100.0,729,7.0,15900.0,36,14.66,MORTGAGE,home_improvement,0,12,60.2,0
45400.0,736,7.0,9400.0,60,15.67,RENT,debt_consolidation,3,12,47.3,1
93600.0,719,15.0,8900.0,60,12.8,MORTGAGE,debt_consolidation,0,5,18.0,0
52800.0,612,15.0,18900.0,36,17.18,RENT,debt_consolidation,0,11,49.3,0
49300.0,651,3.0,12300.0,36,13.7,MORTGAGE,other,0,10,27.9,0
102400.0,690,4.0,18400.0,36,17.36,MORTGAGE,major_purchase,0,9,34.9,0
25700.0,625,10.0,3300.0,60,18.11,RENT,major_purchase,0,13,13.9,0
27500.0,769,15.0,11500.0,36,15.01,RENT,credit_card,0,9,55.5,0
23700.0,524,3.0,5000.0,60,18.72,MORTGAGE,home_improvement,1,9,30.8,1
58000.0,629,4.0,10800.0,36,15.17,MORTGAGE,debt_consolidation,0,8,33.8,0
52800.0,647,15.0,15600.0,36,15.31,MORTGAGE,home_improvement,0,10,31.8,0
98100.0,495,3.0,26100.0,36,20.42,RENT,major_purchase,0,7,42.0,1
54700.0,589,5.0,6800.0,60,17.16,OWN,debt_consolidation,0,11,22.7,0
40900.0,721,15.0,8400.0,36,12.43,MORTGAGE,debt_consolidation,0,7,20.0,0
49100.0,682,10.0,10400.0,36,15.66,RENT,debt_consolidation,0,8,35.3,0
51700.0,782,2.0,6700.0,36,8.48,MORTGAGE,debt_consolidation,0,9,18.3,0
23100.0,780,3.0,17800.0,60,14.27,MORTGAGE,major_purchase,0,9,65.0,0
166000.0,708,3.0,10600.0,36,12.28,RENT,debt_consolidation,0,7,14.3,0
61900.0,700,15.0,11600.0,36,12.29,OWN,small_business,0,10,31.2,0
53900.0,684,20.0,14900.0,36,13.61,MORTGAGE,major_purchase,1,12,29.8,0
64700.0,507,10.0,10600.0,60,23.31,RENT,major_purchase,0,11,22.2,0
67500.0,589,5.0,7300.0,60,18.83,OWN,medical,1,10,23.7,0
46000.0,687,0.0,10600.0,36,18.16,RENT,home_improvement,2,10,37.0,1
36900.0,720,7.0,7100.0,60,15.32,MORTGAGE,debt_consolidation,1,7,26.2,0
64200.0,699,4.0,11500.0,36,12.75,MORTGAGE,debt_consolidation,0,3,20.4,1
58300.0,622,7.0,18000.0,36,16.56,MORTGAGE,credit_card,1,9,51.1,1
34000.0,741,7.0,6100.0,60,13.31,MORTGAGE,debt_consolidation,0,8,26.8,0
92800.0,776,5.0,5100.0,36,13.14,RENT,other,0,8,6.2,0
55900.0,741,20.0,11200.0,60,14.39,MORTGAGE,credit_card,0,9,29.1,0
68100.0,744,0.0,7500.0,36,13.27,MORTGAGE,medical,0,12,21.5,0
91700.0,644,7.0,11100.0,36,16.32,MORTGAGE,small_business,0,4,24.3,0
49500.0,750,4.0,12800.0,36,12.58,MORTGAGE,medical,0,5,31.9,0
56500.0,689,7.0,3700.0,36,14.11,MORTGAGE,medical,3,7,22.8,0
70600.0,713,7.0,15400.0,36,16.91,MORTGAGE,debt_consolidation,1,9,40.6,0
35400.0,704,0.0,6100.0,36,14.04,MORTGAGE,small_business,0,7,33.7,0
50200.0,672,3.0,10800.0,36,13.43,RENT,debt_consolidation,0,8,35.8,0
51900.0,624,2.0,7900.0,60,15.16,RENT,other,0,7,15.0,0
31900.0,675,1.0,8300.0,36,15.76,MORTGAGE,major_purchase,0,12,27.9,0
139100.0,744,10.0,25500.0,60,14.41,RENT,debt_consolidation,0,10,24.0,0
26000.0,651,2.0,12800.0,36,19.68,RENT,other,2,10,61.4,0
27300.0,738,5.0,17200.0,36,17.28,RENT,debt_consolidation,1,14,65.0,1
88600.0,728,2.0,11800.0,36,14.01,RENT,credit_card,1,8,30.4,0
67600.0,661,5.0,14900.0,36,17.89,RENT,home_improvement,0,5,39.3,0
30900.0,770,10.0,13500.0,60,14.17,RENT,other,0,7,49.8,0
64400.0,657,3.0,12400.0,60,15.5,RENT,other,0,6,20.1,0
94900.0,778,7.0,19000.0,36,8.71,RENT,credit_card,0,12,25.4,0
48400.0,708,10.0,11800.0,36,14.7,RENT,debt_consolidation,1,9,38.2,0
157900.0,679,1.0,34300.0,36,17.03,RENT,debt_consolidation,1,13,53.3,0
22600.0,622,7.0,17700.0,60,21.42,MORTGAGE,credit_card,0,7,65.0,1
67000.0,674,3.0,6200.0,60,13.32,RENT,debt_consolidation,1,16,21.8,0
82900.0,667,1.0,10000.0,36,13.45,MORTGAGE,home_improvement,0,7,25.6,0
73200.0,598,5.0,13300.0,36,12.69,RENT,credit_card,0,12,21.0,0
44700.0,666,2.0,11200.0,36,15.54,RENT,major_purchase,0,4,32.3,0
43000.0,628,10.0,15400.0,60,15.53,MORTGAGE,debt_consolidation,0,8,37.4,0
59900.0,718,0.0,16300.0,60,15.34,MORTGAGE,credit_card,0,13,35.9,0
70800.0,765,1.0,5500.0,60,15.12,RENT,debt_consolidation,0,11,19.1,0
64300.0,600,5.0,20800.0,36,17.4,RENT,credit_card,0,11,35.4,1
78300.0,791,5.0,8500.0,36,11.76,RENT,credit_card,0,8,16.3,0
31000.0,672,10.0,8100.0,36,17.52,MORTGAGE,credit_card,0,9,44.9,0
44200.0,617,2.0,8100.0,36,17.07,RENT,debt_consolidation,1,12,29.0,0
32100.0,729,10.0,16400.0,36,14.33,RENT,small_business,1,12,57.6,0
41200.0,651,20.0,9600.0,60,19.0,MORTGAGE,credit_card,0,8,28.8,0
77400.0,675,,7800.0,36,14.43,RENT,debt_consolidation,0,6,19.0,0
51500.0,654,10.0,8800.0,36,15.16,RENT,credit_card,0,7,23.5,0
158400.0,627,5.0,4500.0,60,15.66,RENT,home_improvement,0,12,14.7,0
53500.0,727,0.0,7200.0,60,14.31,RENT,debt_consolidation,0,12,24.1,0
50400.0,661,3.0,5900.0,36,9.45,RENT,debt_consolidation,0,9,17.3,0
51400.0,587,1.0,9600.0,60,22.59,OWN,debt_consolidation,1,10,36.1,0
36800.0,716,20.0,15200.0,60,17.27,OWN,debt_consolidation,0,12,47.8,0
47800.0,602,2.0,14400.0,36,17.2,RENT,debt_consolidation,0,16,42.5,0
81400.0,605,7.0,20500.0,36,14.97,MORTGAGE,debt_consolidation,0,14,23.1,0
51600.0,758,3.0,18300.0,60,13.52,MORTGAGE,debt_consolidation,0,6,43.2,0
34300.0,602,7.0,8400.0,60,23.63,MORTGAGE,medical,3,8,42.5,0
32300.0,529,2.0,11000.0,36,19.76,MORTGAGE,debt_consolidation,0,15,50.4,0
40000.0,720,10.0,10800.0,36,10.07,MORTGAGE,debt_consolidation,0,7,35.0,0
50700.0,660,1.0,3700.0,60,16.79,RENT,debt_consolidation,2,13,28.6,0
83900.0,666,15.0,6000.0,60,14.28,RENT,other,0,4,18.6,0
26800.0,660,10.0,10100.0,36,17.45,OWN,credit_card,1,7,42.2,0
42400.0,695,7.0,10000.0,36,13.09,RENT,home_improvement,0,5,20.9,0
52300.0,631,0.0,14100.0,60,17.59,OWN,small_business,0,11,46.8,1
21500.0,776,2.0,13800.0,36,10.48,MORTGAGE,debt_consolidation,0,12,65.0,0
33700.0,584,15.0,4500.0,36,16.01,RENT,other,0,10,25.7,0
36100.0,709,1.0,14200.0,36,13.47,RENT,debt_consolidation,0,15,45.5,0
34300.0,722,1.0,12000.0,36,11.49,RENT,credit_card,0,14,41.3,0
53400.0,631,5.0,14900.0,36,15.92,MORTGAGE,debt_consolidation,0,4,36.7,0
45600.0,613,2.0,18600.0,36,17.5,MORTGAGE,major_purchase,0,6,45.5,0
38200.0,746,2.0,10200.0,36,13.19,MORTGAGE,debt_consolidation,0,6,22.6,0
59400.0,616,5.0,20400.0,60,18.11,MORTGAGE,credit_card,1,10,53.4,1
106400.0,641,3.0,7000.0,36,12.71,RENT,debt_consolidation,0,9,21.5,0
102500.0,738,1.0,6800.0,36,12.03,MORTGAGE,credit_card,0,10,2.2,0
20600.0,682,5.0,13600.0,36,16.67,OWN,debt_consolidation,0,11,65.0,0
63600.0,563,4.0,9100.0,36,17.82,OWN,other,0,15,32.2,0
45200.0,794,10.0,12500.0,36,13.86,MORTGAGE,debt_consolidation,0,8,41.0,0
52600.0,646,1.0,29600.0,60,18.11,RENT,home_improvement,0,12,65.0,1
41000.0,654,7.0,13300.0,36,12.6,RENT,small_business,0,10,30.9,1
51700.0,697,4.0,12200.0,36,13.26,RENT,medical,0,13,27.0,0
52500.0,721,4.0,7100.0,60,13.83,MORTGAGE,medical,0,10,,0
37800.0,807,2.0,4700.0,36,12.64,MORTGAGE,other,1,10,31.0,0
32700.0,572,0.0,10500.0,36,20.82,MORTGAGE,debt_consolidation,1,8,45.8,1
40100.0,734,10.0,18600.0,60,17.14,MORTGAGE,debt_consolidation,0,10,58.0,0
54500.0,728,3.0,9300.0,60,17.31,RENT,credit_card,0,15,40.1,0
64200.0,671,7.0,13400.0,60,19.16,OWN,credit_card,0,10,35.7,0
72000.0,731,20.0,22300.0,36,15.28,RENT,credit_card,1,5,52.0,0
39200.0,741,5.0,22000.0,60,15.81,RENT,small_business,0,9,65.0,0
55700.0,590,4.0,13600.0,60,19.83,MORTGAGE,debt_consolidation,0,12,,0
75600.0,794,2.0,11900.0,36,12.28,OWN,debt_consolidation,1,8,27.2,0
82800.0,579,15.0,5100.0,36,15.57,MORTGAGE,small_business,0,14,15.9,0
47700.0,606,7.0,8000.0,36,20.13,MORTGAGE,medical,0,7,,0
44400.0,663,7.0,9500.0,36,15.86,OWN,major_purchase,0,12,28.8,0
53400.0,805,4.0,7100.0,36,11.2,MORTGAGE,debt_consolidation,2,13,24.7,0
29200.0,660,10.0,12400.0,36,17.94,MORTGAGE,other,0,8,52.2,0
44900.0,678,7.0,28400.0,36,16.02,RENT,credit_card,0,6,65.0,0
68500.0,773,3.0,23400.0,36,14.32,RENT,small_business,0,13,42.3,0
65400.0,660,7.0,12400.0,36,14.41,MORTGAGE,debt_consolidation,0,7,21.8,0
43400.0,603,4.0,16200.0,36,16.29,MORTGAGE,credit_card,0,7,48.8,1
54100.0,653,0.0,7600.0,36,10.63,RENT,debt_consolidation,0,8,29.7,0
33800.0,769,10.0,22700.0,60,17.54,RENT,other,0,9,65.0,0
67300.0,685,1.0,5000.0,36,13.24,OWN,credit_card,0,10,7.5,0
47300.0,805,5.0,17300.0,36,10.76,MORTGAGE,small_business,0,10,47.2,0
43300.0,728,3.0,14000.0,36,13.74,OWN,home_improvement,0,11,36.5,0
41700.0,638,3.0,7500.0,60,15.48,OWN,debt_consolidation,0,7,14.2,0
47700.0,683,5.0,9900.0,36,14.05,MORTGAGE,credit_card,0,4,38.5,0
40100.0,625,20.0,6200.0,60,18.12,RENT,credit_card,1,8,18.4,0
65900.0,637,4.0,6300.0,36,18.22,RENT,small_business,0,9,28.2,0
41000.0,850,2.0,4900.0,36,11.29,RENT,debt_consolidation,0,7,10.2,0
100400.0,746,7.0,16100.0,36,11.99,MORTGAGE,medical,0,10,20.9,0
94800.0,736,2.0,20000.0,36,12.55,RENT,home_improvement,0,7,37.3,0
32800.0,639,1.0,3700.0,36,13.71,MORTGAGE,debt_consolidation,1,9,13.6,0
50600.0,782,0.0,27400.0,60,14.61,MORTGAGE,small_business,0,11,60.8,0
36600.0,751,0.0,10900.0,36,11.31,RENT,other,0,9,26.9,0
42300.0,802,4.0,12600.0,36,11.83,MORTGAGE,small_business,0,7,43.1,0
120700.0,799,4.0,5200.0,60,11.44,RENT,credit_card,0,12,11.6,0
42700.0,584,2.0,21200.0,36,18.74,RENT,home_improvement,0,16,55.6,0
57600.0,608,10.0,12100.0,36,15.6,RENT,debt_consolidation,0,10,29.2,0
62500.0,615,1.0,19300.0,36,15.18,RENT,home_improvement,0,10,36.6,0
31200.0,619,15.0,20100.0,36,16.87,MORTGAGE,credit_card,0,8,65.0,1
33400.0,701,5.0,21300.0,36,15.79,MORTGAGE,debt_consolidation,0,10,65.0,1
28500.0,643,0.0,7900.0,36,15.6,MORTGAGE,debt_consolidation,1,7,39.5,1
32900.0,815,20.0,9900.0,36,10.86,MORTGAGE,debt_consolidation,0,4,39.6,0
15000.0,804,3.0,8100.0,60,16.38,MORTGAGE,credit_card,1,16,59.4,0
62600.0,680,4.0,17100.0,60,16.4,MORTGAGE,debt_consolidation,0,9,37.0,0
123500.0,807,3.0,12900.0,36,10.04,MORTGAGE,major_purchase,0,11,16.5,0
52400.0,777,10.0,18700.0,36,12.07,MORTGAGE,small_business,0,14,39.7,0
25900.0,651,5.0,19100.0,36,19.28,MORTGAGE,small_business,2,7,65.0,1
36700.0,549,1.0,4600.0,36,16.93,MORTGAGE,credit_card,0,12,20.4,0
39900.0,666,1.0,21500.0,60,20.27,RENT,debt_consolidation,0,6,65.0,1
31000.0,638,10.0,17600.0,36,19.36,MORTGAGE,debt_consolidation,0,14,65.0,0
72200.0,693,2.0,9100.0,60,15.66,MORTGAGE,small_business,0,12,14.2,0
70600.0,686,1.0,13000.0,36,13.12,MORTGAGE,home_improvement,0,16,27.3,0
29100.0,684,5.0,10300.0,36,13.66,RENT,credit_card,0,14,33.4,0
67900.0,714,,14900.0,36,14.12,RENT,debt_consolidation,0,8,31.9,0
97400.0,601,2.0,9100.0,60,16.37,MORTGAGE,debt_consolidation,0,8,6.9,1
115400.0,707,2.0,13900.0,60,14.88,RENT,major_purchase,0,11,23.5,0
178000.0,651,10.0,11300.0,36,12.06,RENT,debt_consolidation,0,15,28.4,0
32700.0,693,1.0,8800.0,36,13.79,RENT,debt_consolidation,1,10,39.6,0
174700.0,742,7.0,12000.0,60,12.36,RENT,debt_consolidation,0,13,12.6,0
41800.0,600,20.0,40000.0,36,19.53,RENT,home_improvement,0,9,65.0,1
37500.0,662,10.0,7800.0,36,15.85,MORTGAGE,other,0,5,31.0,0
56800.0,672,0.0,9700.0,36,10.98,RENT,debt_consolidation,0,6,18.4,0
37700.0,647,3.0,7800.0,36,15.0,MORTGAGE,credit_card,0,10,25.1,0
58700.0,738,1.0,8300.0,36,12.93,MORTGAGE,home_improvement,0,8,18.6,0
27100.0,633,20.0,16400.0,36,18.3,MORTGAGE,major_purchase,0,8,64.3,0
44000.0,644,20.0,15600.0,36,17.25,RENT,small_business,0,4,54.0,0
87400.0,634,2.0,10900.0,36,14.67,RENT,major_purchase,0,8,17.8,0
47800.0,751,7.0,18300.0,36,14.02,OWN,credit_card,0,13,47.7,0
52200.0,648,10.0,16300.0,36,16.38,MORTGAGE,credit_card,1,13,44.7,0
60700.0,710,2.0,10100.0,60,15.17,MORTGAGE,home_improvement,0,12,,0
83000.0,808,2.0,5100.0,60,10.75,RENT,other,0,16,22.5,0
23300.0,675,0.0,16600.0,36,16.76,RENT,credit_card,0,7,65.0,1
63800.0,752,4.0,11900.0,36,12.44,RENT,home_improvement,0,10,27.6,0
43400.0,789,15.0,11100.0,36,10.0,RENT,debt_consolidation,0,12,36.2,0
52800.0,747,15.0,8700.0,36,12.05,RENT,home_improvement,0,13,26.3,0
79000.0,679,1.0,15900.0,60,19.84,RENT,home_improvement,3,13,31.3,0
28600.0,722,2.0,13000.0,36,16.5,RENT,small_business,0,8,57.8,0
31100.0,596,4.0,9700.0,36,14.25,MORTGAGE,home_improvement,0,7,41.5,0
20500.0,629,10.0,5900.0,36,13.87,MORTGAGE,debt_consolidation,0,12,29.1,0
38300.0,641,7.0,18700.0,36,17.16,RENT,home_improvement,0,11,52.6,0
89200.0,826,5.0,14800.0,36,16.69,OWN,debt_consolidation,3,11,33.3,0
46400.0,627,7.0,12400.0,60,17.89,MORTGAGE,debt_consolidation,0,7,27.2,0
26800.0,626,1.0,2900.0,60,14.74,RENT,major_purchase,0,10,17.7,0
39400.0,612,5.0,10700.0,36,17.77,RENT,debt_consolidation,2,8,23.2,1
25100.0,716,,9700.0,36,14.14,RENT,home_improvement,0,10,45.3,0
29500.0,689,1.0,8000.0,36,10.8,MORTGAGE,other,0,7,24.9,0
58400.0,751,5.0,15900.0,36,11.42,RENT,debt_consolidation,0,11,34.0,0
28900.0,724,3.0,15600.0,36,12.12,RENT,debt_consolidation,0,14,61.0,0
80900.0,590,5.0,13600.0,60,18.74,MORTGAGE,major_purchase,0,5,28.2,0
47500.0,628,5.0,18400.0,36,22.82,MORTGAGE,debt_consolidation,1,17,53.7,0
50900.0,769,5.0,6600.0,36,10.16,RENT,major_purchase,0,9,20.9,0
43200.0,667,15.0,8700.0,36,14.3,MORTGAGE,debt_consolidation,0,13,36.2,0
69400.0,757,4.0,11400.0,36,12.34,RENT,medical,1,5,28.5,0
69700.0,670,5.0,8000.0,36,13.16,MORTGAGE,debt_consolidation,1,8,21.7,0
57000.0,617,0.0,15700.0,36,17.96,RENT,other,0,11,39.5,0
63200.0,660,10.0,8400.0,60,17.63,MORTGAGE,medical,0,11,26.0,0
44600.0,617,2.0,20900.0,36,20.36,MORTGAGE,credit_card,3,9,63.8,1
62600.0,643,10.0,6900.0,36,14.45,RENT,major_purchase,0,9,15.8,0
42100.0,693,2.0,31800.0,36,17.39,RENT,debt_consolidation,0,9,65.0,1
49100.0,713,0.0,30200.0,36,16.61,RENT,debt_consolidation,0,14,61.8,0
43300.0,577,1.0,10400.0,36,19.02,RENT,credit_card,0,6,44.8,1
39900.0,679,20.0,19400.0,36,15.69,RENT,credit_card,0,6,44.7,0
36000.0,642,3.0,9000.0,36,14.89,RENT,medical,0,9,25.1,0
60500.0,638,1.0,18200.0,36,14.52,RENT,credit_card,0,4,29.5,0
88400.0,689,1.0,10000.0,36,13.83,RENT,home_improvement,0,10,28.9,0
83000.0,644,3.0,5800.0,60,16.83,OWN,home_improvement,0,9,9.5,0
27800.0,770,,1900.0,60,13.84,MORTGAGE,medical,0,8,,0
87600.0,757,5.0,9600.0,36,8.93,RENT,major_purchase,0,9,,0
42500.0,757,2.0,12600.0,60,15.49,MORTGAGE,other,0,4,37.0,0
64200.0,648,5.0,21300.0,60,19.95,OWN,debt_consolidation,1,13,37.2,0
32600.0,617,1.0,11100.0,36,16.76,MORTGAGE,debt_consolidation,0,4,35.8,0
52300.0,685,4.0,18100.0,36,15.67,MORTGAGE,other,0,14,50.2,0
56500.0,670,7.0,8700.0,36,12.72,MORTGAGE,major_purchase,0,10,27.0,0
25100.0,640,0.0,9200.0,36,19.16,OWN,debt_consolidation,1,11,,0
64500.0,604,4.0,18500.0,36,15.54,RENT,other,0,4,34.9,0
89800.0,677,3.0,3200.0,36,18.18,RENT,medical,2,9,32.9,1
45300.0,654,2.0,11000.0,36,17.05,RENT,debt_consolidation,1,8,26.3,0
90400.0,725,7.0,9000.0,36,9.89,MORTGAGE,major_purchase,0,6,13.2,0
45000.0,723,5.0,21600.0,36,16.22,MORTGAGE,major_purchase,1,16,57.0,0
71800.0,752,7.0,8400.0,60,11.46,RENT,debt_consolidation,0,9,,0
18100.0,598,1.0,14200.0,60,23.04,RENT,home_improvement,0,7,65.0,1
145600.0,706,3.0,17300.0,60,13.58,MORTGAGE,other,0,8,12.5,0
96100.0,633,2.0,5200.0,36,15.19,RENT,home_improvement,0,10,8.7,1
43100.0,601,5.0,10200.0,36,18.75,MORTGAGE,major_purchase,0,11,35.3,0
20200.0,652,4.0,8800.0,36,15.88,MORTGAGE,debt_consolidation,0,4,53.4,1
55800.0,749,3.0,17600.0,60,11.44,MORTGAGE,small_business,0,7,34.3,0
25600.0,656,10.0,15300.0,60,15.76,RENT,debt_consolidation,0,8,55.6,0
59900.0,782,1.0,9700.0,36,13.38,OWN,debt_consolidation,0,4,28.2,0
59000.0,716,20.0,6500.0,36,10.37,RENT,credit_card,0,10,15.8,0
32100.0,654,1.0,18400.0,60,18.48,MORTGAGE,small_business,0,12,57.5,1
81200.0,755,10.0,10600.0,60,13.8,MORTGAGE,credit_card,0,10,21.7,0
70400.0,709,3.0,4900.0,60,16.02,MORTGAGE,other,1,8,14.7,0
76000.0,619,15.0,5100.0,36,16.69,MORTGAGE,small_business,3,8,25.3,1
49200.0,801,0.0,13600.0,36,11.05,RENT,debt_consolidation,1,10,42.6,0
25900.0,697,3.0,5800.0,36,15.86,MORTGAGE,other,0,13,21.6,0
76100.0,681,3.0,27700.0,60,19.71,RENT,debt_consolidation,0,12,49.3,1
43400.0,624,20.0,6800.0,36,17.38,MORTGAGE,small_business,0,14,27.2,0
26200.0,757,20.0,10900.0,36,17.77,RENT,debt_consolidation,1,1,52.2,0
90100.0,714,2.0,11800.0,36,10.92,OWN,other,0,7,20.7,0
126100.0,721,7.0,7600.0,60,12.34,OWN,debt_consolidation,0,10,14.3,0
48100.0,647,5.0,3600.0,36,12.9,MORTGAGE,credit_card,0,7,13.9,0
129500.0,734,1.0,12000.0,36,11.7,MORTGAGE,credit_card,0,6,9.4,0
51100.0,739,1.0,7500.0,60,12.87,RENT,debt_consolidation,0,6,16.8,0
41300.0,637,20.0,11600.0,36,16.39,MORTGAGE,credit_card,0,9,,0
36900.0,588,4.0,10300.0,36,18.72,MORTGAGE,debt_consolidation,0,9,45.7,0
102400.0,718,1.0,12500.0,60,13.35,MORTGAGE,major_purchase,0,6,20.1,0
34500.0,578,2.0,23900.0,36,20.17,MORTGAGE,other,0,7,65.0,0
68200.0,690,2.0,8300.0,60,10.42,MORTGAGE,major_purchase,0,11,8.7,0
38100.0,651,5.0,8700.0,60,17.97,RENT,credit_card,0,6,38.6,0
39800.0,759,3.0,4800.0,36,14.73,MORTGAGE,debt_consolidation,2,11,21.1,0
77900.0,654,4.0,9900.0,60,15.16,MORTGAGE,debt_consolidation,0,9,21.5,0
41300.0,752,1.0,13400.0,36,13.77,RENT,credit_card,0,8,36.0,0
40900.0,647,3.0,8600.0,36,14.94,MORTGAGE,home_improvement,0,8,35.8,0
81600.0,745,0.0,13500.0,36,10.84,OWN,major_purchase,0,9,38.1,1
100600.0,814,15.0,10000.0,36,9.39,MORTGAGE,home_improvement,1,11,23.8,0
65500.0,611,2.0,5700.0,60,17.2,MORTGAGE,other,0,9,10.9,0
36500.0,699,10.0,12800.0,60,14.72,MORTGAGE,credit_card,0,9,44.0,0
39000.0,850,3.0,9900.0,36,10.39,OWN,home_improvement,0,7,32.8,0
50800.0,684,5.0,11600.0,36,17.02,OWN,debt_consolidation,2,11,38.4,0
56600.0,684,3.0,8200.0,36,13.27,RENT,debt_consolidation,0,9,18.8,0
31400.0,731,7.0,7900.0,60,17.02,MORTGAGE,small_business,1,9,26.6,0
67900.0,683,10.0,11800.0,36,16.27,MORTGAGE,home_improvement,0,6,19.1,0
50900.0,569,3.0,9700.0,36,19.02,MORTGAGE,credit_card,0,7,21.3,0
22700.0,754,2.0,25900.0,60,14.16,MORTGAGE,debt_consolidation,0,6,65.0,0
32300.0,550,7.0,16300.0,60,22.93,MORTGAGE,debt_consolidation,0,7,62.0,1
39100.0,653,2.0,14400.0,36,16.35,RENT,debt_consolidation,1,11,45.1,0
47400.0,758,7.0,10000.0,60,15.2,RENT,home_improvement,0,7,37.4,0
114700.0,657,1.0,4000.0,36,12.23,RENT,debt_consolidation,0,13,15.9,0
54600.0,635,7.0,7300.0,36,11.49,MORTGAGE,credit_card,0,5,17.1,0
33600.0,737,5.0,7900.0,60,15.15,RENT,home_improvement,0,12,27.6,0
54100.0,625,1.0,9500.0,60,19.51,OWN,home_improvement,1,11,38.8,1
41800.0,601,7.0,10800.0,36,18.16,RENT,home_improvement,2,9,36.3,1
56700.0,698,4.0,15200.0,36,16.91,RENT,credit_card,0,16,34.3,0
63700.0,668,2.0,12500.0,60,13.99,OWN,credit_card,0,4,29.3,0
84500.0,599,3.0,19500.0,36,20.01,MORTGAGE,major_purchase,0,9,42.4,0
48500.0,721,5.0,9400.0,36,11.19,RENT,credit_card,0,8,18.3,0
102500.0,710,1.0,12400.0,36,14.17,OWN,credit_card,0,2,26.7,0
73800.0,657,20.0,13000.0,36,13.39,MORTGAGE,other,0,16,26.1,0
35700.0,661,7.0,12400.0,36,17.85,MORTGAGE,debt_consolidation,1,9,49.2,1
132500.0,711,1.0,20800.0,36,12.15,OWN,small_business,0,8,18.0,0
56800.0,757,10.0,16300.0,36,15.03,RENT,credit_card,1,9,43.8,0
33700.0,662,3.0,5700.0,36,15.86,RENT,major_purchase,0,7,21.9,0
103100.0,723,7.0,10300.0,36,10.45,MORTGAGE,credit_card,0,7,16.2,0
124900.0,717,2.0,10900.0,60,12.31,RENT,debt_consolidation,0,8,19.1,0
